recorded_at,park_id,park_name,attraction_id,attraction_name,status,wait_time_minutes,last_updated
2026-10-02T23:27:47.429877+00:00,47f90d2c-e191-4239-a466-5892ef59a88b,EPCOT,00666fe9-7774-4b53-9fb7-3d333f8aa503,Impressions de France,OPERATING,15,2026-10-02T23:00:58.600Z
2026-10-02T23:27:47.429877+00:00,47f90d2c-e191-4239-a466-5892ef59a88b,EPCOT,07dbeaea-85fa-45f2-872f-02f9e7510419,Gallery of Arts and History,OPERATING,,2026-10-02T13:00:03.778Z
2026-10-02T23:27:47.429877+00:00,47f90d2c-e191-4239-a466-5892ef59a88b,EPCOT,0f40274d-420a-425a-9377-29fd6e49484f,House of the Whispering Willows,OPERATING,,2026-10-02T13:00:03.424Z
2026-10-02T23:27:47.429877+00:00,47f90d2c-e191-4239-a466-5892ef59a88b,EPCOT,18c533d6-a395-4ae4-9488-80fce9c497fe,Palais du Cinéma,OPERATING,,2026-10-02T12:30:00.667Z
2026-10-02T23:27:47.429877+00:00,47f90d2c-e191-4239-a466-5892ef59a88b,EPCOT,1e735ffb-4868-47f1-b2cd-2ac1156cd5f0,Remy's Ratatouille Adventure,OPERATING,55,2026-10-02T23:06:58.237Z
2026-10-02T23:27:47.429877+00:00,47f90d2c-e191-4239-a466-5892ef59a88b,EPCOT,1f542745-cda1-4786-a536-5fff373e5964,The American Adventure,OPERATING,,2026-10-02T14:45:00.416Z
2026-10-02T23:27:47.429877+00:00,47f90d2c-e191-4239-a466-5892ef59a88b,EPCOT,22f48b73-01df-460e-8969-9eb2b4ae836c,Gran Fiesta Tour Starring The Three Caballeros,OPERATING,5,2026-10-02T23:16:59.613Z
2026-10-02T23:27:47.429877+00:00,47f90d2c-e191-4239-a466-5892ef59a88b,EPCOT,2ecc4fff-2994-476f-9926-24a4af173838,Bruce's Shark World,OPERATING,,2026-10-02T13:00:03.665Z
2026-10-02T23:27:47.429877+00:00,47f90d2c-e191-4239-a466-5892ef59a88b,EPCOT,35ed719b-f7f0-488f-8346-4fbf8055d373,Disney and Pixar Short Film Festival,OPERATING,,2026-10-02T23:23:56.471Z
2026-10-02T23:27:47.429877+00:00,47f90d2c-e191-4239-a466-5892ef59a88b,EPCOT,37ae57c5-feaf-4e47-8f27-4b385be200f0,Test Track,OPERATING,75,2026-10-02T23:26:00.225Z
2026-10-02T23:27:47.429877+00:00,47f90d2c-e191-4239-a466-5892ef59a88b,EPCOT,3ace01d1-15fc-4fbb-99e4-81a696cb2d05,Kidcot Fun Stops,OPERATING,,2026-10-02T14:00:03.231Z
2026-10-02T23:27:47.429877+00:00,47f90d2c-e191-4239-a466-5892ef59a88b,EPCOT,3d8f8f8f-f984-4d2e-8dea-5a79432bdf05,Advanced Training Lab,CLOSED,,2026-10-02T22:00:04.882Z
2026-10-02T23:27:47.429877+00:00,47f90d2c-e191-4239-a466-5892ef59a88b,EPCOT,3e5f26ee-c02d-47fd-891e-5e4479073444,"ImageWorks - The ""What If"" Labs",OPERATING,,2026-10-02T13:00:03.825Z
2026-10-02T23:27:47.429877+00:00,47f90d2c-e191-4239-a466-5892ef59a88b,EPCOT,480fde8f-fe58-4bfb-b3ab-052a39d4db7c,Spaceship Earth,OPERATING,15,2026-10-02T23:23:56.537Z
2026-10-02T23:27:47.429877+00:00,47f90d2c-e191-4239-a466-5892ef59a88b,EPCOT,482169b9-2889-4747-8aef-f9d13a37d940,Awesome Planet,OPERATING,,2026-10-02T19:42:16.628Z
2026-10-02T23:27:47.429877+00:00,47f90d2c-e191-4239-a466-5892ef59a88b,EPCOT,4f0df9e7-d4c1-45b5-93e2-4a7bc92547b0,American Heritage Gallery,OPERATING,,2026-10-02T13:00:03.562Z
2026-10-02T23:27:47.429877+00:00,47f90d2c-e191-4239-a466-5892ef59a88b,EPCOT,57acb522-a6fc-4aa4-a80e-21f21f317250,Turtle Talk With Crush,OPERATING,15,2026-10-02T23:23:56.496Z
2026-10-02T23:27:47.429877+00:00,47f90d2c-e191-4239-a466-5892ef59a88b,EPCOT,5b6475ad-4e9a-4793-b841-501aa382c9c0,Mission: SPACE,OPERATING,20,2026-10-02T23:23:56.524Z
2026-10-02T23:27:47.429877+00:00,47f90d2c-e191-4239-a466-5892ef59a88b,EPCOT,61fb49f8-e62f-4e1c-ae0e-8ab9929037bc,Canada Far and Wide in Circle-Vision 360,OPERATING,15,2026-10-02T13:01:12.276Z
2026-10-02T23:27:47.429877+00:00,47f90d2c-e191-4239-a466-5892ef59a88b,EPCOT,66ff36de-9cb3-4d9a-b891-1665d19ffb3e,Stave Church Gallery,OPERATING,,2026-10-02T13:00:03.716Z
2026-10-02T23:27:47.429877+00:00,47f90d2c-e191-4239-a466-5892ef59a88b,EPCOT,6f1d3b25-42c9-4e99-9dce-6c20d7a5deea,Bijutsu-kan Gallery,OPERATING,,2026-10-02T13:00:03.894Z
2026-10-02T23:27:47.429877+00:00,47f90d2c-e191-4239-a466-5892ef59a88b,EPCOT,75449e85-c410-4cef-a368-9d2ea5d52b58,Journey Into Imagination With Figment,OPERATING,5,2026-10-02T23:23:56.505Z
2026-10-02T23:27:47.429877+00:00,47f90d2c-e191-4239-a466-5892ef59a88b,EPCOT,7969166f-feef-4350-b26e-6a6c745528f4,SeaBase Aquarium,OPERATING,,2026-10-02T12:30:00.690Z
2026-10-02T23:27:47.429877+00:00,47f90d2c-e191-4239-a466-5892ef59a88b,EPCOT,81b15dfd-cf6a-466f-be59-3dd65d2a2807,Soarin' Across America,OPERATING,55,2026-10-02T23:22:56.209Z
2026-10-02T23:27:47.429877+00:00,47f90d2c-e191-4239-a466-5892ef59a88b,EPCOT,8c8cd77d-97f6-4309-b285-42aad90e9f15,Beauty and the Beast Sing-Along,CLOSED,,2026-10-02T22:30:58.975Z
2026-10-02T23:27:47.429877+00:00,47f90d2c-e191-4239-a466-5892ef59a88b,EPCOT,8d7ccdb1-a22b-4e26-8dc8-65b1938ed5f0,Frozen Ever After,DOWN,,2026-10-02T23:24:27.652Z
2026-10-02T23:27:47.429877+00:00,47f90d2c-e191-4239-a466-5892ef59a88b,EPCOT,8f353879-d6ac-4211-9352-4029efb47c18,Living with the Land,OPERATING,10,2026-10-02T23:23:56.514Z
2026-10-02T23:27:47.429877+00:00,47f90d2c-e191-4239-a466-5892ef59a88b,EPCOT,8f8746cb-c714-4c60-848d-e2dc4e6f586b,Mexico Folk Art Gallery,OPERATING,,2026-10-02T13:00:03.865Z
2026-10-02T23:27:47.429877+00:00,47f90d2c-e191-4239-a466-5892ef59a88b,EPCOT,9053240b-7f7f-44fe-970b-bd7956cd5d4f,Project Tomorrow: Inventing the Wonders of the Future,OPERATING,,2026-10-02T13:00:03.488Z
2026-10-02T23:27:47.429877+00:00,47f90d2c-e191-4239-a466-5892ef59a88b,EPCOT,dae68dee-dfba-4128-b594-6aa12add1070,"Journey of Water, Inspired by Moana",OPERATING,,2026-10-02T12:30:54.693Z
2026-10-02T23:27:47.429877+00:00,47f90d2c-e191-4239-a466-5892ef59a88b,EPCOT,e3549451-b284-453d-9c31-e3b1207abd79,Guardians of the Galaxy: Cosmic Rewind,OPERATING,95,2026-10-02T23:24:59.233Z
2026-10-02T23:27:47.429877+00:00,47f90d2c-e191-4239-a466-5892ef59a88b,EPCOT,ee070d46-6a64-41c0-9f12-69dcfcca10a0,Reflections of China,OPERATING,15,2026-10-02T20:41:59.848Z
2026-10-02T23:27:47.429877+00:00,47f90d2c-e191-4239-a466-5892ef59a88b,EPCOT,fb076275-0570-4d62-b2a9-4d6515130fa3,The Seas with Nemo & Friends,OPERATING,5,2026-10-02T23:23:56.461Z
2026-10-03T00:35:37.849723+00:00,47f90d2c-e191-4239-a466-5892ef59a88b,EPCOT,00666fe9-7774-4b53-9fb7-3d333f8aa503,Impressions de France,OPERATING,15,2026-10-02T23:00:58.600Z
2026-10-03T00:35:37.849723+00:00,47f90d2c-e191-4239-a466-5892ef59a88b,EPCOT,07dbeaea-85fa-45f2-872f-02f9e7510419,Gallery of Arts and History,OPERATING,,2026-10-02T13:00:03.778Z
2026-10-03T00:35:37.849723+00:00,47f90d2c-e191-4239-a466-5892ef59a88b,EPCOT,0f40274d-420a-425a-9377-29fd6e49484f,House of the Whispering Willows,OPERATING,,2026-10-02T13:00:03.424Z
2026-10-03T00:35:37.849723+00:00,47f90d2c-e191-4239-a466-5892ef59a88b,EPCOT,18c533d6-a395-4ae4-9488-80fce9c497fe,Palais du Cinéma,OPERATING,,2026-10-02T12:30:00.667Z
2026-10-03T00:35:37.849723+00:00,47f90d2c-e191-4239-a466-5892ef59a88b,EPCOT,1e735ffb-4868-47f1-b2cd-2ac1156cd5f0,Remy's Ratatouille Adventure,OPERATING,50,2026-10-03T00:30:58.631Z
2026-10-03T00:35:37.849723+00:00,47f90d2c-e191-4239-a466-5892ef59a88b,EPCOT,1f542745-cda1-4786-a536-5fff373e5964,The American Adventure,CLOSED,,2026-10-03T00:30:00.530Z
2026-10-03T00:35:37.849723+00:00,47f90d2c-e191-4239-a466-5892ef59a88b,EPCOT,22f48b73-01df-460e-8969-9eb2b4ae836c,Gran Fiesta Tour Starring The Three Caballeros,OPERATING,5,2026-10-03T00:31:59.748Z
2026-10-03T00:35:37.849723+00:00,47f90d2c-e191-4239-a466-5892ef59a88b,EPCOT,2ecc4fff-2994-476f-9926-24a4af173838,Bruce's Shark World,OPERATING,,2026-10-02T13:00:03.665Z
2026-10-03T00:35:37.849723+00:00,47f90d2c-e191-4239-a466-5892ef59a88b,EPCOT,35ed719b-f7f0-488f-8346-4fbf8055d373,Disney and Pixar Short Film Festival,OPERATING,,2026-10-03T00:33:44.700Z
2026-10-03T00:35:37.849723+00:00,47f90d2c-e191-4239-a466-5892ef59a88b,EPCOT,37ae57c5-feaf-4e47-8f27-4b385be200f0,Test Track,OPERATING,65,2026-10-02T23:59:59.829Z
2026-10-03T00:35:37.849723+00:00,47f90d2c-e191-4239-a466-5892ef59a88b,EPCOT,3ace01d1-15fc-4fbb-99e4-81a696cb2d05,Kidcot Fun Stops,OPERATING,,2026-10-02T14:00:03.231Z
2026-10-03T00:35:37.849723+00:00,47f90d2c-e191-4239-a466-5892ef59a88b,EPCOT,3d8f8f8f-f984-4d2e-8dea-5a79432bdf05,Advanced Training Lab,CLOSED,,2026-10-02T22:00:04.882Z
2026-10-03T00:35:37.849723+00:00,47f90d2c-e191-4239-a466-5892ef59a88b,EPCOT,3e5f26ee-c02d-47fd-891e-5e4479073444,"ImageWorks - The ""What If"" Labs",OPERATING,,2026-10-02T13:00:03.825Z
2026-10-03T00:35:37.849723+00:00,47f90d2c-e191-4239-a466-5892ef59a88b,EPCOT,480fde8f-fe58-4bfb-b3ab-052a39d4db7c,Spaceship Earth,OPERATING,15,2026-10-03T00:33:44.743Z
2026-10-03T00:35:37.849723+00:00,47f90d2c-e191-4239-a466-5892ef59a88b,EPCOT,482169b9-2889-4747-8aef-f9d13a37d940,Awesome Planet,OPERATING,,2026-10-02T19:42:16.628Z
2026-10-03T00:35:37.849723+00:00,47f90d2c-e191-4239-a466-5892ef59a88b,EPCOT,4f0df9e7-d4c1-45b5-93e2-4a7bc92547b0,American Heritage Gallery,OPERATING,,2026-10-02T13:00:03.562Z
2026-10-03T00:35:37.849723+00:00,47f90d2c-e191-4239-a466-5892ef59a88b,EPCOT,57acb522-a6fc-4aa4-a80e-21f21f317250,Turtle Talk With Crush,OPERATING,15,2026-10-03T00:15:17.296Z
2026-10-03T00:35:37.849723+00:00,47f90d2c-e191-4239-a466-5892ef59a88b,EPCOT,5b6475ad-4e9a-4793-b841-501aa382c9c0,Mission: SPACE,OPERATING,10,2026-10-03T00:33:44.735Z
2026-10-03T00:35:37.849723+00:00,47f90d2c-e191-4239-a466-5892ef59a88b,EPCOT,61fb49f8-e62f-4e1c-ae0e-8ab9929037bc,Canada Far and Wide in Circle-Vision 360,OPERATING,15,2026-10-02T13:01:12.276Z
2026-10-03T00:35:37.849723+00:00,47f90d2c-e191-4239-a466-5892ef59a88b,EPCOT,66ff36de-9cb3-4d9a-b891-1665d19ffb3e,Stave Church Gallery,OPERATING,,2026-10-02T13:00:03.716Z
2026-10-03T00:35:37.849723+00:00,47f90d2c-e191-4239-a466-5892ef59a88b,EPCOT,6f1d3b25-42c9-4e99-9dce-6c20d7a5deea,Bijutsu-kan Gallery,OPERATING,,2026-10-02T13:00:03.894Z
2026-10-03T00:35:37.849723+00:00,47f90d2c-e191-4239-a466-5892ef59a88b,EPCOT,75449e85-c410-4cef-a368-9d2ea5d52b58,Journey Into Imagination With Figment,OPERATING,5,2026-10-03T00:33:44.717Z
2026-10-03T00:35:37.849723+00:00,47f90d2c-e191-4239-a466-5892ef59a88b,EPCOT,7969166f-feef-4350-b26e-6a6c745528f4,SeaBase Aquarium,OPERATING,,2026-10-02T12:30:00.690Z
2026-10-03T00:35:37.849723+00:00,47f90d2c-e191-4239-a466-5892ef59a88b,EPCOT,81b15dfd-cf6a-466f-be59-3dd65d2a2807,Soarin' Across America,OPERATING,20,2026-10-03T00:32:59.507Z
2026-10-03T00:35:37.849723+00:00,47f90d2c-e191-4239-a466-5892ef59a88b,EPCOT,8c8cd77d-97f6-4309-b285-42aad90e9f15,Beauty and the Beast Sing-Along,CLOSED,,2026-10-02T22:30:58.975Z
2026-10-03T00:35:37.849723+00:00,47f90d2c-e191-4239-a466-5892ef59a88b,EPCOT,8d7ccdb1-a22b-4e26-8dc8-65b1938ed5f0,Frozen Ever After,DOWN,,2026-10-02T23:27:17.416Z
2026-10-03T00:35:37.849723+00:00,47f90d2c-e191-4239-a466-5892ef59a88b,EPCOT,8f353879-d6ac-4211-9352-4029efb47c18,Living with the Land,OPERATING,5,2026-10-03T00:33:44.727Z
2026-10-03T00:35:37.849723+00:00,47f90d2c-e191-4239-a466-5892ef59a88b,EPCOT,8f8746cb-c714-4c60-848d-e2dc4e6f586b,Mexico Folk Art Gallery,OPERATING,,2026-10-02T13:00:03.865Z
2026-10-03T00:35:37.849723+00:00,47f90d2c-e191-4239-a466-5892ef59a88b,EPCOT,9053240b-7f7f-44fe-970b-bd7956cd5d4f,Project Tomorrow: Inventing the Wonders of the Future,OPERATING,,2026-10-02T13:00:03.488Z
2026-10-03T00:35:37.849723+00:00,47f90d2c-e191-4239-a466-5892ef59a88b,EPCOT,dae68dee-dfba-4128-b594-6aa12add1070,"Journey of Water, Inspired by Moana",OPERATING,,2026-10-02T12:30:54.693Z
2026-10-03T00:35:37.849723+00:00,47f90d2c-e191-4239-a466-5892ef59a88b,EPCOT,e3549451-b284-453d-9c31-e3b1207abd79,Guardians of the Galaxy: Cosmic Rewind,OPERATING,95,2026-10-03T00:16:57.722Z
2026-10-03T00:35:37.849723+00:00,47f90d2c-e191-4239-a466-5892ef59a88b,EPCOT,ee070d46-6a64-41c0-9f12-69dcfcca10a0,Reflections of China,OPERATING,15,2026-10-02T20:41:59.848Z
2026-10-03T00:35:37.849723+00:00,47f90d2c-e191-4239-a466-5892ef59a88b,EPCOT,fb076275-0570-4d62-b2a9-4d6515130fa3,The Seas with Nemo & Friends,OPERATING,5,2026-10-03T00:33:44.692Z
2026-10-03T15:02:59.268523+00:00,47f90d2c-e191-4239-a466-5892ef59a88b,EPCOT,00666fe9-7774-4b53-9fb7-3d333f8aa503,Impressions de France,CLOSED,,2026-10-03T13:31:12.223Z
2026-10-03T15:02:59.268523+00:00,47f90d2c-e191-4239-a466-5892ef59a88b,EPCOT,07dbeaea-85fa-45f2-872f-02f9e7510419,Gallery of Arts and History,OPERATING,,2026-10-03T13:00:00.676Z
2026-10-03T15:02:59.268523+00:00,47f90d2c-e191-4239-a466-5892ef59a88b,EPCOT,0f40274d-420a-425a-9377-29fd6e49484f,House of the Whispering Willows,OPERATING,,2026-10-03T13:00:00.541Z
2026-10-03T15:02:59.268523+00:00,47f90d2c-e191-4239-a466-5892ef59a88b,EPCOT,18c533d6-a395-4ae4-9488-80fce9c497fe,Palais du Cinéma,OPERATING,,2026-10-03T12:30:00.699Z
2026-10-03T15:02:59.268523+00:00,47f90d2c-e191-4239-a466-5892ef59a88b,EPCOT,1e735ffb-4868-47f1-b2cd-2ac1156cd5f0,Remy's Ratatouille Adventure,OPERATING,40,2026-10-03T14:56:05.545Z
2026-10-03T15:02:59.268523+00:00,47f90d2c-e191-4239-a466-5892ef59a88b,EPCOT,1f542745-cda1-4786-a536-5fff373e5964,The American Adventure,OPERATING,,2026-10-03T14:45:00.561Z
2026-10-03T15:02:59.268523+00:00,47f90d2c-e191-4239-a466-5892ef59a88b,EPCOT,22f48b73-01df-460e-8969-9eb2b4ae836c,Gran Fiesta Tour Starring The Three Caballeros,OPERATING,5,2026-10-03T13:06:04.639Z
2026-10-03T15:02:59.268523+00:00,47f90d2c-e191-4239-a466-5892ef59a88b,EPCOT,2ecc4fff-2994-476f-9926-24a4af173838,Bruce's Shark World,OPERATING,,2026-10-03T13:00:00.622Z
2026-10-03T15:02:59.268523+00:00,47f90d2c-e191-4239-a466-5892ef59a88b,EPCOT,35ed719b-f7f0-488f-8346-4fbf8055d373,Disney and Pixar Short Film Festival,OPERATING,,2026-10-03T14:54:11.484Z
2026-10-03T15:02:59.268523+00:00,47f90d2c-e191-4239-a466-5892ef59a88b,EPCOT,37ae57c5-feaf-4e47-8f27-4b385be200f0,Test Track,OPERATING,75,2026-10-03T14:53:17.441Z
2026-10-03T15:02:59.268523+00:00,47f90d2c-e191-4239-a466-5892ef59a88b,EPCOT,3ace01d1-15fc-4fbb-99e4-81a696cb2d05,Kidcot Fun Stops,OPERATING,,2026-10-03T14:00:01.142Z
2026-10-03T15:02:59.268523+00:00,47f90d2c-e191-4239-a466-5892ef59a88b,EPCOT,3d8f8f8f-f984-4d2e-8dea-5a79432bdf05,Advanced Training Lab,CLOSED,,2026-10-03T09:55:06.778Z
2026-10-03T15:02:59.268523+00:00,47f90d2c-e191-4239-a466-5892ef59a88b,EPCOT,3e5f26ee-c02d-47fd-891e-5e4479073444,"ImageWorks - The ""What If"" Labs",OPERATING,,2026-10-03T13:00:00.690Z
2026-10-03T15:02:59.268523+00:00,47f90d2c-e191-4239-a466-5892ef59a88b,EPCOT,480fde8f-fe58-4bfb-b3ab-052a39d4db7c,Spaceship Earth,OPERATING,30,2026-10-03T14:58:52.639Z
2026-10-03T15:02:59.268523+00:00,47f90d2c-e191-4239-a466-5892ef59a88b,EPCOT,482169b9-2889-4747-8aef-f9d13a37d940,Awesome Planet,OPERATING,,2026-10-03T13:01:08.167Z
2026-10-03T15:02:59.268523+00:00,47f90d2c-e191-4239-a466-5892ef59a88b,EPCOT,4f0df9e7-d4c1-45b5-93e2-4a7bc92547b0,American Heritage Gallery,OPERATING,,2026-10-03T13:00:00.597Z
2026-10-03T15:02:59.268523+00:00,47f90d2c-e191-4239-a466-5892ef59a88b,EPCOT,57acb522-a6fc-4aa4-a80e-21f21f317250,Turtle Talk With Crush,OPERATING,15,2026-10-03T14:58:52.516Z
2026-10-03T15:02:59.268523+00:00,47f90d2c-e191-4239-a466-5892ef59a88b,EPCOT,5b6475ad-4e9a-4793-b841-501aa382c9c0,Mission: SPACE,OPERATING,25,2026-10-03T14:58:52.616Z
2026-10-03T15:02:59.268523+00:00,47f90d2c-e191-4239-a466-5892ef59a88b,EPCOT,61fb49f8-e62f-4e1c-ae0e-8ab9929037bc,Canada Far and Wide in Circle-Vision 360,OPERATING,15,2026-10-03T13:03:06.625Z
2026-10-03T15:02:59.268523+00:00,47f90d2c-e191-4239-a466-5892ef59a88b,EPCOT,66ff36de-9cb3-4d9a-b891-1665d19ffb3e,Stave Church Gallery,OPERATING,,2026-10-03T13:00:00.638Z
2026-10-03T15:02:59.268523+00:00,47f90d2c-e191-4239-a466-5892ef59a88b,EPCOT,6f1d3b25-42c9-4e99-9dce-6c20d7a5deea,Bijutsu-kan Gallery,OPERATING,,2026-10-03T13:00:00.725Z
2026-10-03T15:02:59.268523+00:00,47f90d2c-e191-4239-a466-5892ef59a88b,EPCOT,75449e85-c410-4cef-a368-9d2ea5d52b58,Journey Into Imagination With Figment,OPERATING,25,2026-10-03T14:58:52.559Z
2026-10-03T15:02:59.268523+00:00,47f90d2c-e191-4239-a466-5892ef59a88b,EPCOT,7969166f-feef-4350-b26e-6a6c745528f4,SeaBase Aquarium,OPERATING,,2026-10-03T12:30:00.716Z
2026-10-03T15:02:59.268523+00:00,47f90d2c-e191-4239-a466-5892ef59a88b,EPCOT,81b15dfd-cf6a-466f-be59-3dd65d2a2807,Soarin' Across America,OPERATING,40,2026-10-03T14:58:42.734Z
2026-10-03T15:02:59.268523+00:00,47f90d2c-e191-4239-a466-5892ef59a88b,EPCOT,8c8cd77d-97f6-4309-b285-42aad90e9f15,Beauty and the Beast Sing-Along,OPERATING,,2026-10-03T14:02:28.113Z
2026-10-03T15:02:59.268523+00:00,47f90d2c-e191-4239-a466-5892ef59a88b,EPCOT,8d7ccdb1-a22b-4e26-8dc8-65b1938ed5f0,Frozen Ever After,OPERATING,60,2026-10-03T14:49:04.548Z
2026-10-03T15:02:59.268523+00:00,47f90d2c-e191-4239-a466-5892ef59a88b,EPCOT,8f353879-d6ac-4211-9352-4029efb47c18,Living with the Land,OPERATING,25,2026-10-03T14:58:52.592Z
2026-10-03T15:02:59.268523+00:00,47f90d2c-e191-4239-a466-5892ef59a88b,EPCOT,8f8746cb-c714-4c60-848d-e2dc4e6f586b,Mexico Folk Art Gallery,OPERATING,,2026-10-03T13:00:00.707Z
2026-10-03T15:02:59.268523+00:00,47f90d2c-e191-4239-a466-5892ef59a88b,EPCOT,9053240b-7f7f-44fe-970b-bd7956cd5d4f,Project Tomorrow: Inventing the Wonders of the Future,OPERATING,,2026-10-03T13:00:00.581Z
2026-10-03T15:02:59.268523+00:00,47f90d2c-e191-4239-a466-5892ef59a88b,EPCOT,dae68dee-dfba-4128-b594-6aa12add1070,"Journey of Water, Inspired by Moana",OPERATING,,2026-10-03T12:31:06.880Z
2026-10-03T15:02:59.268523+00:00,47f90d2c-e191-4239-a466-5892ef59a88b,EPCOT,e3549451-b284-453d-9c31-e3b1207abd79,Guardians of the Galaxy: Cosmic Rewind,OPERATING,95,2026-10-03T15:01:16.856Z
2026-10-03T15:02:59.268523+00:00,47f90d2c-e191-4239-a466-5892ef59a88b,EPCOT,ee070d46-6a64-41c0-9f12-69dcfcca10a0,Reflections of China,OPERATING,15,2026-10-03T13:43:04.813Z
2026-10-03T15:02:59.268523+00:00,47f90d2c-e191-4239-a466-5892ef59a88b,EPCOT,fb076275-0570-4d62-b2a9-4d6515130fa3,The Seas with Nemo & Friends,OPERATING,20,2026-10-03T14:58:52.405Z
2026-10-03T18:45:39.691824+00:00,47f90d2c-e191-4239-a466-5892ef59a88b,EPCOT,00666fe9-7774-4b53-9fb7-3d333f8aa503,Impressions de France,CLOSED,,2026-10-03T13:31:12.223Z
2026-10-03T18:45:39.691824+00:00,47f90d2c-e191-4239-a466-5892ef59a88b,EPCOT,07dbeaea-85fa-45f2-872f-02f9e7510419,Gallery of Arts and History,OPERATING,,2026-10-03T13:00:00.676Z
2026-10-03T18:45:39.691824+00:00,47f90d2c-e191-4239-a466-5892ef59a88b,EPCOT,0f40274d-420a-425a-9377-29fd6e49484f,House of the Whispering Willows,OPERATING,,2026-10-03T13:00:00.541Z
2026-10-03T18:45:39.691824+00:00,47f90d2c-e191-4239-a466-5892ef59a88b,EPCOT,18c533d6-a395-4ae4-9488-80fce9c497fe,Palais du Cinéma,OPERATING,,2026-10-03T12:30:00.699Z
2026-10-03T18:45:39.691824+00:00,47f90d2c-e191-4239-a466-5892ef59a88b,EPCOT,1e735ffb-4868-47f1-b2cd-2ac1156cd5f0,Remy's Ratatouille Adventure,OPERATING,55,2026-10-03T18:30:08.345Z
2026-10-03T18:45:39.691824+00:00,47f90d2c-e191-4239-a466-5892ef59a88b,EPCOT,1f542745-cda1-4786-a536-5fff373e5964,The American Adventure,OPERATING,,2026-10-03T14:45:00.561Z
2026-10-03T18:45:39.691824+00:00,47f90d2c-e191-4239-a466-5892ef59a88b,EPCOT,22f48b73-01df-460e-8969-9eb2b4ae836c,Gran Fiesta Tour Starring The Three Caballeros,OPERATING,15,2026-10-03T17:43:06.050Z
2026-10-03T18:45:39.691824+00:00,47f90d2c-e191-4239-a466-5892ef59a88b,EPCOT,2ecc4fff-2994-476f-9926-24a4af173838,Bruce's Shark World,OPERATING,,2026-10-03T13:00:00.622Z
2026-10-03T18:45:39.691824+00:00,47f90d2c-e191-4239-a466-5892ef59a88b,EPCOT,35ed719b-f7f0-488f-8346-4fbf8055d373,Disney and Pixar Short Film Festival,OPERATING,,2026-10-03T18:42:56.423Z
2026-10-03T18:45:39.691824+00:00,47f90d2c-e191-4239-a466-5892ef59a88b,EPCOT,37ae57c5-feaf-4e47-8f27-4b385be200f0,Test Track,OPERATING,70,2026-10-03T17:44:08.236Z
2026-10-03T18:45:39.691824+00:00,47f90d2c-e191-4239-a466-5892ef59a88b,EPCOT,3ace01d1-15fc-4fbb-99e4-81a696cb2d05,Kidcot Fun Stops,OPERATING,,2026-10-03T14:00:01.142Z
2026-10-03T18:45:39.691824+00:00,47f90d2c-e191-4239-a466-5892ef59a88b,EPCOT,3d8f8f8f-f984-4d2e-8dea-5a79432bdf05,Advanced Training Lab,OPERATING,,2026-10-03T16:00:02.562Z
2026-10-03T18:45:39.691824+00:00,47f90d2c-e191-4239-a466-5892ef59a88b,EPCOT,3e5f26ee-c02d-47fd-891e-5e4479073444,"ImageWorks - The ""What If"" Labs",OPERATING,,2026-10-03T13:00:00.690Z
2026-10-03T18:45:39.691824+00:00,47f90d2c-e191-4239-a466-5892ef59a88b,EPCOT,480fde8f-fe58-4bfb-b3ab-052a39d4db7c,Spaceship Earth,OPERATING,20,2026-10-03T18:42:56.567Z
2026-10-03T18:45:39.691824+00:00,47f90d2c-e191-4239-a466-5892ef59a88b,EPCOT,482169b9-2889-4747-8aef-f9d13a37d940,Awesome Planet,OPERATING,,2026-10-03T13:01:08.167Z
2026-10-03T18:45:39.691824+00:00,47f90d2c-e191-4239-a466-5892ef59a88b,EPCOT,4f0df9e7-d4c1-45b5-93e2-4a7bc92547b0,American Heritage Gallery,OPERATING,,2026-10-03T13:00:00.597Z
2026-10-03T18:45:39.691824+00:00,47f90d2c-e191-4239-a466-5892ef59a88b,EPCOT,57acb522-a6fc-4aa4-a80e-21f21f317250,Turtle Talk With Crush,OPERATING,15,2026-10-03T18:42:56.484Z
2026-10-03T18:45:39.691824+00:00,47f90d2c-e191-4239-a466-5892ef59a88b,EPCOT,5b6475ad-4e9a-4793-b841-501aa382c9c0,Mission: SPACE,OPERATING,15,2026-10-03T18:42:56.544Z
2026-10-03T18:45:39.691824+00:00,47f90d2c-e191-4239-a466-5892ef59a88b,EPCOT,61fb49f8-e62f-4e1c-ae0e-8ab9929037bc,Canada Far and Wide in Circle-Vision 360,OPERATING,15,2026-10-03T13:03:06.625Z
2026-10-03T18:45:39.691824+00:00,47f90d2c-e191-4239-a466-5892ef59a88b,EPCOT,66ff36de-9cb3-4d9a-b891-1665d19ffb3e,Stave Church Gallery,OPERATING,,2026-10-03T13:00:00.638Z
2026-10-03T18:45:39.691824+00:00,47f90d2c-e191-4239-a466-5892ef59a88b,EPCOT,6f1d3b25-42c9-4e99-9dce-6c20d7a5deea,Bijutsu-kan Gallery,OPERATING,,2026-10-03T13:00:00.725Z
2026-10-03T18:45:39.691824+00:00,47f90d2c-e191-4239-a466-5892ef59a88b,EPCOT,75449e85-c410-4cef-a368-9d2ea5d52b58,Journey Into Imagination With Figment,OPERATING,20,2026-10-03T18:42:56.511Z
2026-10-03T18:45:39.691824+00:00,47f90d2c-e191-4239-a466-5892ef59a88b,EPCOT,7969166f-feef-4350-b26e-6a6c745528f4,SeaBase Aquarium,OPERATING,,2026-10-03T12:30:00.716Z
2026-10-03T18:45:39.691824+00:00,47f90d2c-e191-4239-a466-5892ef59a88b,EPCOT,81b15dfd-cf6a-466f-be59-3dd65d2a2807,Soarin' Across America,OPERATING,55,2026-10-03T18:42:56.476Z
2026-10-03T18:45:39.691824+00:00,47f90d2c-e191-4239-a466-5892ef59a88b,EPCOT,8c8cd77d-97f6-4309-b285-42aad90e9f15,Beauty and the Beast Sing-Along,OPERATING,15,2026-10-03T15:58:17.619Z
2026-10-03T18:45:39.691824+00:00,47f90d2c-e191-4239-a466-5892ef59a88b,EPCOT,8d7ccdb1-a22b-4e26-8dc8-65b1938ed5f0,Frozen Ever After,OPERATING,75,2026-10-03T17:59:08.201Z
2026-10-03T18:45:39.691824+00:00,47f90d2c-e191-4239-a466-5892ef59a88b,EPCOT,8f353879-d6ac-4211-9352-4029efb47c18,Living with the Land,OPERATING,25,2026-10-03T18:44:09.064Z
2026-10-03T18:45:39.691824+00:00,47f90d2c-e191-4239-a466-5892ef59a88b,EPCOT,8f8746cb-c714-4c60-848d-e2dc4e6f586b,Mexico Folk Art Gallery,OPERATING,,2026-10-03T13:00:00.707Z
2026-10-03T18:45:39.691824+00:00,47f90d2c-e191-4239-a466-5892ef59a88b,EPCOT,9053240b-7f7f-44fe-970b-bd7956cd5d4f,Project Tomorrow: Inventing the Wonders of the Future,OPERATING,,2026-10-03T13:00:00.581Z
2026-10-03T18:45:39.691824+00:00,47f90d2c-e191-4239-a466-5892ef59a88b,EPCOT,dae68dee-dfba-4128-b594-6aa12add1070,"Journey of Water, Inspired by Moana",OPERATING,,2026-10-03T12:31:06.880Z
2026-10-03T18:45:39.691824+00:00,47f90d2c-e191-4239-a466-5892ef59a88b,EPCOT,e3549451-b284-453d-9c31-e3b1207abd79,Guardians of the Galaxy: Cosmic Rewind,OPERATING,125,2026-10-03T18:38:09.981Z
2026-10-03T18:45:39.691824+00:00,47f90d2c-e191-4239-a466-5892ef59a88b,EPCOT,ee070d46-6a64-41c0-9f12-69dcfcca10a0,Reflections of China,OPERATING,15,2026-10-03T13:43:04.813Z
2026-10-03T18:45:39.691824+00:00,47f90d2c-e191-4239-a466-5892ef59a88b,EPCOT,fb076275-0570-4d62-b2a9-4d6515130fa3,The Seas with Nemo & Friends,DOWN,,2026-10-03T18:39:27.065Z
2026-10-03T21:55:54.377583+00:00,47f90d2c-e191-4239-a466-5892ef59a88b,EPCOT,00666fe9-7774-4b53-9fb7-3d333f8aa503,Impressions de France,CLOSED,,2026-10-03T13:31:12.223Z
2026-10-03T21:55:54.377583+00:00,47f90d2c-e191-4239-a466-5892ef59a88b,EPCOT,07dbeaea-85fa-45f2-872f-02f9e7510419,Gallery of Arts and History,OPERATING,,2026-10-03T13:00:00.676Z
2026-10-03T21:55:54.377583+00:00,47f90d2c-e191-4239-a466-5892ef59a88b,EPCOT,0f40274d-420a-425a-9377-29fd6e49484f,House of the Whispering Willows,OPERATING,,2026-10-03T13:00:00.541Z
2026-10-03T21:55:54.377583+00:00,47f90d2c-e191-4239-a466-5892ef59a88b,EPCOT,18c533d6-a395-4ae4-9488-80fce9c497fe,Palais du Cinéma,OPERATING,,2026-10-03T12:30:00.699Z
2026-10-03T21:55:54.377583+00:00,47f90d2c-e191-4239-a466-5892ef59a88b,EPCOT,1e735ffb-4868-47f1-b2cd-2ac1156cd5f0,Remy's Ratatouille Adventure,OPERATING,45,2026-10-03T21:45:08.184Z
2026-10-03T21:55:54.377583+00:00,47f90d2c-e191-4239-a466-5892ef59a88b,EPCOT,1f542745-cda1-4786-a536-5fff373e5964,The American Adventure,OPERATING,,2026-10-03T14:45:00.561Z
2026-10-03T21:55:54.377583+00:00,47f90d2c-e191-4239-a466-5892ef59a88b,EPCOT,22f48b73-01df-460e-8969-9eb2b4ae836c,Gran Fiesta Tour Starring The Three Caballeros,OPERATING,5,2026-10-03T21:41:06.555Z
2026-10-03T21:55:54.377583+00:00,47f90d2c-e191-4239-a466-5892ef59a88b,EPCOT,2ecc4fff-2994-476f-9926-24a4af173838,Bruce's Shark World,OPERATING,,2026-10-03T13:00:00.622Z
2026-10-03T21:55:54.377583+00:00,47f90d2c-e191-4239-a466-5892ef59a88b,EPCOT,35ed719b-f7f0-488f-8346-4fbf8055d373,Disney and Pixar Short Film Festival,OPERATING,,2026-10-03T21:54:04.718Z
2026-10-03T21:55:54.377583+00:00,47f90d2c-e191-4239-a466-5892ef59a88b,EPCOT,37ae57c5-feaf-4e47-8f27-4b385be200f0,Test Track,DOWN,,2026-10-03T19:54:16.365Z
2026-10-03T21:55:54.377583+00:00,47f90d2c-e191-4239-a466-5892ef59a88b,EPCOT,3ace01d1-15fc-4fbb-99e4-81a696cb2d05,Kidcot Fun Stops,OPERATING,,2026-10-03T14:00:01.142Z
2026-10-03T21:55:54.377583+00:00,47f90d2c-e191-4239-a466-5892ef59a88b,EPCOT,3d8f8f8f-f984-4d2e-8dea-5a79432bdf05,Advanced Training Lab,OPERATING,,2026-10-03T16:00:02.562Z
2026-10-03T21:55:54.377583+00:00,47f90d2c-e191-4239-a466-5892ef59a88b,EPCOT,3e5f26ee-c02d-47fd-891e-5e4479073444,"ImageWorks - The ""What If"" Labs",OPERATING,,2026-10-03T13:00:00.690Z
2026-10-03T21:55:54.377583+00:00,47f90d2c-e191-4239-a466-5892ef59a88b,EPCOT,480fde8f-fe58-4bfb-b3ab-052a39d4db7c,Spaceship Earth,OPERATING,10,2026-10-03T21:49:38.139Z
2026-10-03T21:55:54.377583+00:00,47f90d2c-e191-4239-a466-5892ef59a88b,EPCOT,482169b9-2889-4747-8aef-f9d13a37d940,Awesome Planet,OPERATING,,2026-10-03T13:01:08.167Z
2026-10-03T21:55:54.377583+00:00,47f90d2c-e191-4239-a466-5892ef59a88b,EPCOT,4f0df9e7-d4c1-45b5-93e2-4a7bc92547b0,American Heritage Gallery,OPERATING,,2026-10-03T13:00:00.597Z
2026-10-03T21:55:54.377583+00:00,47f90d2c-e191-4239-a466-5892ef59a88b,EPCOT,57acb522-a6fc-4aa4-a80e-21f21f317250,Turtle Talk With Crush,OPERATING,15,2026-10-03T21:54:04.759Z
2026-10-03T21:55:54.377583+00:00,47f90d2c-e191-4239-a466-5892ef59a88b,EPCOT,5b6475ad-4e9a-4793-b841-501aa382c9c0,Mission: SPACE,OPERATING,15,2026-10-03T21:54:04.809Z
2026-10-03T21:55:54.377583+00:00,47f90d2c-e191-4239-a466-5892ef59a88b,EPCOT,61fb49f8-e62f-4e1c-ae0e-8ab9929037bc,Canada Far and Wide in Circle-Vision 360,OPERATING,15,2026-10-03T13:03:06.625Z
2026-10-03T21:55:54.377583+00:00,47f90d2c-e191-4239-a466-5892ef59a88b,EPCOT,66ff36de-9cb3-4d9a-b891-1665d19ffb3e,Stave Church Gallery,OPERATING,,2026-10-03T13:00:00.638Z
2026-10-03T21:55:54.377583+00:00,47f90d2c-e191-4239-a466-5892ef59a88b,EPCOT,6f1d3b25-42c9-4e99-9dce-6c20d7a5deea,Bijutsu-kan Gallery,OPERATING,,2026-10-03T13:00:00.725Z
2026-10-03T21:55:54.377583+00:00,47f90d2c-e191-4239-a466-5892ef59a88b,EPCOT,75449e85-c410-4cef-a368-9d2ea5d52b58,Journey Into Imagination With Figment,OPERATING,15,2026-10-03T21:54:04.786Z
2026-10-03T21:55:54.377583+00:00,47f90d2c-e191-4239-a466-5892ef59a88b,EPCOT,7969166f-feef-4350-b26e-6a6c745528f4,SeaBase Aquarium,OPERATING,,2026-10-03T12:30:00.716Z
2026-10-03T21:55:54.377583+00:00,47f90d2c-e191-4239-a466-5892ef59a88b,EPCOT,81b15dfd-cf6a-466f-be59-3dd65d2a2807,Soarin' Across America,OPERATING,60,2026-10-03T21:53:47.868Z
2026-10-03T21:55:54.377583+00:00,47f90d2c-e191-4239-a466-5892ef59a88b,EPCOT,8c8cd77d-97f6-4309-b285-42aad90e9f15,Beauty and the Beast Sing-Along,OPERATING,15,2026-10-03T15:58:17.619Z
2026-10-03T21:55:54.377583+00:00,47f90d2c-e191-4239-a466-5892ef59a88b,EPCOT,8d7ccdb1-a22b-4e26-8dc8-65b1938ed5f0,Frozen Ever After,OPERATING,45,2026-10-03T21:53:07.640Z
2026-10-03T21:55:54.377583+00:00,47f90d2c-e191-4239-a466-5892ef59a88b,EPCOT,8f353879-d6ac-4211-9352-4029efb47c18,Living with the Land,OPERATING,10,2026-10-03T21:54:04.793Z
2026-10-03T21:55:54.377583+00:00,47f90d2c-e191-4239-a466-5892ef59a88b,EPCOT,8f8746cb-c714-4c60-848d-e2dc4e6f586b,Mexico Folk Art Gallery,OPERATING,,2026-10-03T13:00:00.707Z
2026-10-03T21:55:54.377583+00:00,47f90d2c-e191-4239-a466-5892ef59a88b,EPCOT,9053240b-7f7f-44fe-970b-bd7956cd5d4f,Project Tomorrow: Inventing the Wonders of the Future,OPERATING,,2026-10-03T13:00:00.581Z
2026-10-03T21:55:54.377583+00:00,47f90d2c-e191-4239-a466-5892ef59a88b,EPCOT,dae68dee-dfba-4128-b594-6aa12add1070,"Journey of Water, Inspired by Moana",OPERATING,,2026-10-03T20:48:27.781Z
2026-10-03T21:55:54.377583+00:00,47f90d2c-e191-4239-a466-5892ef59a88b,EPCOT,e3549451-b284-453d-9c31-e3b1207abd79,Guardians of the Galaxy: Cosmic Rewind,OPERATING,115,2026-10-03T21:55:07.121Z
2026-10-03T21:55:54.377583+00:00,47f90d2c-e191-4239-a466-5892ef59a88b,EPCOT,ee070d46-6a64-41c0-9f12-69dcfcca10a0,Reflections of China,OPERATING,15,2026-10-03T13:43:04.813Z
2026-10-03T21:55:54.377583+00:00,47f90d2c-e191-4239-a466-5892ef59a88b,EPCOT,fb076275-0570-4d62-b2a9-4d6515130fa3,The Seas with Nemo & Friends,OPERATING,10,2026-10-03T21:54:10.415Z
2026-10-04T00:17:38.073254+00:00,47f90d2c-e191-4239-a466-5892ef59a88b,EPCOT,00666fe9-7774-4b53-9fb7-3d333f8aa503,Impressions de France,OPERATING,25,2026-10-03T23:00:20.965Z
2026-10-04T00:17:38.073254+00:00,47f90d2c-e191-4239-a466-5892ef59a88b,EPCOT,07dbeaea-85fa-45f2-872f-02f9e7510419,Gallery of Arts and History,OPERATING,,2026-10-03T13:00:00.676Z
2026-10-04T00:17:38.073254+00:00,47f90d2c-e191-4239-a466-5892ef59a88b,EPCOT,0f40274d-420a-425a-9377-29fd6e49484f,House of the Whispering Willows,OPERATING,,2026-10-03T13:00:00.541Z
2026-10-04T00:17:38.073254+00:00,47f90d2c-e191-4239-a466-5892ef59a88b,EPCOT,18c533d6-a395-4ae4-9488-80fce9c497fe,Palais du Cinéma,OPERATING,,2026-10-03T12:30:00.699Z
2026-10-04T00:17:38.073254+00:00,47f90d2c-e191-4239-a466-5892ef59a88b,EPCOT,1e735ffb-4868-47f1-b2cd-2ac1156cd5f0,Remy's Ratatouille Adventure,OPERATING,45,2026-10-04T00:04:24.006Z
2026-10-04T00:17:38.073254+00:00,47f90d2c-e191-4239-a466-5892ef59a88b,EPCOT,1f542745-cda1-4786-a536-5fff373e5964,The American Adventure,OPERATING,,2026-10-03T14:45:00.561Z
2026-10-04T00:17:38.073254+00:00,47f90d2c-e191-4239-a466-5892ef59a88b,EPCOT,22f48b73-01df-460e-8969-9eb2b4ae836c,Gran Fiesta Tour Starring The Three Caballeros,DOWN,,2026-10-04T00:11:19.944Z
2026-10-04T00:17:38.073254+00:00,47f90d2c-e191-4239-a466-5892ef59a88b,EPCOT,2ecc4fff-2994-476f-9926-24a4af173838,Bruce's Shark World,OPERATING,,2026-10-03T13:00:00.622Z
2026-10-04T00:17:38.073254+00:00,47f90d2c-e191-4239-a466-5892ef59a88b,EPCOT,35ed719b-f7f0-488f-8346-4fbf8055d373,Disney and Pixar Short Film Festival,OPERATING,,2026-10-04T00:14:20.023Z
2026-10-04T00:17:38.073254+00:00,47f90d2c-e191-4239-a466-5892ef59a88b,EPCOT,37ae57c5-feaf-4e47-8f27-4b385be200f0,Test Track,OPERATING,60,2026-10-03T23:46:19.686Z
2026-10-04T00:17:38.073254+00:00,47f90d2c-e191-4239-a466-5892ef59a88b,EPCOT,3ace01d1-15fc-4fbb-99e4-81a696cb2d05,Kidcot Fun Stops,OPERATING,,2026-10-03T14:00:01.142Z
2026-10-04T00:17:38.073254+00:00,47f90d2c-e191-4239-a466-5892ef59a88b,EPCOT,3d8f8f8f-f984-4d2e-8dea-5a79432bdf05,Advanced Training Lab,CLOSED,,2026-10-03T22:00:03.206Z
2026-10-04T00:17:38.073254+00:00,47f90d2c-e191-4239-a466-5892ef59a88b,EPCOT,3e5f26ee-c02d-47fd-891e-5e4479073444,"ImageWorks - The ""What If"" Labs",OPERATING,,2026-10-03T13:00:00.690Z
2026-10-04T00:17:38.073254+00:00,47f90d2c-e191-4239-a466-5892ef59a88b,EPCOT,480fde8f-fe58-4bfb-b3ab-052a39d4db7c,Spaceship Earth,OPERATING,5,2026-10-04T00:14:20.079Z
2026-10-04T00:17:38.073254+00:00,47f90d2c-e191-4239-a466-5892ef59a88b,EPCOT,482169b9-2889-4747-8aef-f9d13a37d940,Awesome Planet,OPERATING,,2026-10-03T13:01:08.167Z
2026-10-04T00:17:38.073254+00:00,47f90d2c-e191-4239-a466-5892ef59a88b,EPCOT,4f0df9e7-d4c1-45b5-93e2-4a7bc92547b0,American Heritage Gallery,OPERATING,,2026-10-03T13:00:00.597Z
2026-10-04T00:17:38.073254+00:00,47f90d2c-e191-4239-a466-5892ef59a88b,EPCOT,57acb522-a6fc-4aa4-a80e-21f21f317250,Turtle Talk With Crush,OPERATING,15,2026-10-04T00:14:20.039Z
2026-10-04T00:17:38.073254+00:00,47f90d2c-e191-4239-a466-5892ef59a88b,EPCOT,5b6475ad-4e9a-4793-b841-501aa382c9c0,Mission: SPACE,OPERATING,15,2026-10-04T00:14:20.068Z
2026-10-04T00:17:38.073254+00:00,47f90d2c-e191-4239-a466-5892ef59a88b,EPCOT,61fb49f8-e62f-4e1c-ae0e-8ab9929037bc,Canada Far and Wide in Circle-Vision 360,OPERATING,15,2026-10-03T13:03:06.625Z
2026-10-04T00:17:38.073254+00:00,47f90d2c-e191-4239-a466-5892ef59a88b,EPCOT,66ff36de-9cb3-4d9a-b891-1665d19ffb3e,Stave Church Gallery,OPERATING,,2026-10-03T13:00:00.638Z
2026-10-04T00:17:38.073254+00:00,47f90d2c-e191-4239-a466-5892ef59a88b,EPCOT,6f1d3b25-42c9-4e99-9dce-6c20d7a5deea,Bijutsu-kan Gallery,OPERATING,,2026-10-03T13:00:00.725Z
2026-10-04T00:17:38.073254+00:00,47f90d2c-e191-4239-a466-5892ef59a88b,EPCOT,75449e85-c410-4cef-a368-9d2ea5d52b58,Journey Into Imagination With Figment,OPERATING,5,2026-10-04T00:14:20.054Z
2026-10-04T00:17:38.073254+00:00,47f90d2c-e191-4239-a466-5892ef59a88b,EPCOT,7969166f-feef-4350-b26e-6a6c745528f4,SeaBase Aquarium,OPERATING,,2026-10-03T12:30:00.716Z
2026-10-04T00:17:38.073254+00:00,47f90d2c-e191-4239-a466-5892ef59a88b,EPCOT,81b15dfd-cf6a-466f-be59-3dd65d2a2807,Soarin' Across America,OPERATING,30,2026-10-04T00:08:43.846Z
2026-10-04T00:17:38.073254+00:00,47f90d2c-e191-4239-a466-5892ef59a88b,EPCOT,8c8cd77d-97f6-4309-b285-42aad90e9f15,Beauty and the Beast Sing-Along,CLOSED,,2026-10-03T22:30:17.275Z
2026-10-04T00:17:38.073254+00:00,47f90d2c-e191-4239-a466-5892ef59a88b,EPCOT,8d7ccdb1-a22b-4e26-8dc8-65b1938ed5f0,Frozen Ever After,OPERATING,45,2026-10-04T00:00:12.269Z
2026-10-04T00:17:38.073254+00:00,47f90d2c-e191-4239-a466-5892ef59a88b,EPCOT,8f353879-d6ac-4211-9352-4029efb47c18,Living with the Land,OPERATING,5,2026-10-04T00:14:20.062Z
2026-10-04T00:17:38.073254+00:00,47f90d2c-e191-4239-a466-5892ef59a88b,EPCOT,8f8746cb-c714-4c60-848d-e2dc4e6f586b,Mexico Folk Art Gallery,OPERATING,,2026-10-03T13:00:00.707Z
2026-10-04T00:17:38.073254+00:00,47f90d2c-e191-4239-a466-5892ef59a88b,EPCOT,9053240b-7f7f-44fe-970b-bd7956cd5d4f,Project Tomorrow: Inventing the Wonders of the Future,OPERATING,,2026-10-03T13:00:00.581Z
2026-10-04T00:17:38.073254+00:00,47f90d2c-e191-4239-a466-5892ef59a88b,EPCOT,dae68dee-dfba-4128-b594-6aa12add1070,"Journey of Water, Inspired by Moana",OPERATING,,2026-10-03T20:48:27.781Z
2026-10-04T00:17:38.073254+00:00,47f90d2c-e191-4239-a466-5892ef59a88b,EPCOT,e3549451-b284-453d-9c31-e3b1207abd79,Guardians of the Galaxy: Cosmic Rewind,OPERATING,105,2026-10-04T00:15:09.316Z
2026-10-04T00:17:38.073254+00:00,47f90d2c-e191-4239-a466-5892ef59a88b,EPCOT,ee070d46-6a64-41c0-9f12-69dcfcca10a0,Reflections of China,OPERATING,15,2026-10-03T13:43:04.813Z
2026-10-04T00:17:38.073254+00:00,47f90d2c-e191-4239-a466-5892ef59a88b,EPCOT,fb076275-0570-4d62-b2a9-4d6515130fa3,The Seas with Nemo & Friends,OPERATING,10,2026-10-04T00:14:19.994Z
2026-10-04T12:39:35.296571+00:00,47f90d2c-e191-4239-a466-5892ef59a88b,EPCOT,00666fe9-7774-4b53-9fb7-3d333f8aa503,Impressions de France,CLOSED,,2026-10-04T08:02:16.364Z
2026-10-04T12:39:35.296571+00:00,47f90d2c-e191-4239-a466-5892ef59a88b,EPCOT,07dbeaea-85fa-45f2-872f-02f9e7510419,Gallery of Arts and History,CLOSED,,2026-10-04T07:23:44.645Z
2026-10-04T12:39:35.296571+00:00,47f90d2c-e191-4239-a466-5892ef59a88b,EPCOT,0f40274d-420a-425a-9377-29fd6e49484f,House of the Whispering Willows,CLOSED,,2026-10-04T07:23:44.151Z
2026-10-04T12:39:35.296571+00:00,47f90d2c-e191-4239-a466-5892ef59a88b,EPCOT,18c533d6-a395-4ae4-9488-80fce9c497fe,Palais du Cinéma,OPERATING,,2026-10-04T12:30:01.968Z
2026-10-04T12:39:35.296571+00:00,47f90d2c-e191-4239-a466-5892ef59a88b,EPCOT,1e735ffb-4868-47f1-b2cd-2ac1156cd5f0,Remy's Ratatouille Adventure,OPERATING,25,2026-10-04T12:34:14.579Z
2026-10-04T12:39:35.296571+00:00,47f90d2c-e191-4239-a466-5892ef59a88b,EPCOT,1f542745-cda1-4786-a536-5fff373e5964,The American Adventure,CLOSED,,2026-10-04T07:23:44.867Z
2026-10-04T12:39:35.296571+00:00,47f90d2c-e191-4239-a466-5892ef59a88b,EPCOT,22f48b73-01df-460e-8969-9eb2b4ae836c,Gran Fiesta Tour Starring The Three Caballeros,CLOSED,,2026-10-04T08:02:16.288Z
2026-10-04T12:39:35.296571+00:00,47f90d2c-e191-4239-a466-5892ef59a88b,EPCOT,2ecc4fff-2994-476f-9926-24a4af173838,Bruce's Shark World,CLOSED,,2026-10-04T07:23:44.515Z
2026-10-04T12:39:35.296571+00:00,47f90d2c-e191-4239-a466-5892ef59a88b,EPCOT,35ed719b-f7f0-488f-8346-4fbf8055d373,Disney and Pixar Short Film Festival,CLOSED,,2026-10-04T08:02:16.242Z
2026-10-04T12:39:35.296571+00:00,47f90d2c-e191-4239-a466-5892ef59a88b,EPCOT,37ae57c5-feaf-4e47-8f27-4b385be200f0,Test Track,OPERATING,25,2026-10-04T12:38:24.554Z
2026-10-04T12:39:35.296571+00:00,47f90d2c-e191-4239-a466-5892ef59a88b,EPCOT,3ace01d1-15fc-4fbb-99e4-81a696cb2d05,Kidcot Fun Stops,CLOSED,,2026-10-04T07:23:44.964Z
2026-10-04T12:39:35.296571+00:00,47f90d2c-e191-4239-a466-5892ef59a88b,EPCOT,3d8f8f8f-f984-4d2e-8dea-5a79432bdf05,Advanced Training Lab,CLOSED,,2026-10-04T07:23:44.418Z
2026-10-04T12:39:35.296571+00:00,47f90d2c-e191-4239-a466-5892ef59a88b,EPCOT,3e5f26ee-c02d-47fd-891e-5e4479073444,"ImageWorks - The ""What If"" Labs",CLOSED,,2026-10-04T07:23:44.652Z
2026-10-04T12:39:35.296571+00:00,47f90d2c-e191-4239-a466-5892ef59a88b,EPCOT,480fde8f-fe58-4bfb-b3ab-052a39d4db7c,Spaceship Earth,OPERATING,5,2026-10-04T12:30:16.179Z
2026-10-04T12:39:35.296571+00:00,47f90d2c-e191-4239-a466-5892ef59a88b,EPCOT,482169b9-2889-4747-8aef-f9d13a37d940,Awesome Planet,CLOSED,,2026-10-04T08:02:16.267Z
2026-10-04T12:39:35.296571+00:00,47f90d2c-e191-4239-a466-5892ef59a88b,EPCOT,4f0df9e7-d4c1-45b5-93e2-4a7bc92547b0,American Heritage Gallery,CLOSED,,2026-10-04T07:23:44.411Z
2026-10-04T12:39:35.296571+00:00,47f90d2c-e191-4239-a466-5892ef59a88b,EPCOT,57acb522-a6fc-4aa4-a80e-21f21f317250,Turtle Talk With Crush,CLOSED,,2026-10-04T08:02:16.330Z
2026-10-04T12:39:35.296571+00:00,47f90d2c-e191-4239-a466-5892ef59a88b,EPCOT,5b6475ad-4e9a-4793-b841-501aa382c9c0,Mission: SPACE,OPERATING,15,2026-10-04T12:31:14.845Z
2026-10-04T12:39:35.296571+00:00,47f90d2c-e191-4239-a466-5892ef59a88b,EPCOT,61fb49f8-e62f-4e1c-ae0e-8ab9929037bc,Canada Far and Wide in Circle-Vision 360,CLOSED,,2026-10-04T08:02:16.431Z
2026-10-04T12:39:35.296571+00:00,47f90d2c-e191-4239-a466-5892ef59a88b,EPCOT,66ff36de-9cb3-4d9a-b891-1665d19ffb3e,Stave Church Gallery,CLOSED,,2026-10-04T07:23:44.524Z
2026-10-04T12:39:35.296571+00:00,47f90d2c-e191-4239-a466-5892ef59a88b,EPCOT,6f1d3b25-42c9-4e99-9dce-6c20d7a5deea,Bijutsu-kan Gallery,CLOSED,,2026-10-04T07:23:44.943Z
2026-10-04T12:39:35.296571+00:00,47f90d2c-e191-4239-a466-5892ef59a88b,EPCOT,75449e85-c410-4cef-a368-9d2ea5d52b58,Journey Into Imagination With Figment,CLOSED,,2026-10-04T08:02:16.381Z
2026-10-04T12:39:35.296571+00:00,47f90d2c-e191-4239-a466-5892ef59a88b,EPCOT,7969166f-feef-4350-b26e-6a6c745528f4,SeaBase Aquarium,OPERATING,,2026-10-04T12:30:02.000Z
2026-10-04T12:39:35.296571+00:00,47f90d2c-e191-4239-a466-5892ef59a88b,EPCOT,81b15dfd-cf6a-466f-be59-3dd65d2a2807,Soarin' Across America,OPERATING,5,2026-10-04T12:37:56.012Z
2026-10-04T12:39:35.296571+00:00,47f90d2c-e191-4239-a466-5892ef59a88b,EPCOT,8c8cd77d-97f6-4309-b285-42aad90e9f15,Beauty and the Beast Sing-Along,CLOSED,,2026-10-04T08:02:16.258Z
2026-10-04T12:39:35.296571+00:00,47f90d2c-e191-4239-a466-5892ef59a88b,EPCOT,8d7ccdb1-a22b-4e26-8dc8-65b1938ed5f0,Frozen Ever After,OPERATING,20,2026-10-04T12:37:15.604Z
2026-10-04T12:39:35.296571+00:00,47f90d2c-e191-4239-a466-5892ef59a88b,EPCOT,8f353879-d6ac-4211-9352-4029efb47c18,Living with the Land,CLOSED,,2026-10-04T08:02:16.399Z
2026-10-04T12:39:35.296571+00:00,47f90d2c-e191-4239-a466-5892ef59a88b,EPCOT,8f8746cb-c714-4c60-848d-e2dc4e6f586b,Mexico Folk Art Gallery,CLOSED,,2026-10-04T07:23:44.936Z
2026-10-04T12:39:35.296571+00:00,47f90d2c-e191-4239-a466-5892ef59a88b,EPCOT,9053240b-7f7f-44fe-970b-bd7956cd5d4f,Project Tomorrow: Inventing the Wonders of the Future,CLOSED,,2026-10-04T07:23:44.390Z
2026-10-04T12:39:35.296571+00:00,47f90d2c-e191-4239-a466-5892ef59a88b,EPCOT,dae68dee-dfba-4128-b594-6aa12add1070,"Journey of Water, Inspired by Moana",OPERATING,,2026-10-04T12:30:16.112Z
2026-10-04T12:39:35.296571+00:00,47f90d2c-e191-4239-a466-5892ef59a88b,EPCOT,e3549451-b284-453d-9c31-e3b1207abd79,Guardians of the Galaxy: Cosmic Rewind,OPERATING,60,2026-10-04T12:31:14.824Z
2026-10-04T12:39:35.296571+00:00,47f90d2c-e191-4239-a466-5892ef59a88b,EPCOT,ee070d46-6a64-41c0-9f12-69dcfcca10a0,Reflections of China,CLOSED,,2026-10-04T08:02:16.454Z
2026-10-04T12:39:35.296571+00:00,47f90d2c-e191-4239-a466-5892ef59a88b,EPCOT,fb076275-0570-4d62-b2a9-4d6515130fa3,The Seas with Nemo & Friends,OPERATING,5,2026-10-04T12:31:14.784Z
2026-10-04T17:13:28.572783+00:00,47f90d2c-e191-4239-a466-5892ef59a88b,EPCOT,00666fe9-7774-4b53-9fb7-3d333f8aa503,Impressions de France,CLOSED,,2026-10-04T13:30:20.145Z
2026-10-04T17:13:28.572783+00:00,47f90d2c-e191-4239-a466-5892ef59a88b,EPCOT,07dbeaea-85fa-45f2-872f-02f9e7510419,Gallery of Arts and History,OPERATING,,2026-10-04T13:00:02.520Z
2026-10-04T17:13:28.572783+00:00,47f90d2c-e191-4239-a466-5892ef59a88b,EPCOT,0f40274d-420a-425a-9377-29fd6e49484f,House of the Whispering Willows,OPERATING,,2026-10-04T13:00:02.106Z
2026-10-04T17:13:28.572783+00:00,47f90d2c-e191-4239-a466-5892ef59a88b,EPCOT,18c533d6-a395-4ae4-9488-80fce9c497fe,Palais du Cinéma,OPERATING,,2026-10-04T12:30:01.968Z
2026-10-04T17:13:28.572783+00:00,47f90d2c-e191-4239-a466-5892ef59a88b,EPCOT,1e735ffb-4868-47f1-b2cd-2ac1156cd5f0,Remy's Ratatouille Adventure,OPERATING,45,2026-10-04T17:10:25.924Z
2026-10-04T17:13:28.572783+00:00,47f90d2c-e191-4239-a466-5892ef59a88b,EPCOT,1f542745-cda1-4786-a536-5fff373e5964,The American Adventure,OPERATING,,2026-10-04T16:15:03.284Z
2026-10-04T17:13:28.572783+00:00,47f90d2c-e191-4239-a466-5892ef59a88b,EPCOT,22f48b73-01df-460e-8969-9eb2b4ae836c,Gran Fiesta Tour Starring The Three Caballeros,OPERATING,5,2026-10-04T14:22:50.827Z
2026-10-04T17:13:28.572783+00:00,47f90d2c-e191-4239-a466-5892ef59a88b,EPCOT,2ecc4fff-2994-476f-9926-24a4af173838,Bruce's Shark World,OPERATING,,2026-10-04T13:00:02.435Z
2026-10-04T17:13:28.572783+00:00,47f90d2c-e191-4239-a466-5892ef59a88b,EPCOT,35ed719b-f7f0-488f-8346-4fbf8055d373,Disney and Pixar Short Film Festival,OPERATING,,2026-10-04T17:03:44.933Z
2026-10-04T17:13:28.572783+00:00,47f90d2c-e191-4239-a466-5892ef59a88b,EPCOT,37ae57c5-feaf-4e47-8f27-4b385be200f0,Test Track,OPERATING,50,2026-10-04T17:12:20.655Z
2026-10-04T17:13:28.572783+00:00,47f90d2c-e191-4239-a466-5892ef59a88b,EPCOT,3ace01d1-15fc-4fbb-99e4-81a696cb2d05,Kidcot Fun Stops,OPERATING,,2026-10-04T14:00:03.360Z
2026-10-04T17:13:28.572783+00:00,47f90d2c-e191-4239-a466-5892ef59a88b,EPCOT,3d8f8f8f-f984-4d2e-8dea-5a79432bdf05,Advanced Training Lab,OPERATING,,2026-10-04T16:00:00.602Z
2026-10-04T17:13:28.572783+00:00,47f90d2c-e191-4239-a466-5892ef59a88b,EPCOT,3e5f26ee-c02d-47fd-891e-5e4479073444,"ImageWorks - The ""What If"" Labs",OPERATING,,2026-10-04T13:00:02.546Z
2026-10-04T17:13:28.572783+00:00,47f90d2c-e191-4239-a466-5892ef59a88b,EPCOT,480fde8f-fe58-4bfb-b3ab-052a39d4db7c,Spaceship Earth,OPERATING,5,2026-10-04T17:10:06.437Z
2026-10-04T17:13:28.572783+00:00,47f90d2c-e191-4239-a466-5892ef59a88b,EPCOT,482169b9-2889-4747-8aef-f9d13a37d940,Awesome Planet,OPERATING,,2026-10-04T13:00:15.608Z
2026-10-04T17:13:28.572783+00:00,47f90d2c-e191-4239-a466-5892ef59a88b,EPCOT,4f0df9e7-d4c1-45b5-93e2-4a7bc92547b0,American Heritage Gallery,OPERATING,,2026-10-04T13:00:02.366Z
2026-10-04T17:13:28.572783+00:00,47f90d2c-e191-4239-a466-5892ef59a88b,EPCOT,57acb522-a6fc-4aa4-a80e-21f21f317250,Turtle Talk With Crush,OPERATING,15,2026-10-04T17:03:44.973Z
2026-10-04T17:13:28.572783+00:00,47f90d2c-e191-4239-a466-5892ef59a88b,EPCOT,5b6475ad-4e9a-4793-b841-501aa382c9c0,Mission: SPACE,OPERATING,15,2026-10-04T17:10:06.410Z
2026-10-04T17:13:28.572783+00:00,47f90d2c-e191-4239-a466-5892ef59a88b,EPCOT,61fb49f8-e62f-4e1c-ae0e-8ab9929037bc,Canada Far and Wide in Circle-Vision 360,OPERATING,15,2026-10-04T13:00:15.699Z
2026-10-04T17:13:28.572783+00:00,47f90d2c-e191-4239-a466-5892ef59a88b,EPCOT,66ff36de-9cb3-4d9a-b891-1665d19ffb3e,Stave Church Gallery,OPERATING,,2026-10-04T13:00:02.449Z
2026-10-04T17:13:28.572783+00:00,47f90d2c-e191-4239-a466-5892ef59a88b,EPCOT,6f1d3b25-42c9-4e99-9dce-6c20d7a5deea,Bijutsu-kan Gallery,OPERATING,,2026-10-04T13:00:02.873Z
2026-10-04T17:13:28.572783+00:00,47f90d2c-e191-4239-a466-5892ef59a88b,EPCOT,75449e85-c410-4cef-a368-9d2ea5d52b58,Journey Into Imagination With Figment,OPERATING,5,2026-10-04T17:10:06.371Z
2026-10-04T17:13:28.572783+00:00,47f90d2c-e191-4239-a466-5892ef59a88b,EPCOT,7969166f-feef-4350-b26e-6a6c745528f4,SeaBase Aquarium,OPERATING,,2026-10-04T12:30:02.000Z
2026-10-04T17:13:28.572783+00:00,47f90d2c-e191-4239-a466-5892ef59a88b,EPCOT,81b15dfd-cf6a-466f-be59-3dd65d2a2807,Soarin' Across America,OPERATING,30,2026-10-04T17:09:16.641Z
2026-10-04T17:13:28.572783+00:00,47f90d2c-e191-4239-a466-5892ef59a88b,EPCOT,8c8cd77d-97f6-4309-b285-42aad90e9f15,Beauty and the Beast Sing-Along,OPERATING,15,2026-10-04T14:43:16.970Z
2026-10-04T17:13:28.572783+00:00,47f90d2c-e191-4239-a466-5892ef59a88b,EPCOT,8d7ccdb1-a22b-4e26-8dc8-65b1938ed5f0,Frozen Ever After,OPERATING,55,2026-10-04T17:10:25.916Z
2026-10-04T17:13:28.572783+00:00,47f90d2c-e191-4239-a466-5892ef59a88b,EPCOT,8f353879-d6ac-4211-9352-4029efb47c18,Living with the Land,OPERATING,10,2026-10-04T17:09:16.650Z
2026-10-04T17:13:28.572783+00:00,47f90d2c-e191-4239-a466-5892ef59a88b,EPCOT,8f8746cb-c714-4c60-848d-e2dc4e6f586b,Mexico Folk Art Gallery,OPERATING,,2026-10-04T13:00:02.851Z
2026-10-04T17:13:28.572783+00:00,47f90d2c-e191-4239-a466-5892ef59a88b,EPCOT,9053240b-7f7f-44fe-970b-bd7956cd5d4f,Project Tomorrow: Inventing the Wonders of the Future,OPERATING,,2026-10-04T13:00:02.301Z
2026-10-04T17:13:28.572783+00:00,47f90d2c-e191-4239-a466-5892ef59a88b,EPCOT,dae68dee-dfba-4128-b594-6aa12add1070,"Journey of Water, Inspired by Moana",OPERATING,,2026-10-04T12:30:16.112Z
2026-10-04T17:13:28.572783+00:00,47f90d2c-e191-4239-a466-5892ef59a88b,EPCOT,e3549451-b284-453d-9c31-e3b1207abd79,Guardians of the Galaxy: Cosmic Rewind,OPERATING,55,2026-10-04T17:00:25.005Z
2026-10-04T17:13:28.572783+00:00,47f90d2c-e191-4239-a466-5892ef59a88b,EPCOT,ee070d46-6a64-41c0-9f12-69dcfcca10a0,Reflections of China,OPERATING,15,2026-10-04T13:01:17.457Z
2026-10-04T17:13:28.572783+00:00,47f90d2c-e191-4239-a466-5892ef59a88b,EPCOT,fb076275-0570-4d62-b2a9-4d6515130fa3,The Seas with Nemo & Friends,OPERATING,10,2026-10-04T17:10:06.259Z
2026-10-04T20:17:51.254072+00:00,47f90d2c-e191-4239-a466-5892ef59a88b,EPCOT,00666fe9-7774-4b53-9fb7-3d333f8aa503,Impressions de France,CLOSED,,2026-10-04T13:30:20.145Z
2026-10-04T20:17:51.254072+00:00,47f90d2c-e191-4239-a466-5892ef59a88b,EPCOT,07dbeaea-85fa-45f2-872f-02f9e7510419,Gallery of Arts and History,OPERATING,,2026-10-04T13:00:02.520Z
2026-10-04T20:17:51.254072+00:00,47f90d2c-e191-4239-a466-5892ef59a88b,EPCOT,0f40274d-420a-425a-9377-29fd6e49484f,House of the Whispering Willows,OPERATING,,2026-10-04T13:00:02.106Z
2026-10-04T20:17:51.254072+00:00,47f90d2c-e191-4239-a466-5892ef59a88b,EPCOT,18c533d6-a395-4ae4-9488-80fce9c497fe,Palais du Cinéma,OPERATING,,2026-10-04T12:30:01.968Z
2026-10-04T20:17:51.254072+00:00,47f90d2c-e191-4239-a466-5892ef59a88b,EPCOT,1e735ffb-4868-47f1-b2cd-2ac1156cd5f0,Remy's Ratatouille Adventure,DOWN,,2026-10-04T19:11:14.837Z
2026-10-04T20:17:51.254072+00:00,47f90d2c-e191-4239-a466-5892ef59a88b,EPCOT,1f542745-cda1-4786-a536-5fff373e5964,The American Adventure,OPERATING,,2026-10-04T18:46:54.738Z
2026-10-04T20:17:51.254072+00:00,47f90d2c-e191-4239-a466-5892ef59a88b,EPCOT,22f48b73-01df-460e-8969-9eb2b4ae836c,Gran Fiesta Tour Starring The Three Caballeros,OPERATING,10,2026-10-04T17:41:18.855Z
2026-10-04T20:17:51.254072+00:00,47f90d2c-e191-4239-a466-5892ef59a88b,EPCOT,2ecc4fff-2994-476f-9926-24a4af173838,Bruce's Shark World,OPERATING,,2026-10-04T13:00:02.435Z
2026-10-04T20:17:51.254072+00:00,47f90d2c-e191-4239-a466-5892ef59a88b,EPCOT,35ed719b-f7f0-488f-8346-4fbf8055d373,Disney and Pixar Short Film Festival,OPERATING,,2026-10-04T20:13:57.797Z
2026-10-04T20:17:51.254072+00:00,47f90d2c-e191-4239-a466-5892ef59a88b,EPCOT,37ae57c5-feaf-4e47-8f27-4b385be200f0,Test Track,DOWN,,2026-10-04T20:14:02.453Z
2026-10-04T20:17:51.254072+00:00,47f90d2c-e191-4239-a466-5892ef59a88b,EPCOT,3ace01d1-15fc-4fbb-99e4-81a696cb2d05,Kidcot Fun Stops,OPERATING,,2026-10-04T14:00:03.360Z
2026-10-04T20:17:51.254072+00:00,47f90d2c-e191-4239-a466-5892ef59a88b,EPCOT,3d8f8f8f-f984-4d2e-8dea-5a79432bdf05,Advanced Training Lab,OPERATING,,2026-10-04T16:00:00.602Z
2026-10-04T20:17:51.254072+00:00,47f90d2c-e191-4239-a466-5892ef59a88b,EPCOT,3e5f26ee-c02d-47fd-891e-5e4479073444,"ImageWorks - The ""What If"" Labs",OPERATING,,2026-10-04T13:00:02.546Z
2026-10-04T20:17:51.254072+00:00,47f90d2c-e191-4239-a466-5892ef59a88b,EPCOT,480fde8f-fe58-4bfb-b3ab-052a39d4db7c,Spaceship Earth,OPERATING,10,2026-10-04T20:13:57.936Z
2026-10-04T20:17:51.254072+00:00,47f90d2c-e191-4239-a466-5892ef59a88b,EPCOT,482169b9-2889-4747-8aef-f9d13a37d940,Awesome Planet,OPERATING,,2026-10-04T13:00:15.608Z
2026-10-04T20:17:51.254072+00:00,47f90d2c-e191-4239-a466-5892ef59a88b,EPCOT,4f0df9e7-d4c1-45b5-93e2-4a7bc92547b0,American Heritage Gallery,OPERATING,,2026-10-04T13:00:02.366Z
2026-10-04T20:17:51.254072+00:00,47f90d2c-e191-4239-a466-5892ef59a88b,EPCOT,57acb522-a6fc-4aa4-a80e-21f21f317250,Turtle Talk With Crush,OPERATING,15,2026-10-04T20:13:57.844Z
2026-10-04T20:17:51.254072+00:00,47f90d2c-e191-4239-a466-5892ef59a88b,EPCOT,5b6475ad-4e9a-4793-b841-501aa382c9c0,Mission: SPACE,OPERATING,15,2026-10-04T20:13:57.916Z
2026-10-04T20:17:51.254072+00:00,47f90d2c-e191-4239-a466-5892ef59a88b,EPCOT,61fb49f8-e62f-4e1c-ae0e-8ab9929037bc,Canada Far and Wide in Circle-Vision 360,OPERATING,15,2026-10-04T13:00:15.699Z
2026-10-04T20:17:51.254072+00:00,47f90d2c-e191-4239-a466-5892ef59a88b,EPCOT,66ff36de-9cb3-4d9a-b891-1665d19ffb3e,Stave Church Gallery,OPERATING,,2026-10-04T13:00:02.449Z
2026-10-04T20:17:51.254072+00:00,47f90d2c-e191-4239-a466-5892ef59a88b,EPCOT,6f1d3b25-42c9-4e99-9dce-6c20d7a5deea,Bijutsu-kan Gallery,OPERATING,,2026-10-04T13:00:02.873Z
2026-10-04T20:17:51.254072+00:00,47f90d2c-e191-4239-a466-5892ef59a88b,EPCOT,75449e85-c410-4cef-a368-9d2ea5d52b58,Journey Into Imagination With Figment,OPERATING,5,2026-10-04T20:13:57.869Z
2026-10-04T20:17:51.254072+00:00,47f90d2c-e191-4239-a466-5892ef59a88b,EPCOT,7969166f-feef-4350-b26e-6a6c745528f4,SeaBase Aquarium,OPERATING,,2026-10-04T12:30:02.000Z
2026-10-04T20:17:51.254072+00:00,47f90d2c-e191-4239-a466-5892ef59a88b,EPCOT,81b15dfd-cf6a-466f-be59-3dd65d2a2807,Soarin' Across America,OPERATING,20,2026-10-04T20:13:18.018Z
2026-10-04T20:17:51.254072+00:00,47f90d2c-e191-4239-a466-5892ef59a88b,EPCOT,8c8cd77d-97f6-4309-b285-42aad90e9f15,Beauty and the Beast Sing-Along,OPERATING,15,2026-10-04T14:43:16.970Z
2026-10-04T20:17:51.254072+00:00,47f90d2c-e191-4239-a466-5892ef59a88b,EPCOT,8d7ccdb1-a22b-4e26-8dc8-65b1938ed5f0,Frozen Ever After,OPERATING,45,2026-10-04T20:10:20.390Z
2026-10-04T20:17:51.254072+00:00,47f90d2c-e191-4239-a466-5892ef59a88b,EPCOT,8f353879-d6ac-4211-9352-4029efb47c18,Living with the Land,OPERATING,5,2026-10-04T20:13:57.892Z
2026-10-04T20:17:51.254072+00:00,47f90d2c-e191-4239-a466-5892ef59a88b,EPCOT,8f8746cb-c714-4c60-848d-e2dc4e6f586b,Mexico Folk Art Gallery,OPERATING,,2026-10-04T13:00:02.851Z
2026-10-04T20:17:51.254072+00:00,47f90d2c-e191-4239-a466-5892ef59a88b,EPCOT,9053240b-7f7f-44fe-970b-bd7956cd5d4f,Project Tomorrow: Inventing the Wonders of the Future,OPERATING,,2026-10-04T13:00:02.301Z
2026-10-04T20:17:51.254072+00:00,47f90d2c-e191-4239-a466-5892ef59a88b,EPCOT,dae68dee-dfba-4128-b594-6aa12add1070,"Journey of Water, Inspired by Moana",OPERATING,,2026-10-04T12:30:16.112Z
2026-10-04T20:17:51.254072+00:00,47f90d2c-e191-4239-a466-5892ef59a88b,EPCOT,e3549451-b284-453d-9c31-e3b1207abd79,Guardians of the Galaxy: Cosmic Rewind,OPERATING,85,2026-10-04T20:13:57.828Z
2026-10-04T20:17:51.254072+00:00,47f90d2c-e191-4239-a466-5892ef59a88b,EPCOT,ee070d46-6a64-41c0-9f12-69dcfcca10a0,Reflections of China,OPERATING,15,2026-10-04T13:01:17.457Z
2026-10-04T20:17:51.254072+00:00,47f90d2c-e191-4239-a466-5892ef59a88b,EPCOT,fb076275-0570-4d62-b2a9-4d6515130fa3,The Seas with Nemo & Friends,OPERATING,5,2026-10-04T20:13:57.758Z
2026-10-04T23:23:01.911171+00:00,47f90d2c-e191-4239-a466-5892ef59a88b,EPCOT,00666fe9-7774-4b53-9fb7-3d333f8aa503,Impressions de France,OPERATING,20,2026-10-04T23:00:28.576Z
2026-10-04T23:23:01.911171+00:00,47f90d2c-e191-4239-a466-5892ef59a88b,EPCOT,07dbeaea-85fa-45f2-872f-02f9e7510419,Gallery of Arts and History,OPERATING,,2026-10-04T13:00:02.520Z
2026-10-04T23:23:01.911171+00:00,47f90d2c-e191-4239-a466-5892ef59a88b,EPCOT,0f40274d-420a-425a-9377-29fd6e49484f,House of the Whispering Willows,OPERATING,,2026-10-04T13:00:02.106Z
2026-10-04T23:23:01.911171+00:00,47f90d2c-e191-4239-a466-5892ef59a88b,EPCOT,18c533d6-a395-4ae4-9488-80fce9c497fe,Palais du Cinéma,OPERATING,,2026-10-04T12:30:01.968Z
2026-10-04T23:23:01.911171+00:00,47f90d2c-e191-4239-a466-5892ef59a88b,EPCOT,1e735ffb-4868-47f1-b2cd-2ac1156cd5f0,Remy's Ratatouille Adventure,DOWN,,2026-10-04T19:11:14.837Z
2026-10-04T23:23:01.911171+00:00,47f90d2c-e191-4239-a466-5892ef59a88b,EPCOT,1f542745-cda1-4786-a536-5fff373e5964,The American Adventure,OPERATING,,2026-10-04T18:46:54.738Z
2026-10-04T23:23:01.911171+00:00,47f90d2c-e191-4239-a466-5892ef59a88b,EPCOT,22f48b73-01df-460e-8969-9eb2b4ae836c,Gran Fiesta Tour Starring The Three Caballeros,OPERATING,5,2026-10-04T20:39:17.945Z
2026-10-04T23:23:01.911171+00:00,47f90d2c-e191-4239-a466-5892ef59a88b,EPCOT,2ecc4fff-2994-476f-9926-24a4af173838,Bruce's Shark World,OPERATING,,2026-10-04T13:00:02.435Z
2026-10-04T23:23:01.911171+00:00,47f90d2c-e191-4239-a466-5892ef59a88b,EPCOT,35ed719b-f7f0-488f-8346-4fbf8055d373,Disney and Pixar Short Film Festival,OPERATING,,2026-10-04T23:14:03.790Z
2026-10-04T23:23:01.911171+00:00,47f90d2c-e191-4239-a466-5892ef59a88b,EPCOT,37ae57c5-feaf-4e47-8f27-4b385be200f0,Test Track,OPERATING,45,2026-10-04T23:12:22.530Z
2026-10-04T23:23:01.911171+00:00,47f90d2c-e191-4239-a466-5892ef59a88b,EPCOT,3ace01d1-15fc-4fbb-99e4-81a696cb2d05,Kidcot Fun Stops,OPERATING,,2026-10-04T14:00:03.360Z
2026-10-04T23:23:01.911171+00:00,47f90d2c-e191-4239-a466-5892ef59a88b,EPCOT,3d8f8f8f-f984-4d2e-8dea-5a79432bdf05,Advanced Training Lab,CLOSED,,2026-10-04T22:00:02.476Z
2026-10-04T23:23:01.911171+00:00,47f90d2c-e191-4239-a466-5892ef59a88b,EPCOT,3e5f26ee-c02d-47fd-891e-5e4479073444,"ImageWorks - The ""What If"" Labs",OPERATING,,2026-10-04T13:00:02.546Z
2026-10-04T23:23:01.911171+00:00,47f90d2c-e191-4239-a466-5892ef59a88b,EPCOT,480fde8f-fe58-4bfb-b3ab-052a39d4db7c,Spaceship Earth,OPERATING,5,2026-10-04T23:18:44.783Z
2026-10-04T23:23:01.911171+00:00,47f90d2c-e191-4239-a466-5892ef59a88b,EPCOT,482169b9-2889-4747-8aef-f9d13a37d940,Awesome Planet,OPERATING,,2026-10-04T13:00:15.608Z
2026-10-04T23:23:01.911171+00:00,47f90d2c-e191-4239-a466-5892ef59a88b,EPCOT,4f0df9e7-d4c1-45b5-93e2-4a7bc92547b0,American Heritage Gallery,OPERATING,,2026-10-04T13:00:02.366Z
2026-10-04T23:23:01.911171+00:00,47f90d2c-e191-4239-a466-5892ef59a88b,EPCOT,57acb522-a6fc-4aa4-a80e-21f21f317250,Turtle Talk With Crush,OPERATING,15,2026-10-04T23:14:03.832Z
2026-10-04T23:23:01.911171+00:00,47f90d2c-e191-4239-a466-5892ef59a88b,EPCOT,5b6475ad-4e9a-4793-b841-501aa382c9c0,Mission: SPACE,OPERATING,15,2026-10-04T23:18:44.778Z
2026-10-04T23:23:01.911171+00:00,47f90d2c-e191-4239-a466-5892ef59a88b,EPCOT,61fb49f8-e62f-4e1c-ae0e-8ab9929037bc,Canada Far and Wide in Circle-Vision 360,OPERATING,15,2026-10-04T13:00:15.699Z
2026-10-04T23:23:01.911171+00:00,47f90d2c-e191-4239-a466-5892ef59a88b,EPCOT,66ff36de-9cb3-4d9a-b891-1665d19ffb3e,Stave Church Gallery,OPERATING,,2026-10-04T13:00:02.449Z
2026-10-04T23:23:01.911171+00:00,47f90d2c-e191-4239-a466-5892ef59a88b,EPCOT,6f1d3b25-42c9-4e99-9dce-6c20d7a5deea,Bijutsu-kan Gallery,OPERATING,,2026-10-04T13:00:02.873Z
2026-10-04T23:23:01.911171+00:00,47f90d2c-e191-4239-a466-5892ef59a88b,EPCOT,75449e85-c410-4cef-a368-9d2ea5d52b58,Journey Into Imagination With Figment,OPERATING,10,2026-10-04T23:18:44.762Z
2026-10-04T23:23:01.911171+00:00,47f90d2c-e191-4239-a466-5892ef59a88b,EPCOT,7969166f-feef-4350-b26e-6a6c745528f4,SeaBase Aquarium,OPERATING,,2026-10-04T12:30:02.000Z
2026-10-04T23:23:01.911171+00:00,47f90d2c-e191-4239-a466-5892ef59a88b,EPCOT,81b15dfd-cf6a-466f-be59-3dd65d2a2807,Soarin' Across America,OPERATING,20,2026-10-04T23:18:21.046Z
2026-10-04T23:23:01.911171+00:00,47f90d2c-e191-4239-a466-5892ef59a88b,EPCOT,8c8cd77d-97f6-4309-b285-42aad90e9f15,Beauty and the Beast Sing-Along,CLOSED,,2026-10-04T22:30:28.509Z
2026-10-04T23:23:01.911171+00:00,47f90d2c-e191-4239-a466-5892ef59a88b,EPCOT,8d7ccdb1-a22b-4e26-8dc8-65b1938ed5f0,Frozen Ever After,OPERATING,50,2026-10-04T23:02:22.741Z
2026-10-04T23:23:01.911171+00:00,47f90d2c-e191-4239-a466-5892ef59a88b,EPCOT,8f353879-d6ac-4211-9352-4029efb47c18,Living with the Land,OPERATING,5,2026-10-04T23:18:44.771Z
2026-10-04T23:23:01.911171+00:00,47f90d2c-e191-4239-a466-5892ef59a88b,EPCOT,8f8746cb-c714-4c60-848d-e2dc4e6f586b,Mexico Folk Art Gallery,OPERATING,,2026-10-04T13:00:02.851Z
2026-10-04T23:23:01.911171+00:00,47f90d2c-e191-4239-a466-5892ef59a88b,EPCOT,9053240b-7f7f-44fe-970b-bd7956cd5d4f,Project Tomorrow: Inventing the Wonders of the Future,OPERATING,,2026-10-04T13:00:02.301Z
2026-10-04T23:23:01.911171+00:00,47f90d2c-e191-4239-a466-5892ef59a88b,EPCOT,dae68dee-dfba-4128-b594-6aa12add1070,"Journey of Water, Inspired by Moana",OPERATING,,2026-10-04T12:30:16.112Z
2026-10-04T23:23:01.911171+00:00,47f90d2c-e191-4239-a466-5892ef59a88b,EPCOT,e3549451-b284-453d-9c31-e3b1207abd79,Guardians of the Galaxy: Cosmic Rewind,OPERATING,75,2026-10-04T23:19:17.716Z
2026-10-04T23:23:01.911171+00:00,47f90d2c-e191-4239-a466-5892ef59a88b,EPCOT,ee070d46-6a64-41c0-9f12-69dcfcca10a0,Reflections of China,OPERATING,15,2026-10-04T13:01:17.457Z
2026-10-04T23:23:01.911171+00:00,47f90d2c-e191-4239-a466-5892ef59a88b,EPCOT,fb076275-0570-4d62-b2a9-4d6515130fa3,The Seas with Nemo & Friends,OPERATING,5,2026-10-04T23:18:44.742Z
2026-10-05T18:40:25.921239+00:00,47f90d2c-e191-4239-a466-5892ef59a88b,EPCOT,00666fe9-7774-4b53-9fb7-3d333f8aa503,Impressions de France,CLOSED,,2026-10-05T13:30:34.748Z
2026-10-05T18:40:25.921239+00:00,47f90d2c-e191-4239-a466-5892ef59a88b,EPCOT,07dbeaea-85fa-45f2-872f-02f9e7510419,Gallery of Arts and History,OPERATING,,2026-10-05T13:00:01.130Z
2026-10-05T18:40:25.921239+00:00,47f90d2c-e191-4239-a466-5892ef59a88b,EPCOT,0f40274d-420a-425a-9377-29fd6e49484f,House of the Whispering Willows,OPERATING,,2026-10-05T13:00:00.737Z
2026-10-05T18:40:25.921239+00:00,47f90d2c-e191-4239-a466-5892ef59a88b,EPCOT,18c533d6-a395-4ae4-9488-80fce9c497fe,Palais du Cinéma,OPERATING,,2026-10-05T12:30:00.585Z
2026-10-05T18:40:25.921239+00:00,47f90d2c-e191-4239-a466-5892ef59a88b,EPCOT,1e735ffb-4868-47f1-b2cd-2ac1156cd5f0,Remy's Ratatouille Adventure,OPERATING,55,2026-10-05T18:18:25.623Z
2026-10-05T18:40:25.921239+00:00,47f90d2c-e191-4239-a466-5892ef59a88b,EPCOT,1f542745-cda1-4786-a536-5fff373e5964,The American Adventure,OPERATING,,2026-10-05T14:45:02.170Z
2026-10-05T18:40:25.921239+00:00,47f90d2c-e191-4239-a466-5892ef59a88b,EPCOT,22f48b73-01df-460e-8969-9eb2b4ae836c,Gran Fiesta Tour Starring The Three Caballeros,OPERATING,5,2026-10-05T18:19:28.270Z
2026-10-05T18:40:25.921239+00:00,47f90d2c-e191-4239-a466-5892ef59a88b,EPCOT,2ecc4fff-2994-476f-9926-24a4af173838,Bruce's Shark World,OPERATING,,2026-10-05T13:00:00.976Z
2026-10-05T18:40:25.921239+00:00,47f90d2c-e191-4239-a466-5892ef59a88b,EPCOT,35ed719b-f7f0-488f-8346-4fbf8055d373,Disney and Pixar Short Film Festival,OPERATING,,2026-10-05T18:33:55.177Z
2026-10-05T18:40:25.921239+00:00,47f90d2c-e191-4239-a466-5892ef59a88b,EPCOT,37ae57c5-feaf-4e47-8f27-4b385be200f0,Test Track,OPERATING,90,2026-10-05T18:04:28.511Z
2026-10-05T18:40:25.921239+00:00,47f90d2c-e191-4239-a466-5892ef59a88b,EPCOT,3ace01d1-15fc-4fbb-99e4-81a696cb2d05,Kidcot Fun Stops,OPERATING,,2026-10-05T14:00:04.575Z
2026-10-05T18:40:25.921239+00:00,47f90d2c-e191-4239-a466-5892ef59a88b,EPCOT,3d8f8f8f-f984-4d2e-8dea-5a79432bdf05,Advanced Training Lab,OPERATING,,2026-10-05T16:00:00.962Z
2026-10-05T18:40:25.921239+00:00,47f90d2c-e191-4239-a466-5892ef59a88b,EPCOT,3e5f26ee-c02d-47fd-891e-5e4479073444,"ImageWorks - The ""What If"" Labs",OPERATING,,2026-10-05T13:00:01.146Z
2026-10-05T18:40:25.921239+00:00,47f90d2c-e191-4239-a466-5892ef59a88b,EPCOT,480fde8f-fe58-4bfb-b3ab-052a39d4db7c,Spaceship Earth,OPERATING,15,2026-10-05T18:33:55.282Z
2026-10-05T18:40:25.921239+00:00,47f90d2c-e191-4239-a466-5892ef59a88b,EPCOT,482169b9-2889-4747-8aef-f9d13a37d940,Awesome Planet,OPERATING,,2026-10-05T13:01:25.890Z
2026-10-05T18:40:25.921239+00:00,47f90d2c-e191-4239-a466-5892ef59a88b,EPCOT,4f0df9e7-d4c1-45b5-93e2-4a7bc92547b0,American Heritage Gallery,OPERATING,,2026-10-05T13:00:00.917Z
2026-10-05T18:40:25.921239+00:00,47f90d2c-e191-4239-a466-5892ef59a88b,EPCOT,57acb522-a6fc-4aa4-a80e-21f21f317250,Turtle Talk With Crush,OPERATING,15,2026-10-05T18:39:58.607Z
2026-10-05T18:40:25.921239+00:00,47f90d2c-e191-4239-a466-5892ef59a88b,EPCOT,5b6475ad-4e9a-4793-b841-501aa382c9c0,Mission: SPACE,OPERATING,15,2026-10-05T18:33:55.270Z
2026-10-05T18:40:25.921239+00:00,47f90d2c-e191-4239-a466-5892ef59a88b,EPCOT,61fb49f8-e62f-4e1c-ae0e-8ab9929037bc,Canada Far and Wide in Circle-Vision 360,OPERATING,15,2026-10-05T13:00:37.285Z
2026-10-05T18:40:25.921239+00:00,47f90d2c-e191-4239-a466-5892ef59a88b,EPCOT,66ff36de-9cb3-4d9a-b891-1665d19ffb3e,Stave Church Gallery,OPERATING,,2026-10-05T13:00:01.011Z
2026-10-05T18:40:25.921239+00:00,47f90d2c-e191-4239-a466-5892ef59a88b,EPCOT,6f1d3b25-42c9-4e99-9dce-6c20d7a5deea,Bijutsu-kan Gallery,OPERATING,,2026-10-05T13:00:01.194Z
2026-10-05T18:40:25.921239+00:00,47f90d2c-e191-4239-a466-5892ef59a88b,EPCOT,75449e85-c410-4cef-a368-9d2ea5d52b58,Journey Into Imagination With Figment,OPERATING,10,2026-10-05T18:39:58.628Z
2026-10-05T18:40:25.921239+00:00,47f90d2c-e191-4239-a466-5892ef59a88b,EPCOT,7969166f-feef-4350-b26e-6a6c745528f4,SeaBase Aquarium,OPERATING,,2026-10-05T12:30:00.602Z
2026-10-05T18:40:25.921239+00:00,47f90d2c-e191-4239-a466-5892ef59a88b,EPCOT,81b15dfd-cf6a-466f-be59-3dd65d2a2807,Soarin' Across America,OPERATING,45,2026-10-05T18:39:32.322Z
2026-10-05T18:40:25.921239+00:00,47f90d2c-e191-4239-a466-5892ef59a88b,EPCOT,8c8cd77d-97f6-4309-b285-42aad90e9f15,Beauty and the Beast Sing-Along,OPERATING,15,2026-10-05T15:38:27.074Z
2026-10-05T18:40:25.921239+00:00,47f90d2c-e191-4239-a466-5892ef59a88b,EPCOT,8d7ccdb1-a22b-4e26-8dc8-65b1938ed5f0,Frozen Ever After,OPERATING,55,2026-10-05T18:22:34.843Z
2026-10-05T18:40:25.921239+00:00,47f90d2c-e191-4239-a466-5892ef59a88b,EPCOT,8f353879-d6ac-4211-9352-4029efb47c18,Living with the Land,OPERATING,20,2026-10-05T18:34:29.710Z
2026-10-05T18:40:25.921239+00:00,47f90d2c-e191-4239-a466-5892ef59a88b,EPCOT,8f8746cb-c714-4c60-848d-e2dc4e6f586b,Mexico Folk Art Gallery,OPERATING,,2026-10-05T13:00:01.176Z
2026-10-05T18:40:25.921239+00:00,47f90d2c-e191-4239-a466-5892ef59a88b,EPCOT,9053240b-7f7f-44fe-970b-bd7956cd5d4f,Project Tomorrow: Inventing the Wonders of the Future,OPERATING,,2026-10-05T13:00:00.892Z
2026-10-05T18:40:25.921239+00:00,47f90d2c-e191-4239-a466-5892ef59a88b,EPCOT,dae68dee-dfba-4128-b594-6aa12add1070,"Journey of Water, Inspired by Moana",OPERATING,,2026-10-05T12:31:25.894Z
2026-10-05T18:40:25.921239+00:00,47f90d2c-e191-4239-a466-5892ef59a88b,EPCOT,e3549451-b284-453d-9c31-e3b1207abd79,Guardians of the Galaxy: Cosmic Rewind,OPERATING,95,2026-10-05T18:37:28.077Z
2026-10-05T18:40:25.921239+00:00,47f90d2c-e191-4239-a466-5892ef59a88b,EPCOT,ee070d46-6a64-41c0-9f12-69dcfcca10a0,Reflections of China,OPERATING,15,2026-10-05T15:39:25.126Z
2026-10-05T18:40:25.921239+00:00,47f90d2c-e191-4239-a466-5892ef59a88b,EPCOT,fb076275-0570-4d62-b2a9-4d6515130fa3,The Seas with Nemo & Friends,OPERATING,10,2026-10-05T18:39:58.553Z
2026-10-06T00:31:12.200234+00:00,47f90d2c-e191-4239-a466-5892ef59a88b,EPCOT,00666fe9-7774-4b53-9fb7-3d333f8aa503,Impressions de France,OPERATING,,2026-10-05T23:00:29.656Z
2026-10-06T00:31:12.200234+00:00,47f90d2c-e191-4239-a466-5892ef59a88b,EPCOT,07dbeaea-85fa-45f2-872f-02f9e7510419,Gallery of Arts and History,OPERATING,,2026-10-05T13:00:01.130Z
2026-10-06T00:31:12.200234+00:00,47f90d2c-e191-4239-a466-5892ef59a88b,EPCOT,0f40274d-420a-425a-9377-29fd6e49484f,House of the Whispering Willows,OPERATING,,2026-10-05T13:00:00.737Z
2026-10-06T00:31:12.200234+00:00,47f90d2c-e191-4239-a466-5892ef59a88b,EPCOT,18c533d6-a395-4ae4-9488-80fce9c497fe,Palais du Cinéma,OPERATING,,2026-10-05T12:30:00.585Z
2026-10-06T00:31:12.200234+00:00,47f90d2c-e191-4239-a466-5892ef59a88b,EPCOT,1e735ffb-4868-47f1-b2cd-2ac1156cd5f0,Remy's Ratatouille Adventure,OPERATING,35,2026-10-06T00:29:30.918Z
2026-10-06T00:31:12.200234+00:00,47f90d2c-e191-4239-a466-5892ef59a88b,EPCOT,1f542745-cda1-4786-a536-5fff373e5964,The American Adventure,CLOSED,,2026-10-06T00:30:00.602Z
2026-10-06T00:31:12.200234+00:00,47f90d2c-e191-4239-a466-5892ef59a88b,EPCOT,22f48b73-01df-460e-8969-9eb2b4ae836c,Gran Fiesta Tour Starring The Three Caballeros,OPERATING,10,2026-10-05T23:21:31.725Z
2026-10-06T00:31:12.200234+00:00,47f90d2c-e191-4239-a466-5892ef59a88b,EPCOT,2ecc4fff-2994-476f-9926-24a4af173838,Bruce's Shark World,OPERATING,,2026-10-05T13:00:00.976Z
2026-10-06T00:31:12.200234+00:00,47f90d2c-e191-4239-a466-5892ef59a88b,EPCOT,35ed719b-f7f0-488f-8346-4fbf8055d373,Disney and Pixar Short Film Festival,OPERATING,,2026-10-06T00:23:25.068Z
2026-10-06T00:31:12.200234+00:00,47f90d2c-e191-4239-a466-5892ef59a88b,EPCOT,37ae57c5-feaf-4e47-8f27-4b385be200f0,Test Track,DOWN,,2026-10-05T23:48:42.783Z
2026-10-06T00:31:12.200234+00:00,47f90d2c-e191-4239-a466-5892ef59a88b,EPCOT,3ace01d1-15fc-4fbb-99e4-81a696cb2d05,Kidcot Fun Stops,OPERATING,,2026-10-05T14:00:04.575Z
2026-10-06T00:31:12.200234+00:00,47f90d2c-e191-4239-a466-5892ef59a88b,EPCOT,3d8f8f8f-f984-4d2e-8dea-5a79432bdf05,Advanced Training Lab,CLOSED,,2026-10-05T22:00:08.155Z
2026-10-06T00:31:12.200234+00:00,47f90d2c-e191-4239-a466-5892ef59a88b,EPCOT,3e5f26ee-c02d-47fd-891e-5e4479073444,"ImageWorks - The ""What If"" Labs",OPERATING,,2026-10-05T13:00:01.146Z
2026-10-06T00:31:12.200234+00:00,47f90d2c-e191-4239-a466-5892ef59a88b,EPCOT,480fde8f-fe58-4bfb-b3ab-052a39d4db7c,Spaceship Earth,OPERATING,5,2026-10-06T00:29:18.760Z
2026-10-06T00:31:12.200234+00:00,47f90d2c-e191-4239-a466-5892ef59a88b,EPCOT,482169b9-2889-4747-8aef-f9d13a37d940,Awesome Planet,OPERATING,,2026-10-05T13:01:25.890Z
2026-10-06T00:31:12.200234+00:00,47f90d2c-e191-4239-a466-5892ef59a88b,EPCOT,4f0df9e7-d4c1-45b5-93e2-4a7bc92547b0,American Heritage Gallery,OPERATING,,2026-10-05T13:00:00.917Z
2026-10-06T00:31:12.200234+00:00,47f90d2c-e191-4239-a466-5892ef59a88b,EPCOT,57acb522-a6fc-4aa4-a80e-21f21f317250,Turtle Talk With Crush,OPERATING,15,2026-10-06T00:14:08.286Z
2026-10-06T00:31:12.200234+00:00,47f90d2c-e191-4239-a466-5892ef59a88b,EPCOT,5b6475ad-4e9a-4793-b841-501aa382c9c0,Mission: SPACE,OPERATING,15,2026-10-06T00:29:18.746Z
2026-10-06T00:31:12.200234+00:00,47f90d2c-e191-4239-a466-5892ef59a88b,EPCOT,61fb49f8-e62f-4e1c-ae0e-8ab9929037bc,Canada Far and Wide in Circle-Vision 360,OPERATING,15,2026-10-05T13:00:37.285Z
2026-10-06T00:31:12.200234+00:00,47f90d2c-e191-4239-a466-5892ef59a88b,EPCOT,66ff36de-9cb3-4d9a-b891-1665d19ffb3e,Stave Church Gallery,OPERATING,,2026-10-05T13:00:01.011Z
2026-10-06T00:31:12.200234+00:00,47f90d2c-e191-4239-a466-5892ef59a88b,EPCOT,6f1d3b25-42c9-4e99-9dce-6c20d7a5deea,Bijutsu-kan Gallery,OPERATING,,2026-10-05T13:00:01.194Z
2026-10-06T00:31:12.200234+00:00,47f90d2c-e191-4239-a466-5892ef59a88b,EPCOT,75449e85-c410-4cef-a368-9d2ea5d52b58,Journey Into Imagination With Figment,DOWN,,2026-10-06T00:04:23.498Z
2026-10-06T00:31:12.200234+00:00,47f90d2c-e191-4239-a466-5892ef59a88b,EPCOT,7969166f-feef-4350-b26e-6a6c745528f4,SeaBase Aquarium,OPERATING,,2026-10-05T12:30:00.602Z
2026-10-06T00:31:12.200234+00:00,47f90d2c-e191-4239-a466-5892ef59a88b,EPCOT,81b15dfd-cf6a-466f-be59-3dd65d2a2807,Soarin' Across America,OPERATING,35,2026-10-06T00:30:30.901Z
2026-10-06T00:31:12.200234+00:00,47f90d2c-e191-4239-a466-5892ef59a88b,EPCOT,8c8cd77d-97f6-4309-b285-42aad90e9f15,Beauty and the Beast Sing-Along,CLOSED,,2026-10-05T22:30:27.289Z
2026-10-06T00:31:12.200234+00:00,47f90d2c-e191-4239-a466-5892ef59a88b,EPCOT,8d7ccdb1-a22b-4e26-8dc8-65b1938ed5f0,Frozen Ever After,OPERATING,55,2026-10-06T00:19:28.787Z
2026-10-06T00:31:12.200234+00:00,47f90d2c-e191-4239-a466-5892ef59a88b,EPCOT,8f353879-d6ac-4211-9352-4029efb47c18,Living with the Land,OPERATING,5,2026-10-06T00:29:18.740Z
2026-10-06T00:31:12.200234+00:00,47f90d2c-e191-4239-a466-5892ef59a88b,EPCOT,8f8746cb-c714-4c60-848d-e2dc4e6f586b,Mexico Folk Art Gallery,OPERATING,,2026-10-05T13:00:01.176Z
2026-10-06T00:31:12.200234+00:00,47f90d2c-e191-4239-a466-5892ef59a88b,EPCOT,9053240b-7f7f-44fe-970b-bd7956cd5d4f,Project Tomorrow: Inventing the Wonders of the Future,OPERATING,,2026-10-05T13:00:00.892Z
2026-10-06T00:31:12.200234+00:00,47f90d2c-e191-4239-a466-5892ef59a88b,EPCOT,dae68dee-dfba-4128-b594-6aa12add1070,"Journey of Water, Inspired by Moana",OPERATING,,2026-10-05T12:31:25.894Z
2026-10-06T00:31:12.200234+00:00,47f90d2c-e191-4239-a466-5892ef59a88b,EPCOT,e3549451-b284-453d-9c31-e3b1207abd79,Guardians of the Galaxy: Cosmic Rewind,OPERATING,60,2026-10-06T00:28:31.353Z
2026-10-06T00:31:12.200234+00:00,47f90d2c-e191-4239-a466-5892ef59a88b,EPCOT,ee070d46-6a64-41c0-9f12-69dcfcca10a0,Reflections of China,OPERATING,15,2026-10-05T15:39:25.126Z
2026-10-06T00:31:12.200234+00:00,47f90d2c-e191-4239-a466-5892ef59a88b,EPCOT,fb076275-0570-4d62-b2a9-4d6515130fa3,The Seas with Nemo & Friends,OPERATING,5,2026-10-06T00:29:18.681Z
2026-10-06T14:19:25.088943+00:00,47f90d2c-e191-4239-a466-5892ef59a88b,EPCOT,00666fe9-7774-4b53-9fb7-3d333f8aa503,Impressions de France,CLOSED,,2026-10-06T13:30:36.733Z
2026-10-06T14:19:25.088943+00:00,47f90d2c-e191-4239-a466-5892ef59a88b,EPCOT,07dbeaea-85fa-45f2-872f-02f9e7510419,Gallery of Arts and History,OPERATING,,2026-10-06T13:00:00.986Z
2026-10-06T14:19:25.088943+00:00,47f90d2c-e191-4239-a466-5892ef59a88b,EPCOT,0f40274d-420a-425a-9377-29fd6e49484f,House of the Whispering Willows,OPERATING,,2026-10-06T13:00:00.597Z
2026-10-06T14:19:25.088943+00:00,47f90d2c-e191-4239-a466-5892ef59a88b,EPCOT,18c533d6-a395-4ae4-9488-80fce9c497fe,Palais du Cinéma,OPERATING,,2026-10-06T12:30:00.531Z
2026-10-06T14:19:25.088943+00:00,47f90d2c-e191-4239-a466-5892ef59a88b,EPCOT,1e735ffb-4868-47f1-b2cd-2ac1156cd5f0,Remy's Ratatouille Adventure,OPERATING,35,2026-10-06T14:15:00.440Z
2026-10-06T14:19:25.088943+00:00,47f90d2c-e191-4239-a466-5892ef59a88b,EPCOT,1f542745-cda1-4786-a536-5fff373e5964,The American Adventure,CLOSED,,2026-10-06T05:04:21.802Z
2026-10-06T14:19:25.088943+00:00,47f90d2c-e191-4239-a466-5892ef59a88b,EPCOT,22f48b73-01df-460e-8969-9eb2b4ae836c,Gran Fiesta Tour Starring The Three Caballeros,OPERATING,5,2026-10-06T13:01:41.747Z
2026-10-06T14:19:25.088943+00:00,47f90d2c-e191-4239-a466-5892ef59a88b,EPCOT,2ecc4fff-2994-476f-9926-24a4af173838,Bruce's Shark World,OPERATING,,2026-10-06T13:00:00.904Z
2026-10-06T14:19:25.088943+00:00,47f90d2c-e191-4239-a466-5892ef59a88b,EPCOT,35ed719b-f7f0-488f-8346-4fbf8055d373,Disney and Pixar Short Film Festival,OPERATING,,2026-10-06T14:15:00.098Z
2026-10-06T14:19:25.088943+00:00,47f90d2c-e191-4239-a466-5892ef59a88b,EPCOT,37ae57c5-feaf-4e47-8f27-4b385be200f0,Test Track,OPERATING,65,2026-10-06T14:16:37.736Z
2026-10-06T14:19:25.088943+00:00,47f90d2c-e191-4239-a466-5892ef59a88b,EPCOT,3ace01d1-15fc-4fbb-99e4-81a696cb2d05,Kidcot Fun Stops,OPERATING,,2026-10-06T14:00:03.993Z
2026-10-06T14:19:25.088943+00:00,47f90d2c-e191-4239-a466-5892ef59a88b,EPCOT,3d8f8f8f-f984-4d2e-8dea-5a79432bdf05,Advanced Training Lab,CLOSED,,2026-10-06T05:04:21.672Z
2026-10-06T14:19:25.088943+00:00,47f90d2c-e191-4239-a466-5892ef59a88b,EPCOT,3e5f26ee-c02d-47fd-891e-5e4479073444,"ImageWorks - The ""What If"" Labs",OPERATING,,2026-10-06T13:00:01.000Z
2026-10-06T14:19:25.088943+00:00,47f90d2c-e191-4239-a466-5892ef59a88b,EPCOT,480fde8f-fe58-4bfb-b3ab-052a39d4db7c,Spaceship Earth,OPERATING,15,2026-10-06T14:16:37.728Z
2026-10-06T14:19:25.088943+00:00,47f90d2c-e191-4239-a466-5892ef59a88b,EPCOT,482169b9-2889-4747-8aef-f9d13a37d940,Awesome Planet,OPERATING,,2026-10-06T13:01:41.733Z
2026-10-06T14:19:25.088943+00:00,47f90d2c-e191-4239-a466-5892ef59a88b,EPCOT,4f0df9e7-d4c1-45b5-93e2-4a7bc92547b0,American Heritage Gallery,OPERATING,,2026-10-06T13:00:00.849Z
2026-10-06T14:19:25.088943+00:00,47f90d2c-e191-4239-a466-5892ef59a88b,EPCOT,57acb522-a6fc-4aa4-a80e-21f21f317250,Turtle Talk With Crush,OPERATING,15,2026-10-06T14:15:00.517Z
2026-10-06T14:19:25.088943+00:00,47f90d2c-e191-4239-a466-5892ef59a88b,EPCOT,5b6475ad-4e9a-4793-b841-501aa382c9c0,Mission: SPACE,OPERATING,15,2026-10-06T14:15:00.733Z
2026-10-06T14:19:25.088943+00:00,47f90d2c-e191-4239-a466-5892ef59a88b,EPCOT,61fb49f8-e62f-4e1c-ae0e-8ab9929037bc,Canada Far and Wide in Circle-Vision 360,OPERATING,15,2026-10-06T13:00:36.767Z
2026-10-06T14:19:25.088943+00:00,47f90d2c-e191-4239-a466-5892ef59a88b,EPCOT,66ff36de-9cb3-4d9a-b891-1665d19ffb3e,Stave Church Gallery,OPERATING,,2026-10-06T13:00:00.922Z
2026-10-06T14:19:25.088943+00:00,47f90d2c-e191-4239-a466-5892ef59a88b,EPCOT,6f1d3b25-42c9-4e99-9dce-6c20d7a5deea,Bijutsu-kan Gallery,OPERATING,,2026-10-06T13:00:01.200Z
2026-10-06T14:19:25.088943+00:00,47f90d2c-e191-4239-a466-5892ef59a88b,EPCOT,75449e85-c410-4cef-a368-9d2ea5d52b58,Journey Into Imagination With Figment,OPERATING,10,2026-10-06T14:15:00.624Z
2026-10-06T14:19:25.088943+00:00,47f90d2c-e191-4239-a466-5892ef59a88b,EPCOT,7969166f-feef-4350-b26e-6a6c745528f4,SeaBase Aquarium,OPERATING,,2026-10-06T12:30:00.543Z
2026-10-06T14:19:25.088943+00:00,47f90d2c-e191-4239-a466-5892ef59a88b,EPCOT,81b15dfd-cf6a-466f-be59-3dd65d2a2807,Soarin' Across America,OPERATING,25,2026-10-06T14:18:33.624Z
2026-10-06T14:19:25.088943+00:00,47f90d2c-e191-4239-a466-5892ef59a88b,EPCOT,8c8cd77d-97f6-4309-b285-42aad90e9f15,Beauty and the Beast Sing-Along,OPERATING,,2026-10-06T14:01:42.712Z
2026-10-06T14:19:25.088943+00:00,47f90d2c-e191-4239-a466-5892ef59a88b,EPCOT,8d7ccdb1-a22b-4e26-8dc8-65b1938ed5f0,Frozen Ever After,OPERATING,55,2026-10-06T14:17:41.643Z
2026-10-06T14:19:25.088943+00:00,47f90d2c-e191-4239-a466-5892ef59a88b,EPCOT,8f353879-d6ac-4211-9352-4029efb47c18,Living with the Land,OPERATING,15,2026-10-06T14:12:38.382Z
2026-10-06T14:19:25.088943+00:00,47f90d2c-e191-4239-a466-5892ef59a88b,EPCOT,8f8746cb-c714-4c60-848d-e2dc4e6f586b,Mexico Folk Art Gallery,OPERATING,,2026-10-06T13:00:01.163Z
2026-10-06T14:19:25.088943+00:00,47f90d2c-e191-4239-a466-5892ef59a88b,EPCOT,9053240b-7f7f-44fe-970b-bd7956cd5d4f,Project Tomorrow: Inventing the Wonders of the Future,OPERATING,,2026-10-06T13:00:00.818Z
2026-10-06T14:19:25.088943+00:00,47f90d2c-e191-4239-a466-5892ef59a88b,EPCOT,dae68dee-dfba-4128-b594-6aa12add1070,"Journey of Water, Inspired by Moana",OPERATING,,2026-10-06T12:31:35.550Z
2026-10-06T14:19:25.088943+00:00,47f90d2c-e191-4239-a466-5892ef59a88b,EPCOT,e3549451-b284-453d-9c31-e3b1207abd79,Guardians of the Galaxy: Cosmic Rewind,OPERATING,45,2026-10-06T13:51:42.584Z
2026-10-06T14:19:25.088943+00:00,47f90d2c-e191-4239-a466-5892ef59a88b,EPCOT,ee070d46-6a64-41c0-9f12-69dcfcca10a0,Reflections of China,OPERATING,,2026-10-06T13:01:41.814Z
2026-10-06T14:19:25.088943+00:00,47f90d2c-e191-4239-a466-5892ef59a88b,EPCOT,fb076275-0570-4d62-b2a9-4d6515130fa3,The Seas with Nemo & Friends,OPERATING,5,2026-10-06T14:09:00.625Z
2026-10-06T19:38:22.115507+00:00,47f90d2c-e191-4239-a466-5892ef59a88b,EPCOT,00666fe9-7774-4b53-9fb7-3d333f8aa503,Impressions de France,CLOSED,,2026-10-06T13:30:36.733Z
2026-10-06T19:38:22.115507+00:00,47f90d2c-e191-4239-a466-5892ef59a88b,EPCOT,07dbeaea-85fa-45f2-872f-02f9e7510419,Gallery of Arts and History,OPERATING,,2026-10-06T13:00:00.986Z
2026-10-06T19:38:22.115507+00:00,47f90d2c-e191-4239-a466-5892ef59a88b,EPCOT,0f40274d-420a-425a-9377-29fd6e49484f,House of the Whispering Willows,OPERATING,,2026-10-06T13:00:00.597Z
2026-10-06T19:38:22.115507+00:00,47f90d2c-e191-4239-a466-5892ef59a88b,EPCOT,18c533d6-a395-4ae4-9488-80fce9c497fe,Palais du Cinéma,OPERATING,,2026-10-06T12:30:00.531Z
2026-10-06T19:38:22.115507+00:00,47f90d2c-e191-4239-a466-5892ef59a88b,EPCOT,1e735ffb-4868-47f1-b2cd-2ac1156cd5f0,Remy's Ratatouille Adventure,OPERATING,50,2026-10-06T19:32:41.475Z
2026-10-06T19:38:22.115507+00:00,47f90d2c-e191-4239-a466-5892ef59a88b,EPCOT,1f542745-cda1-4786-a536-5fff373e5964,The American Adventure,OPERATING,,2026-10-06T14:45:00.819Z
2026-10-06T19:38:22.115507+00:00,47f90d2c-e191-4239-a466-5892ef59a88b,EPCOT,22f48b73-01df-460e-8969-9eb2b4ae836c,Gran Fiesta Tour Starring The Three Caballeros,OPERATING,5,2026-10-06T19:10:38.268Z
2026-10-06T19:38:22.115507+00:00,47f90d2c-e191-4239-a466-5892ef59a88b,EPCOT,2ecc4fff-2994-476f-9926-24a4af173838,Bruce's Shark World,OPERATING,,2026-10-06T13:00:00.904Z
2026-10-06T19:38:22.115507+00:00,47f90d2c-e191-4239-a466-5892ef59a88b,EPCOT,35ed719b-f7f0-488f-8346-4fbf8055d373,Disney and Pixar Short Film Festival,OPERATING,,2026-10-06T19:34:56.890Z
2026-10-06T19:38:22.115507+00:00,47f90d2c-e191-4239-a466-5892ef59a88b,EPCOT,37ae57c5-feaf-4e47-8f27-4b385be200f0,Test Track,DOWN,,2026-10-06T16:02:14.262Z
2026-10-06T19:38:22.115507+00:00,47f90d2c-e191-4239-a466-5892ef59a88b,EPCOT,3ace01d1-15fc-4fbb-99e4-81a696cb2d05,Kidcot Fun Stops,OPERATING,,2026-10-06T14:00:03.993Z
2026-10-06T19:38:22.115507+00:00,47f90d2c-e191-4239-a466-5892ef59a88b,EPCOT,3d8f8f8f-f984-4d2e-8dea-5a79432bdf05,Advanced Training Lab,OPERATING,,2026-10-06T16:00:00.983Z
2026-10-06T19:38:22.115507+00:00,47f90d2c-e191-4239-a466-5892ef59a88b,EPCOT,3e5f26ee-c02d-47fd-891e-5e4479073444,"ImageWorks - The ""What If"" Labs",OPERATING,,2026-10-06T13:00:01.000Z
2026-10-06T19:38:22.115507+00:00,47f90d2c-e191-4239-a466-5892ef59a88b,EPCOT,480fde8f-fe58-4bfb-b3ab-052a39d4db7c,Spaceship Earth,DOWN,,2026-10-06T19:23:33.231Z
2026-10-06T19:38:22.115507+00:00,47f90d2c-e191-4239-a466-5892ef59a88b,EPCOT,482169b9-2889-4747-8aef-f9d13a37d940,Awesome Planet,OPERATING,,2026-10-06T13:01:41.733Z
2026-10-06T19:38:22.115507+00:00,47f90d2c-e191-4239-a466-5892ef59a88b,EPCOT,4f0df9e7-d4c1-45b5-93e2-4a7bc92547b0,American Heritage Gallery,OPERATING,,2026-10-06T13:00:00.849Z
2026-10-06T19:38:22.115507+00:00,47f90d2c-e191-4239-a466-5892ef59a88b,EPCOT,57acb522-a6fc-4aa4-a80e-21f21f317250,Turtle Talk With Crush,OPERATING,15,2026-10-06T19:34:56.967Z
2026-10-06T19:38:22.115507+00:00,47f90d2c-e191-4239-a466-5892ef59a88b,EPCOT,5b6475ad-4e9a-4793-b841-501aa382c9c0,Mission: SPACE,OPERATING,15,2026-10-06T19:34:57.046Z
2026-10-06T19:38:22.115507+00:00,47f90d2c-e191-4239-a466-5892ef59a88b,EPCOT,61fb49f8-e62f-4e1c-ae0e-8ab9929037bc,Canada Far and Wide in Circle-Vision 360,OPERATING,15,2026-10-06T13:00:36.767Z
2026-10-06T19:38:22.115507+00:00,47f90d2c-e191-4239-a466-5892ef59a88b,EPCOT,66ff36de-9cb3-4d9a-b891-1665d19ffb3e,Stave Church Gallery,OPERATING,,2026-10-06T13:00:00.922Z
2026-10-06T19:38:22.115507+00:00,47f90d2c-e191-4239-a466-5892ef59a88b,EPCOT,6f1d3b25-42c9-4e99-9dce-6c20d7a5deea,Bijutsu-kan Gallery,OPERATING,,2026-10-06T13:00:01.200Z
2026-10-06T19:38:22.115507+00:00,47f90d2c-e191-4239-a466-5892ef59a88b,EPCOT,75449e85-c410-4cef-a368-9d2ea5d52b58,Journey Into Imagination With Figment,OPERATING,5,2026-10-06T19:34:56.997Z
2026-10-06T19:38:22.115507+00:00,47f90d2c-e191-4239-a466-5892ef59a88b,EPCOT,7969166f-feef-4350-b26e-6a6c745528f4,SeaBase Aquarium,OPERATING,,2026-10-06T12:30:00.543Z
2026-10-06T19:38:22.115507+00:00,47f90d2c-e191-4239-a466-5892ef59a88b,EPCOT,81b15dfd-cf6a-466f-be59-3dd65d2a2807,Soarin' Across America,OPERATING,25,2026-10-06T19:33:20.649Z
2026-10-06T19:38:22.115507+00:00,47f90d2c-e191-4239-a466-5892ef59a88b,EPCOT,8c8cd77d-97f6-4309-b285-42aad90e9f15,Beauty and the Beast Sing-Along,OPERATING,15,2026-10-06T14:50:36.414Z
2026-10-06T19:38:22.115507+00:00,47f90d2c-e191-4239-a466-5892ef59a88b,EPCOT,8d7ccdb1-a22b-4e26-8dc8-65b1938ed5f0,Frozen Ever After,DOWN,,2026-10-06T19:08:41.630Z
2026-10-06T19:38:22.115507+00:00,47f90d2c-e191-4239-a466-5892ef59a88b,EPCOT,8f353879-d6ac-4211-9352-4029efb47c18,Living with the Land,OPERATING,20,2026-10-06T19:34:57.014Z
2026-10-06T19:38:22.115507+00:00,47f90d2c-e191-4239-a466-5892ef59a88b,EPCOT,8f8746cb-c714-4c60-848d-e2dc4e6f586b,Mexico Folk Art Gallery,OPERATING,,2026-10-06T13:00:01.163Z
2026-10-06T19:38:22.115507+00:00,47f90d2c-e191-4239-a466-5892ef59a88b,EPCOT,9053240b-7f7f-44fe-970b-bd7956cd5d4f,Project Tomorrow: Inventing the Wonders of the Future,OPERATING,,2026-10-06T13:00:00.818Z
2026-10-06T19:38:22.115507+00:00,47f90d2c-e191-4239-a466-5892ef59a88b,EPCOT,dae68dee-dfba-4128-b594-6aa12add1070,"Journey of Water, Inspired by Moana",OPERATING,,2026-10-06T12:31:35.550Z
2026-10-06T19:38:22.115507+00:00,47f90d2c-e191-4239-a466-5892ef59a88b,EPCOT,e3549451-b284-453d-9c31-e3b1207abd79,Guardians of the Galaxy: Cosmic Rewind,OPERATING,65,2026-10-06T19:26:38.027Z
2026-10-06T19:38:22.115507+00:00,47f90d2c-e191-4239-a466-5892ef59a88b,EPCOT,ee070d46-6a64-41c0-9f12-69dcfcca10a0,Reflections of China,OPERATING,15,2026-10-06T16:08:36.945Z
2026-10-06T19:38:22.115507+00:00,47f90d2c-e191-4239-a466-5892ef59a88b,EPCOT,fb076275-0570-4d62-b2a9-4d6515130fa3,The Seas with Nemo & Friends,OPERATING,10,2026-10-06T19:34:56.809Z
2026-10-06T23:29:20.937310+00:00,47f90d2c-e191-4239-a466-5892ef59a88b,EPCOT,00666fe9-7774-4b53-9fb7-3d333f8aa503,Impressions de France,OPERATING,,2026-10-06T23:00:40.028Z
2026-10-06T23:29:20.937310+00:00,47f90d2c-e191-4239-a466-5892ef59a88b,EPCOT,07dbeaea-85fa-45f2-872f-02f9e7510419,Gallery of Arts and History,OPERATING,,2026-10-06T13:00:00.986Z
2026-10-06T23:29:20.937310+00:00,47f90d2c-e191-4239-a466-5892ef59a88b,EPCOT,0f40274d-420a-425a-9377-29fd6e49484f,House of the Whispering Willows,OPERATING,,2026-10-06T13:00:00.597Z
2026-10-06T23:29:20.937310+00:00,47f90d2c-e191-4239-a466-5892ef59a88b,EPCOT,18c533d6-a395-4ae4-9488-80fce9c497fe,Palais du Cinéma,OPERATING,,2026-10-06T12:30:00.531Z
2026-10-06T23:29:20.937310+00:00,47f90d2c-e191-4239-a466-5892ef59a88b,EPCOT,1e735ffb-4868-47f1-b2cd-2ac1156cd5f0,Remy's Ratatouille Adventure,OPERATING,60,2026-10-06T23:27:39.479Z
2026-10-06T23:29:20.937310+00:00,47f90d2c-e191-4239-a466-5892ef59a88b,EPCOT,1f542745-cda1-4786-a536-5fff373e5964,The American Adventure,OPERATING,,2026-10-06T14:45:00.819Z
2026-10-06T23:29:20.937310+00:00,47f90d2c-e191-4239-a466-5892ef59a88b,EPCOT,22f48b73-01df-460e-8969-9eb2b4ae836c,Gran Fiesta Tour Starring The Three Caballeros,OPERATING,5,2026-10-06T22:48:41.201Z
2026-10-06T23:29:20.937310+00:00,47f90d2c-e191-4239-a466-5892ef59a88b,EPCOT,2ecc4fff-2994-476f-9926-24a4af173838,Bruce's Shark World,OPERATING,,2026-10-06T13:00:00.904Z
2026-10-06T23:29:20.937310+00:00,47f90d2c-e191-4239-a466-5892ef59a88b,EPCOT,35ed719b-f7f0-488f-8346-4fbf8055d373,Disney and Pixar Short Film Festival,OPERATING,,2026-10-06T23:24:46.272Z
2026-10-06T23:29:20.937310+00:00,47f90d2c-e191-4239-a466-5892ef59a88b,EPCOT,37ae57c5-feaf-4e47-8f27-4b385be200f0,Test Track,DOWN,,2026-10-06T16:02:14.262Z
2026-10-06T23:29:20.937310+00:00,47f90d2c-e191-4239-a466-5892ef59a88b,EPCOT,3ace01d1-15fc-4fbb-99e4-81a696cb2d05,Kidcot Fun Stops,OPERATING,,2026-10-06T14:00:03.993Z
2026-10-06T23:29:20.937310+00:00,47f90d2c-e191-4239-a466-5892ef59a88b,EPCOT,3d8f8f8f-f984-4d2e-8dea-5a79432bdf05,Advanced Training Lab,CLOSED,,2026-10-06T22:00:03.104Z
2026-10-06T23:29:20.937310+00:00,47f90d2c-e191-4239-a466-5892ef59a88b,EPCOT,3e5f26ee-c02d-47fd-891e-5e4479073444,"ImageWorks - The ""What If"" Labs",OPERATING,,2026-10-06T13:00:01.000Z
2026-10-06T23:29:20.937310+00:00,47f90d2c-e191-4239-a466-5892ef59a88b,EPCOT,480fde8f-fe58-4bfb-b3ab-052a39d4db7c,Spaceship Earth,OPERATING,10,2026-10-06T23:24:46.332Z
2026-10-06T23:29:20.937310+00:00,47f90d2c-e191-4239-a466-5892ef59a88b,EPCOT,482169b9-2889-4747-8aef-f9d13a37d940,Awesome Planet,OPERATING,,2026-10-06T13:01:41.733Z
2026-10-06T23:29:20.937310+00:00,47f90d2c-e191-4239-a466-5892ef59a88b,EPCOT,4f0df9e7-d4c1-45b5-93e2-4a7bc92547b0,American Heritage Gallery,OPERATING,,2026-10-06T13:00:00.849Z
2026-10-06T23:29:20.937310+00:00,47f90d2c-e191-4239-a466-5892ef59a88b,EPCOT,57acb522-a6fc-4aa4-a80e-21f21f317250,Turtle Talk With Crush,OPERATING,15,2026-10-06T23:24:46.292Z
2026-10-06T23:29:20.937310+00:00,47f90d2c-e191-4239-a466-5892ef59a88b,EPCOT,5b6475ad-4e9a-4793-b841-501aa382c9c0,Mission: SPACE,OPERATING,15,2026-10-06T23:24:46.323Z
2026-10-06T23:29:20.937310+00:00,47f90d2c-e191-4239-a466-5892ef59a88b,EPCOT,61fb49f8-e62f-4e1c-ae0e-8ab9929037bc,Canada Far and Wide in Circle-Vision 360,OPERATING,15,2026-10-06T13:00:36.767Z
2026-10-06T23:29:20.937310+00:00,47f90d2c-e191-4239-a466-5892ef59a88b,EPCOT,66ff36de-9cb3-4d9a-b891-1665d19ffb3e,Stave Church Gallery,OPERATING,,2026-10-06T13:00:00.922Z
2026-10-06T23:29:20.937310+00:00,47f90d2c-e191-4239-a466-5892ef59a88b,EPCOT,6f1d3b25-42c9-4e99-9dce-6c20d7a5deea,Bijutsu-kan Gallery,OPERATING,,2026-10-06T13:00:01.200Z
2026-10-06T23:29:20.937310+00:00,47f90d2c-e191-4239-a466-5892ef59a88b,EPCOT,75449e85-c410-4cef-a368-9d2ea5d52b58,Journey Into Imagination With Figment,OPERATING,5,2026-10-06T23:24:46.303Z
2026-10-06T23:29:20.937310+00:00,47f90d2c-e191-4239-a466-5892ef59a88b,EPCOT,7969166f-feef-4350-b26e-6a6c745528f4,SeaBase Aquarium,OPERATING,,2026-10-06T12:30:00.543Z
2026-10-06T23:29:20.937310+00:00,47f90d2c-e191-4239-a466-5892ef59a88b,EPCOT,81b15dfd-cf6a-466f-be59-3dd65d2a2807,Soarin' Across America,OPERATING,20,2026-10-06T23:28:17.048Z
2026-10-06T23:29:20.937310+00:00,47f90d2c-e191-4239-a466-5892ef59a88b,EPCOT,8c8cd77d-97f6-4309-b285-42aad90e9f15,Beauty and the Beast Sing-Along,CLOSED,,2026-10-06T22:30:41.367Z
2026-10-06T23:29:20.937310+00:00,47f90d2c-e191-4239-a466-5892ef59a88b,EPCOT,8d7ccdb1-a22b-4e26-8dc8-65b1938ed5f0,Frozen Ever After,OPERATING,75,2026-10-06T23:12:38.476Z
2026-10-06T23:29:20.937310+00:00,47f90d2c-e191-4239-a466-5892ef59a88b,EPCOT,8f353879-d6ac-4211-9352-4029efb47c18,Living with the Land,OPERATING,5,2026-10-06T23:24:46.313Z
2026-10-06T23:29:20.937310+00:00,47f90d2c-e191-4239-a466-5892ef59a88b,EPCOT,8f8746cb-c714-4c60-848d-e2dc4e6f586b,Mexico Folk Art Gallery,OPERATING,,2026-10-06T13:00:01.163Z
2026-10-06T23:29:20.937310+00:00,47f90d2c-e191-4239-a466-5892ef59a88b,EPCOT,9053240b-7f7f-44fe-970b-bd7956cd5d4f,Project Tomorrow: Inventing the Wonders of the Future,OPERATING,,2026-10-06T13:00:00.818Z
2026-10-06T23:29:20.937310+00:00,47f90d2c-e191-4239-a466-5892ef59a88b,EPCOT,dae68dee-dfba-4128-b594-6aa12add1070,"Journey of Water, Inspired by Moana",OPERATING,,2026-10-06T12:31:35.550Z
2026-10-06T23:29:20.937310+00:00,47f90d2c-e191-4239-a466-5892ef59a88b,EPCOT,e3549451-b284-453d-9c31-e3b1207abd79,Guardians of the Galaxy: Cosmic Rewind,OPERATING,70,2026-10-06T23:17:40.422Z
2026-10-06T23:29:20.937310+00:00,47f90d2c-e191-4239-a466-5892ef59a88b,EPCOT,ee070d46-6a64-41c0-9f12-69dcfcca10a0,Reflections of China,OPERATING,15,2026-10-06T16:08:36.945Z
2026-10-06T23:29:20.937310+00:00,47f90d2c-e191-4239-a466-5892ef59a88b,EPCOT,fb076275-0570-4d62-b2a9-4d6515130fa3,The Seas with Nemo & Friends,OPERATING,5,2026-10-06T23:24:46.260Z
2026-10-07T17:08:18.994212+00:00,47f90d2c-e191-4239-a466-5892ef59a88b,EPCOT,00666fe9-7774-4b53-9fb7-3d333f8aa503,Impressions de France,CLOSED,,2026-10-07T13:30:50.159Z
2026-10-07T17:08:18.994212+00:00,47f90d2c-e191-4239-a466-5892ef59a88b,EPCOT,07dbeaea-85fa-45f2-872f-02f9e7510419,Gallery of Arts and History,OPERATING,,2026-10-07T13:00:00.671Z
2026-10-07T17:08:18.994212+00:00,47f90d2c-e191-4239-a466-5892ef59a88b,EPCOT,0f40274d-420a-425a-9377-29fd6e49484f,House of the Whispering Willows,OPERATING,,2026-10-07T13:00:00.539Z
2026-10-07T17:08:18.994212+00:00,47f90d2c-e191-4239-a466-5892ef59a88b,EPCOT,18c533d6-a395-4ae4-9488-80fce9c497fe,Palais du Cinéma,OPERATING,,2026-10-07T12:30:00.812Z
2026-10-07T17:08:18.994212+00:00,47f90d2c-e191-4239-a466-5892ef59a88b,EPCOT,1e735ffb-4868-47f1-b2cd-2ac1156cd5f0,Remy's Ratatouille Adventure,OPERATING,45,2026-10-07T16:57:50.458Z
2026-10-07T17:08:18.994212+00:00,47f90d2c-e191-4239-a466-5892ef59a88b,EPCOT,1f542745-cda1-4786-a536-5fff373e5964,The American Adventure,OPERATING,,2026-10-07T14:45:00.523Z
2026-10-07T17:08:18.994212+00:00,47f90d2c-e191-4239-a466-5892ef59a88b,EPCOT,22f48b73-01df-460e-8969-9eb2b4ae836c,Gran Fiesta Tour Starring The Three Caballeros,OPERATING,5,2026-10-07T13:47:52.127Z
2026-10-07T17:08:18.994212+00:00,47f90d2c-e191-4239-a466-5892ef59a88b,EPCOT,2ecc4fff-2994-476f-9926-24a4af173838,Bruce's Shark World,OPERATING,,2026-10-07T13:00:00.621Z
2026-10-07T17:08:18.994212+00:00,47f90d2c-e191-4239-a466-5892ef59a88b,EPCOT,35ed719b-f7f0-488f-8346-4fbf8055d373,Disney and Pixar Short Film Festival,OPERATING,,2026-10-07T17:05:17.474Z
2026-10-07T17:08:18.994212+00:00,47f90d2c-e191-4239-a466-5892ef59a88b,EPCOT,37ae57c5-feaf-4e47-8f27-4b385be200f0,Test Track,DOWN,,2026-10-07T12:59:21.868Z
2026-10-07T17:08:18.994212+00:00,47f90d2c-e191-4239-a466-5892ef59a88b,EPCOT,3ace01d1-15fc-4fbb-99e4-81a696cb2d05,Kidcot Fun Stops,OPERATING,,2026-10-07T14:00:01.394Z
2026-10-07T17:08:18.994212+00:00,47f90d2c-e191-4239-a466-5892ef59a88b,EPCOT,3d8f8f8f-f984-4d2e-8dea-5a79432bdf05,Advanced Training Lab,OPERATING,,2026-10-07T16:00:03.168Z
2026-10-07T17:08:18.994212+00:00,47f90d2c-e191-4239-a466-5892ef59a88b,EPCOT,3e5f26ee-c02d-47fd-891e-5e4479073444,"ImageWorks - The ""What If"" Labs",OPERATING,,2026-10-07T13:00:00.686Z
2026-10-07T17:08:18.994212+00:00,47f90d2c-e191-4239-a466-5892ef59a88b,EPCOT,480fde8f-fe58-4bfb-b3ab-052a39d4db7c,Spaceship Earth,OPERATING,30,2026-10-07T17:04:46.515Z
2026-10-07T17:08:18.994212+00:00,47f90d2c-e191-4239-a466-5892ef59a88b,EPCOT,482169b9-2889-4747-8aef-f9d13a37d940,Awesome Planet,OPERATING,,2026-10-07T13:02:03.491Z
2026-10-07T17:08:18.994212+00:00,47f90d2c-e191-4239-a466-5892ef59a88b,EPCOT,4f0df9e7-d4c1-45b5-93e2-4a7bc92547b0,American Heritage Gallery,OPERATING,,2026-10-07T13:00:00.588Z
2026-10-07T17:08:18.994212+00:00,47f90d2c-e191-4239-a466-5892ef59a88b,EPCOT,57acb522-a6fc-4aa4-a80e-21f21f317250,Turtle Talk With Crush,OPERATING,15,2026-10-07T17:05:17.526Z
2026-10-07T17:08:18.994212+00:00,47f90d2c-e191-4239-a466-5892ef59a88b,EPCOT,5b6475ad-4e9a-4793-b841-501aa382c9c0,Mission: SPACE,OPERATING,15,2026-10-07T17:05:17.593Z
2026-10-07T17:08:18.994212+00:00,47f90d2c-e191-4239-a466-5892ef59a88b,EPCOT,61fb49f8-e62f-4e1c-ae0e-8ab9929037bc,Canada Far and Wide in Circle-Vision 360,OPERATING,15,2026-10-07T13:02:45.642Z
2026-10-07T17:08:18.994212+00:00,47f90d2c-e191-4239-a466-5892ef59a88b,EPCOT,66ff36de-9cb3-4d9a-b891-1665d19ffb3e,Stave Church Gallery,OPERATING,,2026-10-07T13:00:00.637Z
2026-10-07T17:08:18.994212+00:00,47f90d2c-e191-4239-a466-5892ef59a88b,EPCOT,6f1d3b25-42c9-4e99-9dce-6c20d7a5deea,Bijutsu-kan Gallery,OPERATING,,2026-10-07T13:00:00.719Z
2026-10-07T17:08:18.994212+00:00,47f90d2c-e191-4239-a466-5892ef59a88b,EPCOT,75449e85-c410-4cef-a368-9d2ea5d52b58,Journey Into Imagination With Figment,OPERATING,5,2026-10-07T17:05:17.555Z
2026-10-07T17:08:18.994212+00:00,47f90d2c-e191-4239-a466-5892ef59a88b,EPCOT,7969166f-feef-4350-b26e-6a6c745528f4,SeaBase Aquarium,OPERATING,,2026-10-07T12:30:00.935Z
2026-10-07T17:08:18.994212+00:00,47f90d2c-e191-4239-a466-5892ef59a88b,EPCOT,81b15dfd-cf6a-466f-be59-3dd65d2a2807,Soarin' Across America,OPERATING,30,2026-10-07T17:03:34.107Z
2026-10-07T17:08:18.994212+00:00,47f90d2c-e191-4239-a466-5892ef59a88b,EPCOT,8c8cd77d-97f6-4309-b285-42aad90e9f15,Beauty and the Beast Sing-Along,OPERATING,15,2026-10-07T15:37:50.243Z
2026-10-07T17:08:18.994212+00:00,47f90d2c-e191-4239-a466-5892ef59a88b,EPCOT,8d7ccdb1-a22b-4e26-8dc8-65b1938ed5f0,Frozen Ever After,OPERATING,65,2026-10-07T16:37:01.064Z
2026-10-07T17:08:18.994212+00:00,47f90d2c-e191-4239-a466-5892ef59a88b,EPCOT,8f353879-d6ac-4211-9352-4029efb47c18,Living with the Land,OPERATING,20,2026-10-07T17:06:52.060Z
2026-10-07T17:08:18.994212+00:00,47f90d2c-e191-4239-a466-5892ef59a88b,EPCOT,8f8746cb-c714-4c60-848d-e2dc4e6f586b,Mexico Folk Art Gallery,OPERATING,,2026-10-07T13:00:00.703Z
2026-10-07T17:08:18.994212+00:00,47f90d2c-e191-4239-a466-5892ef59a88b,EPCOT,9053240b-7f7f-44fe-970b-bd7956cd5d4f,Project Tomorrow: Inventing the Wonders of the Future,OPERATING,,2026-10-07T13:00:00.576Z
2026-10-07T17:08:18.994212+00:00,47f90d2c-e191-4239-a466-5892ef59a88b,EPCOT,dae68dee-dfba-4128-b594-6aa12add1070,"Journey of Water, Inspired by Moana",OPERATING,,2026-10-07T12:30:45.958Z
2026-10-07T17:08:18.994212+00:00,47f90d2c-e191-4239-a466-5892ef59a88b,EPCOT,e3549451-b284-453d-9c31-e3b1207abd79,Guardians of the Galaxy: Cosmic Rewind,OPERATING,60,2026-10-07T17:05:17.518Z
2026-10-07T17:08:18.994212+00:00,47f90d2c-e191-4239-a466-5892ef59a88b,EPCOT,ee070d46-6a64-41c0-9f12-69dcfcca10a0,Reflections of China,OPERATING,15,2026-10-07T13:36:53.974Z
2026-10-07T17:08:18.994212+00:00,47f90d2c-e191-4239-a466-5892ef59a88b,EPCOT,fb076275-0570-4d62-b2a9-4d6515130fa3,The Seas with Nemo & Friends,OPERATING,20,2026-10-07T17:05:17.447Z
2026-10-07T22:08:59.801666+00:00,47f90d2c-e191-4239-a466-5892ef59a88b,EPCOT,00666fe9-7774-4b53-9fb7-3d333f8aa503,Impressions de France,CLOSED,,2026-10-07T13:30:50.159Z
2026-10-07T22:08:59.801666+00:00,47f90d2c-e191-4239-a466-5892ef59a88b,EPCOT,07dbeaea-85fa-45f2-872f-02f9e7510419,Gallery of Arts and History,OPERATING,,2026-10-07T13:00:00.671Z
2026-10-07T22:08:59.801666+00:00,47f90d2c-e191-4239-a466-5892ef59a88b,EPCOT,0f40274d-420a-425a-9377-29fd6e49484f,House of the Whispering Willows,OPERATING,,2026-10-07T13:00:00.539Z
2026-10-07T22:08:59.801666+00:00,47f90d2c-e191-4239-a466-5892ef59a88b,EPCOT,18c533d6-a395-4ae4-9488-80fce9c497fe,Palais du Cinéma,OPERATING,,2026-10-07T12:30:00.812Z
2026-10-07T22:08:59.801666+00:00,47f90d2c-e191-4239-a466-5892ef59a88b,EPCOT,1e735ffb-4868-47f1-b2cd-2ac1156cd5f0,Remy's Ratatouille Adventure,OPERATING,60,2026-10-07T22:03:53.668Z
2026-10-07T22:08:59.801666+00:00,47f90d2c-e191-4239-a466-5892ef59a88b,EPCOT,1f542745-cda1-4786-a536-5fff373e5964,The American Adventure,OPERATING,,2026-10-07T14:45:00.523Z
2026-10-07T22:08:59.801666+00:00,47f90d2c-e191-4239-a466-5892ef59a88b,EPCOT,22f48b73-01df-460e-8969-9eb2b4ae836c,Gran Fiesta Tour Starring The Three Caballeros,OPERATING,0,2026-10-07T22:06:50.601Z
2026-10-07T22:08:59.801666+00:00,47f90d2c-e191-4239-a466-5892ef59a88b,EPCOT,2ecc4fff-2994-476f-9926-24a4af173838,Bruce's Shark World,OPERATING,,2026-10-07T13:00:00.621Z
2026-10-07T22:08:59.801666+00:00,47f90d2c-e191-4239-a466-5892ef59a88b,EPCOT,35ed719b-f7f0-488f-8346-4fbf8055d373,Disney and Pixar Short Film Festival,OPERATING,,2026-10-07T22:05:04.930Z
2026-10-07T22:08:59.801666+00:00,47f90d2c-e191-4239-a466-5892ef59a88b,EPCOT,37ae57c5-feaf-4e47-8f27-4b385be200f0,Test Track,DOWN,,2026-10-07T20:17:51.668Z
2026-10-07T22:08:59.801666+00:00,47f90d2c-e191-4239-a466-5892ef59a88b,EPCOT,3ace01d1-15fc-4fbb-99e4-81a696cb2d05,Kidcot Fun Stops,OPERATING,,2026-10-07T14:00:01.394Z
2026-10-07T22:08:59.801666+00:00,47f90d2c-e191-4239-a466-5892ef59a88b,EPCOT,3d8f8f8f-f984-4d2e-8dea-5a79432bdf05,Advanced Training Lab,CLOSED,,2026-10-07T22:00:02.262Z
2026-10-07T22:08:59.801666+00:00,47f90d2c-e191-4239-a466-5892ef59a88b,EPCOT,3e5f26ee-c02d-47fd-891e-5e4479073444,"ImageWorks - The ""What If"" Labs",OPERATING,,2026-10-07T13:00:00.686Z
2026-10-07T22:08:59.801666+00:00,47f90d2c-e191-4239-a466-5892ef59a88b,EPCOT,480fde8f-fe58-4bfb-b3ab-052a39d4db7c,Spaceship Earth,OPERATING,5,2026-10-07T22:05:05.071Z
2026-10-07T22:08:59.801666+00:00,47f90d2c-e191-4239-a466-5892ef59a88b,EPCOT,482169b9-2889-4747-8aef-f9d13a37d940,Awesome Planet,OPERATING,,2026-10-07T13:02:03.491Z
2026-10-07T22:08:59.801666+00:00,47f90d2c-e191-4239-a466-5892ef59a88b,EPCOT,4f0df9e7-d4c1-45b5-93e2-4a7bc92547b0,American Heritage Gallery,OPERATING,,2026-10-07T13:00:00.588Z
2026-10-07T22:08:59.801666+00:00,47f90d2c-e191-4239-a466-5892ef59a88b,EPCOT,57acb522-a6fc-4aa4-a80e-21f21f317250,Turtle Talk With Crush,OPERATING,15,2026-10-07T22:05:04.979Z
2026-10-07T22:08:59.801666+00:00,47f90d2c-e191-4239-a466-5892ef59a88b,EPCOT,5b6475ad-4e9a-4793-b841-501aa382c9c0,Mission: SPACE,OPERATING,15,2026-10-07T22:05:05.061Z
2026-10-07T22:08:59.801666+00:00,47f90d2c-e191-4239-a466-5892ef59a88b,EPCOT,61fb49f8-e62f-4e1c-ae0e-8ab9929037bc,Canada Far and Wide in Circle-Vision 360,OPERATING,15,2026-10-07T13:02:45.642Z
2026-10-07T22:08:59.801666+00:00,47f90d2c-e191-4239-a466-5892ef59a88b,EPCOT,66ff36de-9cb3-4d9a-b891-1665d19ffb3e,Stave Church Gallery,OPERATING,,2026-10-07T13:00:00.637Z
2026-10-07T22:08:59.801666+00:00,47f90d2c-e191-4239-a466-5892ef59a88b,EPCOT,6f1d3b25-42c9-4e99-9dce-6c20d7a5deea,Bijutsu-kan Gallery,OPERATING,,2026-10-07T13:00:00.719Z
2026-10-07T22:08:59.801666+00:00,47f90d2c-e191-4239-a466-5892ef59a88b,EPCOT,75449e85-c410-4cef-a368-9d2ea5d52b58,Journey Into Imagination With Figment,OPERATING,5,2026-10-07T22:05:05.017Z
2026-10-07T22:08:59.801666+00:00,47f90d2c-e191-4239-a466-5892ef59a88b,EPCOT,7969166f-feef-4350-b26e-6a6c745528f4,SeaBase Aquarium,OPERATING,,2026-10-07T12:30:00.935Z
2026-10-07T22:08:59.801666+00:00,47f90d2c-e191-4239-a466-5892ef59a88b,EPCOT,81b15dfd-cf6a-466f-be59-3dd65d2a2807,Soarin' Across America,OPERATING,20,2026-10-07T22:04:02.909Z
2026-10-07T22:08:59.801666+00:00,47f90d2c-e191-4239-a466-5892ef59a88b,EPCOT,8c8cd77d-97f6-4309-b285-42aad90e9f15,Beauty and the Beast Sing-Along,OPERATING,15,2026-10-07T15:37:50.243Z
2026-10-07T22:08:59.801666+00:00,47f90d2c-e191-4239-a466-5892ef59a88b,EPCOT,8d7ccdb1-a22b-4e26-8dc8-65b1938ed5f0,Frozen Ever After,OPERATING,35,2026-10-07T22:07:54.701Z
2026-10-07T22:08:59.801666+00:00,47f90d2c-e191-4239-a466-5892ef59a88b,EPCOT,8f353879-d6ac-4211-9352-4029efb47c18,Living with the Land,OPERATING,5,2026-10-07T22:05:05.041Z
2026-10-07T22:08:59.801666+00:00,47f90d2c-e191-4239-a466-5892ef59a88b,EPCOT,8f8746cb-c714-4c60-848d-e2dc4e6f586b,Mexico Folk Art Gallery,OPERATING,,2026-10-07T13:00:00.703Z
2026-10-07T22:08:59.801666+00:00,47f90d2c-e191-4239-a466-5892ef59a88b,EPCOT,9053240b-7f7f-44fe-970b-bd7956cd5d4f,Project Tomorrow: Inventing the Wonders of the Future,OPERATING,,2026-10-07T13:00:00.576Z
2026-10-07T22:08:59.801666+00:00,47f90d2c-e191-4239-a466-5892ef59a88b,EPCOT,dae68dee-dfba-4128-b594-6aa12add1070,"Journey of Water, Inspired by Moana",OPERATING,,2026-10-07T12:30:45.958Z
2026-10-07T22:08:59.801666+00:00,47f90d2c-e191-4239-a466-5892ef59a88b,EPCOT,e3549451-b284-453d-9c31-e3b1207abd79,Guardians of the Galaxy: Cosmic Rewind,OPERATING,55,2026-10-07T21:44:53.686Z
2026-10-07T22:08:59.801666+00:00,47f90d2c-e191-4239-a466-5892ef59a88b,EPCOT,ee070d46-6a64-41c0-9f12-69dcfcca10a0,Reflections of China,OPERATING,15,2026-10-07T13:36:53.974Z
2026-10-07T22:08:59.801666+00:00,47f90d2c-e191-4239-a466-5892ef59a88b,EPCOT,f3bb21e6-e843-4c31-834f-b87f60c2ab3e,Living with the Land – Glimmering Greenhouses,CLOSED,,2026-10-07T20:17:51.629Z
2026-10-07T22:08:59.801666+00:00,47f90d2c-e191-4239-a466-5892ef59a88b,EPCOT,fb076275-0570-4d62-b2a9-4d6515130fa3,The Seas with Nemo & Friends,OPERATING,5,2026-10-07T22:06:50.589Z
2026-10-08T16:42:17.162337+00:00,47f90d2c-e191-4239-a466-5892ef59a88b,EPCOT,00666fe9-7774-4b53-9fb7-3d333f8aa503,Impressions de France,CLOSED,,2026-10-08T13:30:55.042Z
2026-10-08T16:42:17.162337+00:00,47f90d2c-e191-4239-a466-5892ef59a88b,EPCOT,07dbeaea-85fa-45f2-872f-02f9e7510419,Gallery of Arts and History,OPERATING,,2026-10-08T13:00:01.859Z
2026-10-08T16:42:17.162337+00:00,47f90d2c-e191-4239-a466-5892ef59a88b,EPCOT,0f40274d-420a-425a-9377-29fd6e49484f,House of the Whispering Willows,OPERATING,,2026-10-08T13:00:01.259Z
2026-10-08T16:42:17.162337+00:00,47f90d2c-e191-4239-a466-5892ef59a88b,EPCOT,18c533d6-a395-4ae4-9488-80fce9c497fe,Palais du Cinéma,OPERATING,,2026-10-08T12:30:00.565Z
2026-10-08T16:42:17.162337+00:00,47f90d2c-e191-4239-a466-5892ef59a88b,EPCOT,1e735ffb-4868-47f1-b2cd-2ac1156cd5f0,Remy's Ratatouille Adventure,OPERATING,50,2026-10-08T16:23:56.556Z
2026-10-08T16:42:17.162337+00:00,47f90d2c-e191-4239-a466-5892ef59a88b,EPCOT,1f542745-cda1-4786-a536-5fff373e5964,The American Adventure,OPERATING,,2026-10-08T14:45:05.064Z
2026-10-08T16:42:17.162337+00:00,47f90d2c-e191-4239-a466-5892ef59a88b,EPCOT,22f48b73-01df-460e-8969-9eb2b4ae836c,Gran Fiesta Tour Starring The Three Caballeros,OPERATING,10,2026-10-08T16:02:01.206Z
2026-10-08T16:42:17.162337+00:00,47f90d2c-e191-4239-a466-5892ef59a88b,EPCOT,2ecc4fff-2994-476f-9926-24a4af173838,Bruce's Shark World,OPERATING,,2026-10-08T13:00:01.416Z
2026-10-08T16:42:17.162337+00:00,47f90d2c-e191-4239-a466-5892ef59a88b,EPCOT,35ed719b-f7f0-488f-8346-4fbf8055d373,Disney and Pixar Short Film Festival,OPERATING,,2026-10-08T16:40:54.000Z
2026-10-08T16:42:17.162337+00:00,47f90d2c-e191-4239-a466-5892ef59a88b,EPCOT,37ae57c5-feaf-4e47-8f27-4b385be200f0,Test Track,DOWN,,2026-10-08T16:41:05.734Z
2026-10-08T16:42:17.162337+00:00,47f90d2c-e191-4239-a466-5892ef59a88b,EPCOT,3ace01d1-15fc-4fbb-99e4-81a696cb2d05,Kidcot Fun Stops,OPERATING,,2026-10-08T14:00:00.845Z
2026-10-08T16:42:17.162337+00:00,47f90d2c-e191-4239-a466-5892ef59a88b,EPCOT,3d8f8f8f-f984-4d2e-8dea-5a79432bdf05,Advanced Training Lab,OPERATING,,2026-10-08T16:00:01.230Z
2026-10-08T16:42:17.162337+00:00,47f90d2c-e191-4239-a466-5892ef59a88b,EPCOT,3e5f26ee-c02d-47fd-891e-5e4479073444,"ImageWorks - The ""What If"" Labs",OPERATING,,2026-10-08T13:00:02.083Z
2026-10-08T16:42:17.162337+00:00,47f90d2c-e191-4239-a466-5892ef59a88b,EPCOT,480fde8f-fe58-4bfb-b3ab-052a39d4db7c,Spaceship Earth,OPERATING,15,2026-10-08T16:40:54.168Z
2026-10-08T16:42:17.162337+00:00,47f90d2c-e191-4239-a466-5892ef59a88b,EPCOT,482169b9-2889-4747-8aef-f9d13a37d940,Awesome Planet,OPERATING,,2026-10-08T13:01:00.654Z
2026-10-08T16:42:17.162337+00:00,47f90d2c-e191-4239-a466-5892ef59a88b,EPCOT,4f0df9e7-d4c1-45b5-93e2-4a7bc92547b0,American Heritage Gallery,OPERATING,,2026-10-08T13:00:01.337Z
2026-10-08T16:42:17.162337+00:00,47f90d2c-e191-4239-a466-5892ef59a88b,EPCOT,57acb522-a6fc-4aa4-a80e-21f21f317250,Turtle Talk With Crush,OPERATING,15,2026-10-08T16:34:51.472Z
2026-10-08T16:42:17.162337+00:00,47f90d2c-e191-4239-a466-5892ef59a88b,EPCOT,5b6475ad-4e9a-4793-b841-501aa382c9c0,Mission: SPACE,OPERATING,15,2026-10-08T16:40:54.146Z
2026-10-08T16:42:17.162337+00:00,47f90d2c-e191-4239-a466-5892ef59a88b,EPCOT,61fb49f8-e62f-4e1c-ae0e-8ab9929037bc,Canada Far and Wide in Circle-Vision 360,OPERATING,15,2026-10-08T13:05:51.954Z
2026-10-08T16:42:17.162337+00:00,47f90d2c-e191-4239-a466-5892ef59a88b,EPCOT,66ff36de-9cb3-4d9a-b891-1665d19ffb3e,Stave Church Gallery,OPERATING,,2026-10-08T13:00:01.451Z
2026-10-08T16:42:17.162337+00:00,47f90d2c-e191-4239-a466-5892ef59a88b,EPCOT,6f1d3b25-42c9-4e99-9dce-6c20d7a5deea,Bijutsu-kan Gallery,OPERATING,,2026-10-08T13:00:02.626Z
2026-10-08T16:42:17.162337+00:00,47f90d2c-e191-4239-a466-5892ef59a88b,EPCOT,75449e85-c410-4cef-a368-9d2ea5d52b58,Journey Into Imagination With Figment,OPERATING,10,2026-10-08T16:40:54.117Z
2026-10-08T16:42:17.162337+00:00,47f90d2c-e191-4239-a466-5892ef59a88b,EPCOT,7969166f-feef-4350-b26e-6a6c745528f4,SeaBase Aquarium,OPERATING,,2026-10-08T12:30:00.678Z
2026-10-08T16:42:17.162337+00:00,47f90d2c-e191-4239-a466-5892ef59a88b,EPCOT,81b15dfd-cf6a-466f-be59-3dd65d2a2807,Soarin' Across America,OPERATING,35,2026-10-08T16:39:54.906Z
2026-10-08T16:42:17.162337+00:00,47f90d2c-e191-4239-a466-5892ef59a88b,EPCOT,8c8cd77d-97f6-4309-b285-42aad90e9f15,Beauty and the Beast Sing-Along,OPERATING,15,2026-10-08T15:31:02.098Z
2026-10-08T16:42:17.162337+00:00,47f90d2c-e191-4239-a466-5892ef59a88b,EPCOT,8d7ccdb1-a22b-4e26-8dc8-65b1938ed5f0,Frozen Ever After,OPERATING,70,2026-10-08T16:35:56.534Z
2026-10-08T16:42:17.162337+00:00,47f90d2c-e191-4239-a466-5892ef59a88b,EPCOT,8f353879-d6ac-4211-9352-4029efb47c18,Living with the Land,OPERATING,20,2026-10-08T16:40:54.130Z
2026-10-08T16:42:17.162337+00:00,47f90d2c-e191-4239-a466-5892ef59a88b,EPCOT,8f8746cb-c714-4c60-848d-e2dc4e6f586b,Mexico Folk Art Gallery,OPERATING,,2026-10-08T13:00:02.579Z
2026-10-08T16:42:17.162337+00:00,47f90d2c-e191-4239-a466-5892ef59a88b,EPCOT,9053240b-7f7f-44fe-970b-bd7956cd5d4f,Project Tomorrow: Inventing the Wonders of the Future,OPERATING,,2026-10-08T13:00:01.295Z
2026-10-08T16:42:17.162337+00:00,47f90d2c-e191-4239-a466-5892ef59a88b,EPCOT,dae68dee-dfba-4128-b594-6aa12add1070,"Journey of Water, Inspired by Moana",OPERATING,,2026-10-08T12:38:55.952Z
2026-10-08T16:42:17.162337+00:00,47f90d2c-e191-4239-a466-5892ef59a88b,EPCOT,e3549451-b284-453d-9c31-e3b1207abd79,Guardians of the Galaxy: Cosmic Rewind,OPERATING,60,2026-10-08T16:31:25.094Z
2026-10-08T16:42:17.162337+00:00,47f90d2c-e191-4239-a466-5892ef59a88b,EPCOT,ee070d46-6a64-41c0-9f12-69dcfcca10a0,Reflections of China,OPERATING,15,2026-10-08T13:04:53.509Z
2026-10-08T16:42:17.162337+00:00,47f90d2c-e191-4239-a466-5892ef59a88b,EPCOT,f3bb21e6-e843-4c31-834f-b87f60c2ab3e,Living with the Land – Glimmering Greenhouses,CLOSED,,2026-10-07T20:17:51.629Z
2026-10-08T16:42:17.162337+00:00,47f90d2c-e191-4239-a466-5892ef59a88b,EPCOT,fb076275-0570-4d62-b2a9-4d6515130fa3,The Seas with Nemo & Friends,OPERATING,45,2026-10-08T16:40:53.975Z
2026-10-08T21:41:07.898511+00:00,47f90d2c-e191-4239-a466-5892ef59a88b,EPCOT,00666fe9-7774-4b53-9fb7-3d333f8aa503,Impressions de France,CLOSED,,2026-10-08T13:30:55.042Z
2026-10-08T21:41:07.898511+00:00,47f90d2c-e191-4239-a466-5892ef59a88b,EPCOT,07dbeaea-85fa-45f2-872f-02f9e7510419,Gallery of Arts and History,OPERATING,,2026-10-08T13:00:01.859Z
2026-10-08T21:41:07.898511+00:00,47f90d2c-e191-4239-a466-5892ef59a88b,EPCOT,0f40274d-420a-425a-9377-29fd6e49484f,House of the Whispering Willows,OPERATING,,2026-10-08T13:00:01.259Z
2026-10-08T21:41:07.898511+00:00,47f90d2c-e191-4239-a466-5892ef59a88b,EPCOT,18c533d6-a395-4ae4-9488-80fce9c497fe,Palais du Cinéma,OPERATING,,2026-10-08T12:30:00.565Z
2026-10-08T21:41:07.898511+00:00,47f90d2c-e191-4239-a466-5892ef59a88b,EPCOT,1e735ffb-4868-47f1-b2cd-2ac1156cd5f0,Remy's Ratatouille Adventure,DOWN,,2026-10-08T21:40:15.090Z
2026-10-08T21:41:07.898511+00:00,47f90d2c-e191-4239-a466-5892ef59a88b,EPCOT,1f542745-cda1-4786-a536-5fff373e5964,The American Adventure,OPERATING,,2026-10-08T14:45:05.064Z
2026-10-08T21:41:07.898511+00:00,47f90d2c-e191-4239-a466-5892ef59a88b,EPCOT,22f48b73-01df-460e-8969-9eb2b4ae836c,Gran Fiesta Tour Starring The Three Caballeros,OPERATING,5,2026-10-08T21:15:00.110Z
2026-10-08T21:41:07.898511+00:00,47f90d2c-e191-4239-a466-5892ef59a88b,EPCOT,2ecc4fff-2994-476f-9926-24a4af173838,Bruce's Shark World,OPERATING,,2026-10-08T13:00:01.416Z
2026-10-08T21:41:07.898511+00:00,47f90d2c-e191-4239-a466-5892ef59a88b,EPCOT,35ed719b-f7f0-488f-8346-4fbf8055d373,Disney and Pixar Short Film Festival,OPERATING,,2026-10-08T21:25:59.822Z
2026-10-08T21:41:07.898511+00:00,47f90d2c-e191-4239-a466-5892ef59a88b,EPCOT,37ae57c5-feaf-4e47-8f27-4b385be200f0,Test Track,DOWN,,2026-10-08T21:20:12.428Z
2026-10-08T21:41:07.898511+00:00,47f90d2c-e191-4239-a466-5892ef59a88b,EPCOT,3ace01d1-15fc-4fbb-99e4-81a696cb2d05,Kidcot Fun Stops,OPERATING,,2026-10-08T14:00:00.845Z
2026-10-08T21:41:07.898511+00:00,47f90d2c-e191-4239-a466-5892ef59a88b,EPCOT,3d8f8f8f-f984-4d2e-8dea-5a79432bdf05,Advanced Training Lab,OPERATING,,2026-10-08T16:00:01.230Z
2026-10-08T21:41:07.898511+00:00,47f90d2c-e191-4239-a466-5892ef59a88b,EPCOT,3e5f26ee-c02d-47fd-891e-5e4479073444,"ImageWorks - The ""What If"" Labs",OPERATING,,2026-10-08T13:00:02.083Z
2026-10-08T21:41:07.898511+00:00,47f90d2c-e191-4239-a466-5892ef59a88b,EPCOT,480fde8f-fe58-4bfb-b3ab-052a39d4db7c,Spaceship Earth,OPERATING,15,2026-10-08T21:35:22.963Z
2026-10-08T21:41:07.898511+00:00,47f90d2c-e191-4239-a466-5892ef59a88b,EPCOT,482169b9-2889-4747-8aef-f9d13a37d940,Awesome Planet,OPERATING,,2026-10-08T13:01:00.654Z
2026-10-08T21:41:07.898511+00:00,47f90d2c-e191-4239-a466-5892ef59a88b,EPCOT,4f0df9e7-d4c1-45b5-93e2-4a7bc92547b0,American Heritage Gallery,OPERATING,,2026-10-08T13:00:01.337Z
2026-10-08T21:41:07.898511+00:00,47f90d2c-e191-4239-a466-5892ef59a88b,EPCOT,57acb522-a6fc-4aa4-a80e-21f21f317250,Turtle Talk With Crush,OPERATING,15,2026-10-08T21:35:22.934Z
2026-10-08T21:41:07.898511+00:00,47f90d2c-e191-4239-a466-5892ef59a88b,EPCOT,5b6475ad-4e9a-4793-b841-501aa382c9c0,Mission: SPACE,OPERATING,15,2026-10-08T21:35:22.955Z
2026-10-08T21:41:07.898511+00:00,47f90d2c-e191-4239-a466-5892ef59a88b,EPCOT,61fb49f8-e62f-4e1c-ae0e-8ab9929037bc,Canada Far and Wide in Circle-Vision 360,OPERATING,15,2026-10-08T13:05:51.954Z
2026-10-08T21:41:07.898511+00:00,47f90d2c-e191-4239-a466-5892ef59a88b,EPCOT,66ff36de-9cb3-4d9a-b891-1665d19ffb3e,Stave Church Gallery,OPERATING,,2026-10-08T13:00:01.451Z
2026-10-08T21:41:07.898511+00:00,47f90d2c-e191-4239-a466-5892ef59a88b,EPCOT,6f1d3b25-42c9-4e99-9dce-6c20d7a5deea,Bijutsu-kan Gallery,OPERATING,,2026-10-08T13:00:02.626Z
2026-10-08T21:41:07.898511+00:00,47f90d2c-e191-4239-a466-5892ef59a88b,EPCOT,75449e85-c410-4cef-a368-9d2ea5d52b58,Journey Into Imagination With Figment,OPERATING,10,2026-10-08T21:36:43.579Z
2026-10-08T21:41:07.898511+00:00,47f90d2c-e191-4239-a466-5892ef59a88b,EPCOT,7969166f-feef-4350-b26e-6a6c745528f4,SeaBase Aquarium,OPERATING,,2026-10-08T12:30:00.678Z
2026-10-08T21:41:07.898511+00:00,47f90d2c-e191-4239-a466-5892ef59a88b,EPCOT,81b15dfd-cf6a-466f-be59-3dd65d2a2807,Soarin' Across America,OPERATING,40,2026-10-08T21:40:23.644Z
2026-10-08T21:41:07.898511+00:00,47f90d2c-e191-4239-a466-5892ef59a88b,EPCOT,8c8cd77d-97f6-4309-b285-42aad90e9f15,Beauty and the Beast Sing-Along,OPERATING,15,2026-10-08T15:31:02.098Z
2026-10-08T21:41:07.898511+00:00,47f90d2c-e191-4239-a466-5892ef59a88b,EPCOT,8d7ccdb1-a22b-4e26-8dc8-65b1938ed5f0,Frozen Ever After,OPERATING,85,2026-10-08T21:30:57.090Z
2026-10-08T21:41:07.898511+00:00,47f90d2c-e191-4239-a466-5892ef59a88b,EPCOT,8f353879-d6ac-4211-9352-4029efb47c18,Living with the Land,OPERATING,15,2026-10-08T21:40:02.095Z
2026-10-08T21:41:07.898511+00:00,47f90d2c-e191-4239-a466-5892ef59a88b,EPCOT,8f8746cb-c714-4c60-848d-e2dc4e6f586b,Mexico Folk Art Gallery,OPERATING,,2026-10-08T13:00:02.579Z
2026-10-08T21:41:07.898511+00:00,47f90d2c-e191-4239-a466-5892ef59a88b,EPCOT,9053240b-7f7f-44fe-970b-bd7956cd5d4f,Project Tomorrow: Inventing the Wonders of the Future,OPERATING,,2026-10-08T13:00:01.295Z
2026-10-08T21:41:07.898511+00:00,47f90d2c-e191-4239-a466-5892ef59a88b,EPCOT,dae68dee-dfba-4128-b594-6aa12add1070,"Journey of Water, Inspired by Moana",OPERATING,,2026-10-08T12:38:55.952Z
2026-10-08T21:41:07.898511+00:00,47f90d2c-e191-4239-a466-5892ef59a88b,EPCOT,e3549451-b284-453d-9c31-e3b1207abd79,Guardians of the Galaxy: Cosmic Rewind,DOWN,,2026-10-08T18:55:50.463Z
2026-10-08T21:41:07.898511+00:00,47f90d2c-e191-4239-a466-5892ef59a88b,EPCOT,ee070d46-6a64-41c0-9f12-69dcfcca10a0,Reflections of China,OPERATING,15,2026-10-08T13:04:53.509Z
2026-10-08T21:41:07.898511+00:00,47f90d2c-e191-4239-a466-5892ef59a88b,EPCOT,f3bb21e6-e843-4c31-834f-b87f60c2ab3e,Living with the Land – Glimmering Greenhouses,CLOSED,,2026-10-07T20:17:51.629Z
2026-10-08T21:41:07.898511+00:00,47f90d2c-e191-4239-a466-5892ef59a88b,EPCOT,fb076275-0570-4d62-b2a9-4d6515130fa3,The Seas with Nemo & Friends,OPERATING,15,2026-10-08T21:35:22.894Z
2026-10-09T15:26:08.340501+00:00,47f90d2c-e191-4239-a466-5892ef59a88b,EPCOT,00666fe9-7774-4b53-9fb7-3d333f8aa503,Impressions de France,CLOSED,,2026-10-09T13:31:13.332Z
2026-10-09T15:26:08.340501+00:00,47f90d2c-e191-4239-a466-5892ef59a88b,EPCOT,07dbeaea-85fa-45f2-872f-02f9e7510419,Gallery of Arts and History,OPERATING,,2026-10-09T13:00:00.826Z
2026-10-09T15:26:08.340501+00:00,47f90d2c-e191-4239-a466-5892ef59a88b,EPCOT,0f40274d-420a-425a-9377-29fd6e49484f,House of the Whispering Willows,OPERATING,,2026-10-09T13:00:00.702Z
2026-10-09T15:26:08.340501+00:00,47f90d2c-e191-4239-a466-5892ef59a88b,EPCOT,18c533d6-a395-4ae4-9488-80fce9c497fe,Palais du Cinéma,OPERATING,,2026-10-09T12:30:00.389Z
2026-10-09T15:26:08.340501+00:00,47f90d2c-e191-4239-a466-5892ef59a88b,EPCOT,1e735ffb-4868-47f1-b2cd-2ac1156cd5f0,Remy's Ratatouille Adventure,OPERATING,50,2026-10-09T15:14:08.066Z
2026-10-09T15:26:08.340501+00:00,47f90d2c-e191-4239-a466-5892ef59a88b,EPCOT,1f542745-cda1-4786-a536-5fff373e5964,The American Adventure,OPERATING,,2026-10-09T14:45:00.371Z
2026-10-09T15:26:08.340501+00:00,47f90d2c-e191-4239-a466-5892ef59a88b,EPCOT,22f48b73-01df-460e-8969-9eb2b4ae836c,Gran Fiesta Tour Starring The Three Caballeros,OPERATING,5,2026-10-09T13:09:05.799Z
2026-10-09T15:26:08.340501+00:00,47f90d2c-e191-4239-a466-5892ef59a88b,EPCOT,2ecc4fff-2994-476f-9926-24a4af173838,Bruce's Shark World,OPERATING,,2026-10-09T13:00:00.783Z
2026-10-09T15:26:08.340501+00:00,47f90d2c-e191-4239-a466-5892ef59a88b,EPCOT,35ed719b-f7f0-488f-8346-4fbf8055d373,Disney and Pixar Short Film Festival,OPERATING,,2026-10-09T15:24:56.062Z
2026-10-09T15:26:08.340501+00:00,47f90d2c-e191-4239-a466-5892ef59a88b,EPCOT,37ae57c5-feaf-4e47-8f27-4b385be200f0,Test Track,OPERATING,85,2026-10-09T14:53:10.003Z
2026-10-09T15:26:08.340501+00:00,47f90d2c-e191-4239-a466-5892ef59a88b,EPCOT,3ace01d1-15fc-4fbb-99e4-81a696cb2d05,Kidcot Fun Stops,OPERATING,,2026-10-09T14:00:00.720Z
2026-10-09T15:26:08.340501+00:00,47f90d2c-e191-4239-a466-5892ef59a88b,EPCOT,3d8f8f8f-f984-4d2e-8dea-5a79432bdf05,Advanced Training Lab,CLOSED,,2026-10-09T07:21:56.432Z
2026-10-09T15:26:08.340501+00:00,47f90d2c-e191-4239-a466-5892ef59a88b,EPCOT,3e5f26ee-c02d-47fd-891e-5e4479073444,"ImageWorks - The ""What If"" Labs",OPERATING,,2026-10-09T13:00:00.847Z
2026-10-09T15:26:08.340501+00:00,47f90d2c-e191-4239-a466-5892ef59a88b,EPCOT,480fde8f-fe58-4bfb-b3ab-052a39d4db7c,Spaceship Earth,OPERATING,30,2026-10-09T15:24:56.183Z
2026-10-09T15:26:08.340501+00:00,47f90d2c-e191-4239-a466-5892ef59a88b,EPCOT,482169b9-2889-4747-8aef-f9d13a37d940,Awesome Planet,OPERATING,,2026-10-09T13:01:10.687Z
2026-10-09T15:26:08.340501+00:00,47f90d2c-e191-4239-a466-5892ef59a88b,EPCOT,4f0df9e7-d4c1-45b5-93e2-4a7bc92547b0,American Heritage Gallery,OPERATING,,2026-10-09T13:00:00.751Z
2026-10-09T15:26:08.340501+00:00,47f90d2c-e191-4239-a466-5892ef59a88b,EPCOT,57acb522-a6fc-4aa4-a80e-21f21f317250,Turtle Talk With Crush,OPERATING,15,2026-10-09T15:18:25.545Z
2026-10-09T15:26:08.340501+00:00,47f90d2c-e191-4239-a466-5892ef59a88b,EPCOT,5b6475ad-4e9a-4793-b841-501aa382c9c0,Mission: SPACE,OPERATING,15,2026-10-09T15:24:56.159Z
2026-10-09T15:26:08.340501+00:00,47f90d2c-e191-4239-a466-5892ef59a88b,EPCOT,61fb49f8-e62f-4e1c-ae0e-8ab9929037bc,Canada Far and Wide in Circle-Vision 360,OPERATING,15,2026-10-09T13:01:10.812Z
2026-10-09T15:26:08.340501+00:00,47f90d2c-e191-4239-a466-5892ef59a88b,EPCOT,66ff36de-9cb3-4d9a-b891-1665d19ffb3e,Stave Church Gallery,OPERATING,,2026-10-09T13:00:00.796Z
2026-10-09T15:26:08.340501+00:00,47f90d2c-e191-4239-a466-5892ef59a88b,EPCOT,6f1d3b25-42c9-4e99-9dce-6c20d7a5deea,Bijutsu-kan Gallery,OPERATING,,2026-10-09T13:00:00.873Z
2026-10-09T15:26:08.340501+00:00,47f90d2c-e191-4239-a466-5892ef59a88b,EPCOT,75449e85-c410-4cef-a368-9d2ea5d52b58,Journey Into Imagination With Figment,OPERATING,30,2026-10-09T15:24:56.117Z
2026-10-09T15:26:08.340501+00:00,47f90d2c-e191-4239-a466-5892ef59a88b,EPCOT,7969166f-feef-4350-b26e-6a6c745528f4,SeaBase Aquarium,OPERATING,,2026-10-09T12:30:00.401Z
2026-10-09T15:26:08.340501+00:00,47f90d2c-e191-4239-a466-5892ef59a88b,EPCOT,81b15dfd-cf6a-466f-be59-3dd65d2a2807,Soarin' Across America,OPERATING,55,2026-10-09T15:22:04.289Z
2026-10-09T15:26:08.340501+00:00,47f90d2c-e191-4239-a466-5892ef59a88b,EPCOT,8c8cd77d-97f6-4309-b285-42aad90e9f15,Beauty and the Beast Sing-Along,OPERATING,15,2026-10-09T14:04:04.837Z
2026-10-09T15:26:08.340501+00:00,47f90d2c-e191-4239-a466-5892ef59a88b,EPCOT,8d7ccdb1-a22b-4e26-8dc8-65b1938ed5f0,Frozen Ever After,OPERATING,55,2026-10-09T15:21:19.595Z
2026-10-09T15:26:08.340501+00:00,47f90d2c-e191-4239-a466-5892ef59a88b,EPCOT,8f353879-d6ac-4211-9352-4029efb47c18,Living with the Land,OPERATING,45,2026-10-09T15:23:15.744Z
2026-10-09T15:26:08.340501+00:00,47f90d2c-e191-4239-a466-5892ef59a88b,EPCOT,8f8746cb-c714-4c60-848d-e2dc4e6f586b,Mexico Folk Art Gallery,OPERATING,,2026-10-09T13:00:00.861Z
2026-10-09T15:26:08.340501+00:00,47f90d2c-e191-4239-a466-5892ef59a88b,EPCOT,9053240b-7f7f-44fe-970b-bd7956cd5d4f,Project Tomorrow: Inventing the Wonders of the Future,OPERATING,,2026-10-09T13:00:00.732Z
2026-10-09T15:26:08.340501+00:00,47f90d2c-e191-4239-a466-5892ef59a88b,EPCOT,dae68dee-dfba-4128-b594-6aa12add1070,"Journey of Water, Inspired by Moana",OPERATING,,2026-10-09T12:31:20.501Z
2026-10-09T15:26:08.340501+00:00,47f90d2c-e191-4239-a466-5892ef59a88b,EPCOT,e3549451-b284-453d-9c31-e3b1207abd79,Guardians of the Galaxy: Cosmic Rewind,OPERATING,90,2026-10-09T15:12:06.847Z
2026-10-09T15:26:08.340501+00:00,47f90d2c-e191-4239-a466-5892ef59a88b,EPCOT,ee070d46-6a64-41c0-9f12-69dcfcca10a0,Reflections of China,OPERATING,,2026-10-09T13:01:10.822Z
2026-10-09T15:26:08.340501+00:00,47f90d2c-e191-4239-a466-5892ef59a88b,EPCOT,f3bb21e6-e843-4c31-834f-b87f60c2ab3e,Living with the Land – Glimmering Greenhouses,CLOSED,,2026-10-07T20:17:51.629Z
2026-10-09T15:26:08.340501+00:00,47f90d2c-e191-4239-a466-5892ef59a88b,EPCOT,fb076275-0570-4d62-b2a9-4d6515130fa3,The Seas with Nemo & Friends,OPERATING,30,2026-10-09T15:24:56.020Z
2026-10-09T20:12:06.991711+00:00,47f90d2c-e191-4239-a466-5892ef59a88b,EPCOT,00666fe9-7774-4b53-9fb7-3d333f8aa503,Impressions de France,CLOSED,,2026-10-09T13:31:13.332Z
2026-10-09T20:12:06.991711+00:00,47f90d2c-e191-4239-a466-5892ef59a88b,EPCOT,07dbeaea-85fa-45f2-872f-02f9e7510419,Gallery of Arts and History,OPERATING,,2026-10-09T13:00:00.826Z
2026-10-09T20:12:06.991711+00:00,47f90d2c-e191-4239-a466-5892ef59a88b,EPCOT,0f40274d-420a-425a-9377-29fd6e49484f,House of the Whispering Willows,OPERATING,,2026-10-09T13:00:00.702Z
2026-10-09T20:12:06.991711+00:00,47f90d2c-e191-4239-a466-5892ef59a88b,EPCOT,18c533d6-a395-4ae4-9488-80fce9c497fe,Palais du Cinéma,OPERATING,,2026-10-09T12:30:00.389Z
2026-10-09T20:12:06.991711+00:00,47f90d2c-e191-4239-a466-5892ef59a88b,EPCOT,1e735ffb-4868-47f1-b2cd-2ac1156cd5f0,Remy's Ratatouille Adventure,OPERATING,120,2026-10-09T20:06:14.023Z
2026-10-09T20:12:06.991711+00:00,47f90d2c-e191-4239-a466-5892ef59a88b,EPCOT,1f542745-cda1-4786-a536-5fff373e5964,The American Adventure,OPERATING,,2026-10-09T14:45:00.371Z
2026-10-09T20:12:06.991711+00:00,47f90d2c-e191-4239-a466-5892ef59a88b,EPCOT,22f48b73-01df-460e-8969-9eb2b4ae836c,Gran Fiesta Tour Starring The Three Caballeros,OPERATING,25,2026-10-09T17:13:26.316Z
2026-10-09T20:12:06.991711+00:00,47f90d2c-e191-4239-a466-5892ef59a88b,EPCOT,2ecc4fff-2994-476f-9926-24a4af173838,Bruce's Shark World,OPERATING,,2026-10-09T13:00:00.783Z
2026-10-09T20:12:06.991711+00:00,47f90d2c-e191-4239-a466-5892ef59a88b,EPCOT,35ed719b-f7f0-488f-8346-4fbf8055d373,Disney and Pixar Short Film Festival,OPERATING,,2026-10-09T20:04:08.205Z
2026-10-09T20:12:06.991711+00:00,47f90d2c-e191-4239-a466-5892ef59a88b,EPCOT,37ae57c5-feaf-4e47-8f27-4b385be200f0,Test Track,OPERATING,95,2026-10-09T18:54:17.988Z
2026-10-09T20:12:06.991711+00:00,47f90d2c-e191-4239-a466-5892ef59a88b,EPCOT,3ace01d1-15fc-4fbb-99e4-81a696cb2d05,Kidcot Fun Stops,OPERATING,,2026-10-09T14:00:00.720Z
2026-10-09T20:12:06.991711+00:00,47f90d2c-e191-4239-a466-5892ef59a88b,EPCOT,3d8f8f8f-f984-4d2e-8dea-5a79432bdf05,Advanced Training Lab,OPERATING,,2026-10-09T16:00:01.003Z
2026-10-09T20:12:06.991711+00:00,47f90d2c-e191-4239-a466-5892ef59a88b,EPCOT,3e5f26ee-c02d-47fd-891e-5e4479073444,"ImageWorks - The ""What If"" Labs",OPERATING,,2026-10-09T13:00:00.847Z
2026-10-09T20:12:06.991711+00:00,47f90d2c-e191-4239-a466-5892ef59a88b,EPCOT,480fde8f-fe58-4bfb-b3ab-052a39d4db7c,Spaceship Earth,OPERATING,20,2026-10-09T20:04:08.300Z
2026-10-09T20:12:06.991711+00:00,47f90d2c-e191-4239-a466-5892ef59a88b,EPCOT,482169b9-2889-4747-8aef-f9d13a37d940,Awesome Planet,OPERATING,,2026-10-09T13:01:10.687Z
2026-10-09T20:12:06.991711+00:00,47f90d2c-e191-4239-a466-5892ef59a88b,EPCOT,4f0df9e7-d4c1-45b5-93e2-4a7bc92547b0,American Heritage Gallery,OPERATING,,2026-10-09T13:00:00.751Z
2026-10-09T20:12:06.991711+00:00,47f90d2c-e191-4239-a466-5892ef59a88b,EPCOT,57acb522-a6fc-4aa4-a80e-21f21f317250,Turtle Talk With Crush,OPERATING,15,2026-10-09T19:57:41.813Z
2026-10-09T20:12:06.991711+00:00,47f90d2c-e191-4239-a466-5892ef59a88b,EPCOT,5b6475ad-4e9a-4793-b841-501aa382c9c0,Mission: SPACE,OPERATING,15,2026-10-09T20:06:59.160Z
2026-10-09T20:12:06.991711+00:00,47f90d2c-e191-4239-a466-5892ef59a88b,EPCOT,61fb49f8-e62f-4e1c-ae0e-8ab9929037bc,Canada Far and Wide in Circle-Vision 360,OPERATING,15,2026-10-09T13:01:10.812Z
2026-10-09T20:12:06.991711+00:00,47f90d2c-e191-4239-a466-5892ef59a88b,EPCOT,66ff36de-9cb3-4d9a-b891-1665d19ffb3e,Stave Church Gallery,OPERATING,,2026-10-09T13:00:00.796Z
2026-10-09T20:12:06.991711+00:00,47f90d2c-e191-4239-a466-5892ef59a88b,EPCOT,6f1d3b25-42c9-4e99-9dce-6c20d7a5deea,Bijutsu-kan Gallery,OPERATING,,2026-10-09T13:00:00.873Z
2026-10-09T20:12:06.991711+00:00,47f90d2c-e191-4239-a466-5892ef59a88b,EPCOT,75449e85-c410-4cef-a368-9d2ea5d52b58,Journey Into Imagination With Figment,OPERATING,20,2026-10-09T19:57:41.827Z
2026-10-09T20:12:06.991711+00:00,47f90d2c-e191-4239-a466-5892ef59a88b,EPCOT,7969166f-feef-4350-b26e-6a6c745528f4,SeaBase Aquarium,OPERATING,,2026-10-09T12:30:00.401Z
2026-10-09T20:12:06.991711+00:00,47f90d2c-e191-4239-a466-5892ef59a88b,EPCOT,81b15dfd-cf6a-466f-be59-3dd65d2a2807,Soarin' Across America,OPERATING,55,2026-10-09T19:59:08.811Z
2026-10-09T20:12:06.991711+00:00,47f90d2c-e191-4239-a466-5892ef59a88b,EPCOT,8c8cd77d-97f6-4309-b285-42aad90e9f15,Beauty and the Beast Sing-Along,OPERATING,15,2026-10-09T14:04:04.837Z
2026-10-09T20:12:06.991711+00:00,47f90d2c-e191-4239-a466-5892ef59a88b,EPCOT,8d7ccdb1-a22b-4e26-8dc8-65b1938ed5f0,Frozen Ever After,OPERATING,95,2026-10-09T19:40:21.015Z
2026-10-09T20:12:06.991711+00:00,47f90d2c-e191-4239-a466-5892ef59a88b,EPCOT,8f353879-d6ac-4211-9352-4029efb47c18,Living with the Land,OPERATING,20,2026-10-09T20:06:59.132Z
2026-10-09T20:12:06.991711+00:00,47f90d2c-e191-4239-a466-5892ef59a88b,EPCOT,8f8746cb-c714-4c60-848d-e2dc4e6f586b,Mexico Folk Art Gallery,OPERATING,,2026-10-09T13:00:00.861Z
2026-10-09T20:12:06.991711+00:00,47f90d2c-e191-4239-a466-5892ef59a88b,EPCOT,9053240b-7f7f-44fe-970b-bd7956cd5d4f,Project Tomorrow: Inventing the Wonders of the Future,OPERATING,,2026-10-09T13:00:00.732Z
2026-10-09T20:12:06.991711+00:00,47f90d2c-e191-4239-a466-5892ef59a88b,EPCOT,dae68dee-dfba-4128-b594-6aa12add1070,"Journey of Water, Inspired by Moana",OPERATING,,2026-10-09T12:31:20.501Z
2026-10-09T20:12:06.991711+00:00,47f90d2c-e191-4239-a466-5892ef59a88b,EPCOT,e3549451-b284-453d-9c31-e3b1207abd79,Guardians of the Galaxy: Cosmic Rewind,OPERATING,80,2026-10-09T20:09:11.413Z
2026-10-09T20:12:06.991711+00:00,47f90d2c-e191-4239-a466-5892ef59a88b,EPCOT,ee070d46-6a64-41c0-9f12-69dcfcca10a0,Reflections of China,OPERATING,15,2026-10-09T15:38:08.360Z
2026-10-09T20:12:06.991711+00:00,47f90d2c-e191-4239-a466-5892ef59a88b,EPCOT,f3bb21e6-e843-4c31-834f-b87f60c2ab3e,Living with the Land – Glimmering Greenhouses,CLOSED,,2026-10-07T20:17:51.629Z
2026-10-09T20:12:06.991711+00:00,47f90d2c-e191-4239-a466-5892ef59a88b,EPCOT,fb076275-0570-4d62-b2a9-4d6515130fa3,The Seas with Nemo & Friends,OPERATING,20,2026-10-09T20:06:59.039Z
2026-10-10T00:09:30.043609+00:00,47f90d2c-e191-4239-a466-5892ef59a88b,EPCOT,00666fe9-7774-4b53-9fb7-3d333f8aa503,Impressions de France,OPERATING,,2026-10-09T23:00:14.364Z
2026-10-10T00:09:30.043609+00:00,47f90d2c-e191-4239-a466-5892ef59a88b,EPCOT,07dbeaea-85fa-45f2-872f-02f9e7510419,Gallery of Arts and History,OPERATING,,2026-10-09T13:00:00.826Z
2026-10-10T00:09:30.043609+00:00,47f90d2c-e191-4239-a466-5892ef59a88b,EPCOT,0f40274d-420a-425a-9377-29fd6e49484f,House of the Whispering Willows,OPERATING,,2026-10-09T13:00:00.702Z
2026-10-10T00:09:30.043609+00:00,47f90d2c-e191-4239-a466-5892ef59a88b,EPCOT,18c533d6-a395-4ae4-9488-80fce9c497fe,Palais du Cinéma,OPERATING,,2026-10-09T12:30:00.389Z
2026-10-10T00:09:30.043609+00:00,47f90d2c-e191-4239-a466-5892ef59a88b,EPCOT,1e735ffb-4868-47f1-b2cd-2ac1156cd5f0,Remy's Ratatouille Adventure,OPERATING,65,2026-10-09T23:54:15.560Z
2026-10-10T00:09:30.043609+00:00,47f90d2c-e191-4239-a466-5892ef59a88b,EPCOT,1f542745-cda1-4786-a536-5fff373e5964,The American Adventure,OPERATING,,2026-10-09T14:45:00.371Z
2026-10-10T00:09:30.043609+00:00,47f90d2c-e191-4239-a466-5892ef59a88b,EPCOT,22f48b73-01df-460e-8969-9eb2b4ae836c,Gran Fiesta Tour Starring The Three Caballeros,OPERATING,5,2026-10-09T23:52:13.778Z
2026-10-10T00:09:30.043609+00:00,47f90d2c-e191-4239-a466-5892ef59a88b,EPCOT,2ecc4fff-2994-476f-9926-24a4af173838,Bruce's Shark World,OPERATING,,2026-10-09T13:00:00.783Z
2026-10-10T00:09:30.043609+00:00,47f90d2c-e191-4239-a466-5892ef59a88b,EPCOT,35ed719b-f7f0-488f-8346-4fbf8055d373,Disney and Pixar Short Film Festival,OPERATING,,2026-10-10T00:02:38.418Z
2026-10-10T00:09:30.043609+00:00,47f90d2c-e191-4239-a466-5892ef59a88b,EPCOT,37ae57c5-feaf-4e47-8f27-4b385be200f0,Test Track,DOWN,,2026-10-09T22:07:15.530Z
2026-10-10T00:09:30.043609+00:00,47f90d2c-e191-4239-a466-5892ef59a88b,EPCOT,3ace01d1-15fc-4fbb-99e4-81a696cb2d05,Kidcot Fun Stops,OPERATING,,2026-10-09T14:00:00.720Z
2026-10-10T00:09:30.043609+00:00,47f90d2c-e191-4239-a466-5892ef59a88b,EPCOT,3d8f8f8f-f984-4d2e-8dea-5a79432bdf05,Advanced Training Lab,CLOSED,,2026-10-09T22:00:03.391Z
2026-10-10T00:09:30.043609+00:00,47f90d2c-e191-4239-a466-5892ef59a88b,EPCOT,3e5f26ee-c02d-47fd-891e-5e4479073444,"ImageWorks - The ""What If"" Labs",OPERATING,,2026-10-09T13:00:00.847Z
2026-10-10T00:09:30.043609+00:00,47f90d2c-e191-4239-a466-5892ef59a88b,EPCOT,480fde8f-fe58-4bfb-b3ab-052a39d4db7c,Spaceship Earth,OPERATING,15,2026-10-10T00:02:38.451Z
2026-10-10T00:09:30.043609+00:00,47f90d2c-e191-4239-a466-5892ef59a88b,EPCOT,482169b9-2889-4747-8aef-f9d13a37d940,Awesome Planet,OPERATING,,2026-10-09T13:01:10.687Z
2026-10-10T00:09:30.043609+00:00,47f90d2c-e191-4239-a466-5892ef59a88b,EPCOT,4f0df9e7-d4c1-45b5-93e2-4a7bc92547b0,American Heritage Gallery,OPERATING,,2026-10-09T13:00:00.751Z
2026-10-10T00:09:30.043609+00:00,47f90d2c-e191-4239-a466-5892ef59a88b,EPCOT,57acb522-a6fc-4aa4-a80e-21f21f317250,Turtle Talk With Crush,OPERATING,15,2026-10-10T00:02:38.428Z
2026-10-10T00:09:30.043609+00:00,47f90d2c-e191-4239-a466-5892ef59a88b,EPCOT,5b6475ad-4e9a-4793-b841-501aa382c9c0,Mission: SPACE,OPERATING,20,2026-10-09T23:56:49.707Z
2026-10-10T00:09:30.043609+00:00,47f90d2c-e191-4239-a466-5892ef59a88b,EPCOT,61fb49f8-e62f-4e1c-ae0e-8ab9929037bc,Canada Far and Wide in Circle-Vision 360,OPERATING,15,2026-10-09T13:01:10.812Z
2026-10-10T00:09:30.043609+00:00,47f90d2c-e191-4239-a466-5892ef59a88b,EPCOT,66ff36de-9cb3-4d9a-b891-1665d19ffb3e,Stave Church Gallery,OPERATING,,2026-10-09T13:00:00.796Z
2026-10-10T00:09:30.043609+00:00,47f90d2c-e191-4239-a466-5892ef59a88b,EPCOT,6f1d3b25-42c9-4e99-9dce-6c20d7a5deea,Bijutsu-kan Gallery,OPERATING,,2026-10-09T13:00:00.873Z
2026-10-10T00:09:30.043609+00:00,47f90d2c-e191-4239-a466-5892ef59a88b,EPCOT,75449e85-c410-4cef-a368-9d2ea5d52b58,Journey Into Imagination With Figment,OPERATING,5,2026-10-10T00:08:30.945Z
2026-10-10T00:09:30.043609+00:00,47f90d2c-e191-4239-a466-5892ef59a88b,EPCOT,7969166f-feef-4350-b26e-6a6c745528f4,SeaBase Aquarium,OPERATING,,2026-10-09T12:30:00.401Z
2026-10-10T00:09:30.043609+00:00,47f90d2c-e191-4239-a466-5892ef59a88b,EPCOT,81b15dfd-cf6a-466f-be59-3dd65d2a2807,Soarin' Across America,OPERATING,45,2026-10-10T00:06:18.958Z
2026-10-10T00:09:30.043609+00:00,47f90d2c-e191-4239-a466-5892ef59a88b,EPCOT,8c8cd77d-97f6-4309-b285-42aad90e9f15,Beauty and the Beast Sing-Along,CLOSED,,2026-10-09T22:30:18.875Z
2026-10-10T00:09:30.043609+00:00,47f90d2c-e191-4239-a466-5892ef59a88b,EPCOT,8d7ccdb1-a22b-4e26-8dc8-65b1938ed5f0,Frozen Ever After,OPERATING,80,2026-10-09T23:49:10.328Z
2026-10-10T00:09:30.043609+00:00,47f90d2c-e191-4239-a466-5892ef59a88b,EPCOT,8f353879-d6ac-4211-9352-4029efb47c18,Living with the Land,DOWN,,2026-10-10T00:06:46.873Z
2026-10-10T00:09:30.043609+00:00,47f90d2c-e191-4239-a466-5892ef59a88b,EPCOT,8f8746cb-c714-4c60-848d-e2dc4e6f586b,Mexico Folk Art Gallery,OPERATING,,2026-10-09T13:00:00.861Z
2026-10-10T00:09:30.043609+00:00,47f90d2c-e191-4239-a466-5892ef59a88b,EPCOT,9053240b-7f7f-44fe-970b-bd7956cd5d4f,Project Tomorrow: Inventing the Wonders of the Future,OPERATING,,2026-10-09T13:00:00.732Z
2026-10-10T00:09:30.043609+00:00,47f90d2c-e191-4239-a466-5892ef59a88b,EPCOT,dae68dee-dfba-4128-b594-6aa12add1070,"Journey of Water, Inspired by Moana",OPERATING,,2026-10-09T12:31:20.501Z
2026-10-10T00:09:30.043609+00:00,47f90d2c-e191-4239-a466-5892ef59a88b,EPCOT,e3549451-b284-453d-9c31-e3b1207abd79,Guardians of the Galaxy: Cosmic Rewind,OPERATING,120,2026-10-09T23:29:11.467Z
2026-10-10T00:09:30.043609+00:00,47f90d2c-e191-4239-a466-5892ef59a88b,EPCOT,ee070d46-6a64-41c0-9f12-69dcfcca10a0,Reflections of China,OPERATING,15,2026-10-09T15:38:08.360Z
2026-10-10T00:09:30.043609+00:00,47f90d2c-e191-4239-a466-5892ef59a88b,EPCOT,f3bb21e6-e843-4c31-834f-b87f60c2ab3e,Living with the Land – Glimmering Greenhouses,CLOSED,,2026-10-07T20:17:51.629Z
2026-10-10T00:09:30.043609+00:00,47f90d2c-e191-4239-a466-5892ef59a88b,EPCOT,fb076275-0570-4d62-b2a9-4d6515130fa3,The Seas with Nemo & Friends,OPERATING,5,2026-10-10T00:08:30.929Z
2026-10-10T12:48:38.490467+00:00,47f90d2c-e191-4239-a466-5892ef59a88b,EPCOT,00666fe9-7774-4b53-9fb7-3d333f8aa503,Impressions de France,CLOSED,,2026-10-10T10:22:12.367Z
2026-10-10T12:48:38.490467+00:00,47f90d2c-e191-4239-a466-5892ef59a88b,EPCOT,07dbeaea-85fa-45f2-872f-02f9e7510419,Gallery of Arts and History,CLOSED,,2026-10-10T07:13:46.258Z
2026-10-10T12:48:38.490467+00:00,47f90d2c-e191-4239-a466-5892ef59a88b,EPCOT,0f40274d-420a-425a-9377-29fd6e49484f,House of the Whispering Willows,CLOSED,,2026-10-10T07:13:46.005Z
2026-10-10T12:48:38.490467+00:00,47f90d2c-e191-4239-a466-5892ef59a88b,EPCOT,18c533d6-a395-4ae4-9488-80fce9c497fe,Palais du Cinéma,OPERATING,,2026-10-10T12:30:00.474Z
2026-10-10T12:48:38.490467+00:00,47f90d2c-e191-4239-a466-5892ef59a88b,EPCOT,1e735ffb-4868-47f1-b2cd-2ac1156cd5f0,Remy's Ratatouille Adventure,OPERATING,45,2026-10-10T12:46:15.869Z
2026-10-10T12:48:38.490467+00:00,47f90d2c-e191-4239-a466-5892ef59a88b,EPCOT,1f542745-cda1-4786-a536-5fff373e5964,The American Adventure,CLOSED,,2026-10-10T07:13:46.364Z
2026-10-10T12:48:38.490467+00:00,47f90d2c-e191-4239-a466-5892ef59a88b,EPCOT,22f48b73-01df-460e-8969-9eb2b4ae836c,Gran Fiesta Tour Starring The Three Caballeros,CLOSED,,2026-10-10T10:22:12.346Z
2026-10-10T12:48:38.490467+00:00,47f90d2c-e191-4239-a466-5892ef59a88b,EPCOT,2ecc4fff-2994-476f-9926-24a4af173838,Bruce's Shark World,CLOSED,,2026-10-10T07:13:46.177Z
2026-10-10T12:48:38.490467+00:00,47f90d2c-e191-4239-a466-5892ef59a88b,EPCOT,35ed719b-f7f0-488f-8346-4fbf8055d373,Disney and Pixar Short Film Festival,CLOSED,,2026-10-10T10:02:49.921Z
2026-10-10T12:48:38.490467+00:00,47f90d2c-e191-4239-a466-5892ef59a88b,EPCOT,37ae57c5-feaf-4e47-8f27-4b385be200f0,Test Track,OPERATING,35,2026-10-10T12:43:14.372Z
2026-10-10T12:48:38.490467+00:00,47f90d2c-e191-4239-a466-5892ef59a88b,EPCOT,3ace01d1-15fc-4fbb-99e4-81a696cb2d05,Kidcot Fun Stops,CLOSED,,2026-10-10T07:13:46.423Z
2026-10-10T12:48:38.490467+00:00,47f90d2c-e191-4239-a466-5892ef59a88b,EPCOT,3d8f8f8f-f984-4d2e-8dea-5a79432bdf05,Advanced Training Lab,CLOSED,,2026-10-10T07:13:46.133Z
2026-10-10T12:48:38.490467+00:00,47f90d2c-e191-4239-a466-5892ef59a88b,EPCOT,3e5f26ee-c02d-47fd-891e-5e4479073444,"ImageWorks - The ""What If"" Labs",CLOSED,,2026-10-10T07:13:46.266Z
2026-10-10T12:48:38.490467+00:00,47f90d2c-e191-4239-a466-5892ef59a88b,EPCOT,480fde8f-fe58-4bfb-b3ab-052a39d4db7c,Spaceship Earth,OPERATING,5,2026-10-10T12:46:09.792Z
2026-10-10T12:48:38.490467+00:00,47f90d2c-e191-4239-a466-5892ef59a88b,EPCOT,482169b9-2889-4747-8aef-f9d13a37d940,Awesome Planet,CLOSED,,2026-10-10T10:22:12.333Z
2026-10-10T12:48:38.490467+00:00,47f90d2c-e191-4239-a466-5892ef59a88b,EPCOT,4f0df9e7-d4c1-45b5-93e2-4a7bc92547b0,American Heritage Gallery,CLOSED,,2026-10-10T07:13:46.126Z
2026-10-10T12:48:38.490467+00:00,47f90d2c-e191-4239-a466-5892ef59a88b,EPCOT,57acb522-a6fc-4aa4-a80e-21f21f317250,Turtle Talk With Crush,CLOSED,,2026-10-10T09:59:57.775Z
2026-10-10T12:48:38.490467+00:00,47f90d2c-e191-4239-a466-5892ef59a88b,EPCOT,5b6475ad-4e9a-4793-b841-501aa382c9c0,Mission: SPACE,OPERATING,15,2026-10-10T12:36:33.446Z
2026-10-10T12:48:38.490467+00:00,47f90d2c-e191-4239-a466-5892ef59a88b,EPCOT,61fb49f8-e62f-4e1c-ae0e-8ab9929037bc,Canada Far and Wide in Circle-Vision 360,CLOSED,,2026-10-10T10:22:12.382Z
2026-10-10T12:48:38.490467+00:00,47f90d2c-e191-4239-a466-5892ef59a88b,EPCOT,66ff36de-9cb3-4d9a-b891-1665d19ffb3e,Stave Church Gallery,CLOSED,,2026-10-10T07:13:46.184Z
2026-10-10T12:48:38.490467+00:00,47f90d2c-e191-4239-a466-5892ef59a88b,EPCOT,6f1d3b25-42c9-4e99-9dce-6c20d7a5deea,Bijutsu-kan Gallery,CLOSED,,2026-10-10T07:13:46.403Z
2026-10-10T12:48:38.490467+00:00,47f90d2c-e191-4239-a466-5892ef59a88b,EPCOT,75449e85-c410-4cef-a368-9d2ea5d52b58,Journey Into Imagination With Figment,CLOSED,,2026-10-10T10:02:49.953Z
2026-10-10T12:48:38.490467+00:00,47f90d2c-e191-4239-a466-5892ef59a88b,EPCOT,7969166f-feef-4350-b26e-6a6c745528f4,SeaBase Aquarium,OPERATING,,2026-10-10T12:30:00.491Z
2026-10-10T12:48:38.490467+00:00,47f90d2c-e191-4239-a466-5892ef59a88b,EPCOT,81b15dfd-cf6a-466f-be59-3dd65d2a2807,Soarin' Across America,OPERATING,5,2026-10-10T12:45:45.280Z
2026-10-10T12:48:38.490467+00:00,47f90d2c-e191-4239-a466-5892ef59a88b,EPCOT,8c8cd77d-97f6-4309-b285-42aad90e9f15,Beauty and the Beast Sing-Along,CLOSED,,2026-10-10T10:22:12.325Z
2026-10-10T12:48:38.490467+00:00,47f90d2c-e191-4239-a466-5892ef59a88b,EPCOT,8d7ccdb1-a22b-4e26-8dc8-65b1938ed5f0,Frozen Ever After,OPERATING,20,2026-10-10T12:41:19.966Z
2026-10-10T12:48:38.490467+00:00,47f90d2c-e191-4239-a466-5892ef59a88b,EPCOT,8f353879-d6ac-4211-9352-4029efb47c18,Living with the Land,CLOSED,,2026-10-10T10:02:49.968Z
2026-10-10T12:48:38.490467+00:00,47f90d2c-e191-4239-a466-5892ef59a88b,EPCOT,8f8746cb-c714-4c60-848d-e2dc4e6f586b,Mexico Folk Art Gallery,CLOSED,,2026-10-10T07:13:46.396Z
2026-10-10T12:48:38.490467+00:00,47f90d2c-e191-4239-a466-5892ef59a88b,EPCOT,9053240b-7f7f-44fe-970b-bd7956cd5d4f,Project Tomorrow: Inventing the Wonders of the Future,CLOSED,,2026-10-10T07:13:46.114Z
2026-10-10T12:48:38.490467+00:00,47f90d2c-e191-4239-a466-5892ef59a88b,EPCOT,dae68dee-dfba-4128-b594-6aa12add1070,"Journey of Water, Inspired by Moana",OPERATING,,2026-10-10T12:30:21.418Z
2026-10-10T12:48:38.490467+00:00,47f90d2c-e191-4239-a466-5892ef59a88b,EPCOT,e3549451-b284-453d-9c31-e3b1207abd79,Guardians of the Galaxy: Cosmic Rewind,OPERATING,80,2026-10-10T12:42:16.646Z
2026-10-10T12:48:38.490467+00:00,47f90d2c-e191-4239-a466-5892ef59a88b,EPCOT,ee070d46-6a64-41c0-9f12-69dcfcca10a0,Reflections of China,CLOSED,,2026-10-10T10:22:12.395Z
2026-10-10T12:48:38.490467+00:00,47f90d2c-e191-4239-a466-5892ef59a88b,EPCOT,f3bb21e6-e843-4c31-834f-b87f60c2ab3e,Living with the Land – Glimmering Greenhouses,CLOSED,,2026-10-07T20:17:51.629Z
2026-10-10T12:48:38.490467+00:00,47f90d2c-e191-4239-a466-5892ef59a88b,EPCOT,fb076275-0570-4d62-b2a9-4d6515130fa3,The Seas with Nemo & Friends,OPERATING,5,2026-10-10T12:46:09.648Z
