recorded_at,park_id,park_name,attraction_id,attraction_name,status,wait_time_minutes,last_updated
2026-10-02T23:27:47.429877+00:00,75ea578a-adc8-4116-a54d-dccb60765ef9,Magic Kingdom,0aae716c-af13-4439-b638-d75fb1649df3,Mad Tea Party,OPERATING,5,2026-10-02T22:55:00.862Z
2026-10-02T23:27:47.429877+00:00,75ea578a-adc8-4116-a54d-dccb60765ef9,Magic Kingdom,0d94ad60-72f0-4551-83a6-ebaecdd89737,The Many Adventures of Winnie the Pooh,OPERATING,15,2026-10-02T23:13:57.725Z
2026-10-02T23:27:47.429877+00:00,75ea578a-adc8-4116-a54d-dccb60765ef9,Magic Kingdom,0f57cecf-5502-4503-8bc3-ba84d3708ace,Country Bear Musical Jamboree,CLOSED,,2026-10-02T22:01:14.533Z
2026-10-02T23:27:47.429877+00:00,75ea578a-adc8-4116-a54d-dccb60765ef9,Magic Kingdom,2551a77d-023f-4ab1-9a19-8afec0190f39,Haunted Mansion,OPERATING,15,2026-10-02T22:56:02.236Z
2026-10-02T23:27:47.429877+00:00,75ea578a-adc8-4116-a54d-dccb60765ef9,Magic Kingdom,273ddb8d-e7b5-4e34-8657-1113f49262a5,Prince Charming Regal Carrousel,OPERATING,5,2026-10-02T22:30:59.045Z
2026-10-02T23:27:47.429877+00:00,75ea578a-adc8-4116-a54d-dccb60765ef9,Magic Kingdom,2ebfb38c-5cb5-4de1-86c0-f7af14188022,The Hall of Presidents,CLOSED,,2026-10-02T22:01:14.542Z
2026-10-02T23:27:47.429877+00:00,75ea578a-adc8-4116-a54d-dccb60765ef9,Magic Kingdom,30fe3c64-af71-4c66-a54b-aa61fd7af177,Swiss Family Treehouse,OPERATING,5,2026-10-02T22:30:59.134Z
2026-10-02T23:27:47.429877+00:00,75ea578a-adc8-4116-a54d-dccb60765ef9,Magic Kingdom,352feb94-e52e-45eb-9c92-e4b44c6b1a9d,Pirates of the Caribbean,OPERATING,10,2026-10-02T22:50:02.412Z
2026-10-02T23:27:47.429877+00:00,75ea578a-adc8-4116-a54d-dccb60765ef9,Magic Kingdom,3cba0cb4-e2a6-402c-93ee-c11ffcb127ef,Under the Sea - Journey of The Little Mermaid,OPERATING,5,2026-10-02T22:30:58.945Z
2026-10-02T23:27:47.429877+00:00,75ea578a-adc8-4116-a54d-dccb60765ef9,Magic Kingdom,52ac3730-b955-452a-a7cc-17e3b06182ac,Trick-or-Treat Locations at Mickey's Not-So-Scary Halloween Party,OPERATING,,2022-08-12T04:04:22.537Z
2026-10-02T23:27:47.429877+00:00,75ea578a-adc8-4116-a54d-dccb60765ef9,Magic Kingdom,5a43d1a7-ad53-4d25-abfe-25625f0da304,TRON Lightcycle / Run,OPERATING,25,2026-10-02T23:16:59.621Z
2026-10-02T23:27:47.429877+00:00,75ea578a-adc8-4116-a54d-dccb60765ef9,Magic Kingdom,6fd1e225-53a0-4a80-a577-4bbc9a471075,Walt Disney's Enchanted Tiki Room,CLOSED,,2026-10-02T22:01:14.484Z
2026-10-02T23:27:47.429877+00:00,75ea578a-adc8-4116-a54d-dccb60765ef9,Magic Kingdom,72c7343a-f7fb-4f66-95df-c91016de7338,Buzz Lightyear’s Space Ranger Spin,OPERATING,15,2026-10-02T23:19:56.867Z
2026-10-02T23:27:47.429877+00:00,75ea578a-adc8-4116-a54d-dccb60765ef9,Magic Kingdom,73cb9445-0695-47a3-87ce-d08ae36b5f3c,Tiana's Bayou Adventure,OPERATING,5,2026-10-02T22:49:00.243Z
2026-10-02T23:27:47.429877+00:00,75ea578a-adc8-4116-a54d-dccb60765ef9,Magic Kingdom,796b0a25-c51e-456e-9bb8-50a324e301b3,Jungle Cruise,OPERATING,5,2026-10-02T22:56:02.212Z
2026-10-02T23:27:47.429877+00:00,75ea578a-adc8-4116-a54d-dccb60765ef9,Magic Kingdom,7c5e1e02-3a44-4151-9005-44066d5ba1da,Mickey's PhilharMagic,CLOSED,,2026-10-02T22:00:05.810Z
2026-10-02T23:27:47.429877+00:00,75ea578a-adc8-4116-a54d-dccb60765ef9,Magic Kingdom,8183f3f2-1b59-4b9c-b634-6a863bdf8d84,Walt Disney's Carousel of Progress,REFURBISHMENT,,2026-09-04T18:16:27.839Z
2026-10-02T23:27:47.429877+00:00,75ea578a-adc8-4116-a54d-dccb60765ef9,Magic Kingdom,86a41273-5f15-4b54-93b6-829f140e5161,Peter Pan's Flight,OPERATING,25,2026-10-02T22:56:02.227Z
2026-10-02T23:27:47.429877+00:00,75ea578a-adc8-4116-a54d-dccb60765ef9,Magic Kingdom,888fb4a4-7adf-47a1-8ba2-c258cc64fd75,Main Street Vehicles,CLOSED,,2026-10-02T20:01:08.435Z
2026-10-02T23:27:47.429877+00:00,75ea578a-adc8-4116-a54d-dccb60765ef9,Magic Kingdom,890fa430-89c0-4a3f-96c9-11597888005e,Dumbo the Flying Elephant,OPERATING,5,2026-10-02T23:11:59.133Z
2026-10-02T23:27:47.429877+00:00,75ea578a-adc8-4116-a54d-dccb60765ef9,Magic Kingdom,90d79335-c907-4069-a021-d0fe1ec73ae2,Cinderella Castle,CLOSED,,2026-10-02T22:00:03.828Z
2026-10-02T23:27:47.429877+00:00,75ea578a-adc8-4116-a54d-dccb60765ef9,Magic Kingdom,924a3b2c-6b4b-49e5-99d3-e9dc3f2e8a48,The Barnstormer,OPERATING,5,2026-10-02T23:11:59.113Z
2026-10-02T23:27:47.429877+00:00,75ea578a-adc8-4116-a54d-dccb60765ef9,Magic Kingdom,96455de6-f4f1-403c-9391-bf8396979149,The Magic Carpets of Aladdin,OPERATING,5,2026-10-02T22:30:59.152Z
2026-10-02T23:27:47.429877+00:00,75ea578a-adc8-4116-a54d-dccb60765ef9,Magic Kingdom,9d4d5229-7142-44b6-b4fb-528920969a2c,Seven Dwarfs Mine Train,OPERATING,20,2026-10-02T23:17:59.184Z
2026-10-02T23:27:47.429877+00:00,75ea578a-adc8-4116-a54d-dccb60765ef9,Magic Kingdom,b2260923-9315-40fd-9c6b-44dd811dbe64,Space Mountain,OPERATING,10,2026-10-02T23:24:02.963Z
2026-10-02T23:27:47.429877+00:00,75ea578a-adc8-4116-a54d-dccb60765ef9,Magic Kingdom,d9d12438-d999-4482-894b-8955fdb20ccf,Astro Orbiter,OPERATING,10,2026-10-02T23:06:58.265Z
2026-10-02T23:27:47.429877+00:00,75ea578a-adc8-4116-a54d-dccb60765ef9,Magic Kingdom,de3309ca-97d5-4211-bffe-739fed47e92f,Big Thunder Mountain Railroad,OPERATING,10,2026-10-02T22:55:00.852Z
2026-10-02T23:27:47.429877+00:00,75ea578a-adc8-4116-a54d-dccb60765ef9,Magic Kingdom,de737ffc-306b-4f32-8bbb-34e5d370ec8f,A Pirate's Adventure ~ Treasures of the Seven Seas,CLOSED,,2026-10-02T21:01:08.618Z
2026-10-02T23:27:47.429877+00:00,75ea578a-adc8-4116-a54d-dccb60765ef9,Magic Kingdom,e39b831b-7731-49bb-815b-289b4f49a9fd,"Walt Disney World Railroad - Main Street, U.S.A.",REFURBISHMENT,,2026-09-29T20:08:11.998Z
2026-10-02T23:27:47.429877+00:00,75ea578a-adc8-4116-a54d-dccb60765ef9,Magic Kingdom,e40ac396-cbac-43f4-8752-764ed60ccceb,Walt Disney World Railroad - Fantasyland,REFURBISHMENT,,2026-09-29T20:08:11.982Z
2026-10-02T23:27:47.429877+00:00,75ea578a-adc8-4116-a54d-dccb60765ef9,Magic Kingdom,e76c93df-31af-49a5-8e2f-752c76c937c9,Enchanted Tales with Belle,CLOSED,,2026-10-02T21:31:02.144Z
2026-10-02T23:27:47.429877+00:00,75ea578a-adc8-4116-a54d-dccb60765ef9,Magic Kingdom,e8f0b426-7645-4ea3-8b41-b94ae7091a41,"Monsters, Inc. Laugh Floor",CLOSED,,2026-10-02T22:01:10.960Z
2026-10-02T23:27:47.429877+00:00,75ea578a-adc8-4116-a54d-dccb60765ef9,Magic Kingdom,f010bc01-b450-4476-a5f3-a5f2813104b2,Casey Jr. Splash 'N' Soak Station,CLOSED,,2026-10-02T22:00:03.636Z
2026-10-02T23:27:47.429877+00:00,75ea578a-adc8-4116-a54d-dccb60765ef9,Magic Kingdom,f163ddcd-43e1-488d-8276-2381c1db0a39,Tomorrowland Speedway,OPERATING,5,2026-10-02T23:06:58.272Z
2026-10-02T23:27:47.429877+00:00,75ea578a-adc8-4116-a54d-dccb60765ef9,Magic Kingdom,f5aad2d4-a419-4384-bd9a-42f86385c750,"""it's a small world""",OPERATING,5,2026-10-02T22:51:58.463Z
2026-10-02T23:27:47.429877+00:00,75ea578a-adc8-4116-a54d-dccb60765ef9,Magic Kingdom,ffcfeaa2-1416-4920-a1ed-543c1a1695c4,Tomorrowland Transit Authority PeopleMover,OPERATING,5,2026-10-02T23:26:00.235Z
2026-10-03T00:35:37.849723+00:00,75ea578a-adc8-4116-a54d-dccb60765ef9,Magic Kingdom,0aae716c-af13-4439-b638-d75fb1649df3,Mad Tea Party,OPERATING,5,2026-10-03T00:13:58.964Z
2026-10-03T00:35:37.849723+00:00,75ea578a-adc8-4116-a54d-dccb60765ef9,Magic Kingdom,0d94ad60-72f0-4551-83a6-ebaecdd89737,The Many Adventures of Winnie the Pooh,OPERATING,10,2026-10-03T00:13:58.973Z
2026-10-03T00:35:37.849723+00:00,75ea578a-adc8-4116-a54d-dccb60765ef9,Magic Kingdom,0f57cecf-5502-4503-8bc3-ba84d3708ace,Country Bear Musical Jamboree,CLOSED,,2026-10-02T22:01:14.533Z
2026-10-03T00:35:37.849723+00:00,75ea578a-adc8-4116-a54d-dccb60765ef9,Magic Kingdom,2551a77d-023f-4ab1-9a19-8afec0190f39,Haunted Mansion,OPERATING,15,2026-10-03T00:34:04.257Z
2026-10-03T00:35:37.849723+00:00,75ea578a-adc8-4116-a54d-dccb60765ef9,Magic Kingdom,273ddb8d-e7b5-4e34-8657-1113f49262a5,Prince Charming Regal Carrousel,OPERATING,5,2026-10-02T22:30:59.045Z
2026-10-03T00:35:37.849723+00:00,75ea578a-adc8-4116-a54d-dccb60765ef9,Magic Kingdom,2ebfb38c-5cb5-4de1-86c0-f7af14188022,The Hall of Presidents,CLOSED,,2026-10-02T22:01:14.542Z
2026-10-03T00:35:37.849723+00:00,75ea578a-adc8-4116-a54d-dccb60765ef9,Magic Kingdom,30fe3c64-af71-4c66-a54b-aa61fd7af177,Swiss Family Treehouse,OPERATING,5,2026-10-02T22:30:59.134Z
2026-10-03T00:35:37.849723+00:00,75ea578a-adc8-4116-a54d-dccb60765ef9,Magic Kingdom,352feb94-e52e-45eb-9c92-e4b44c6b1a9d,Pirates of the Caribbean,OPERATING,5,2026-10-03T00:10:57.802Z
2026-10-03T00:35:37.849723+00:00,75ea578a-adc8-4116-a54d-dccb60765ef9,Magic Kingdom,3cba0cb4-e2a6-402c-93ee-c11ffcb127ef,Under the Sea - Journey of The Little Mermaid,OPERATING,5,2026-10-02T22:30:58.945Z
2026-10-03T00:35:37.849723+00:00,75ea578a-adc8-4116-a54d-dccb60765ef9,Magic Kingdom,52ac3730-b955-452a-a7cc-17e3b06182ac,Trick-or-Treat Locations at Mickey's Not-So-Scary Halloween Party,OPERATING,,2022-08-12T04:04:22.537Z
2026-10-03T00:35:37.849723+00:00,75ea578a-adc8-4116-a54d-dccb60765ef9,Magic Kingdom,5a43d1a7-ad53-4d25-abfe-25625f0da304,TRON Lightcycle / Run,OPERATING,30,2026-10-03T00:23:57.535Z
2026-10-03T00:35:37.849723+00:00,75ea578a-adc8-4116-a54d-dccb60765ef9,Magic Kingdom,6fd1e225-53a0-4a80-a577-4bbc9a471075,Walt Disney's Enchanted Tiki Room,CLOSED,,2026-10-02T22:01:14.484Z
2026-10-03T00:35:37.849723+00:00,75ea578a-adc8-4116-a54d-dccb60765ef9,Magic Kingdom,72c7343a-f7fb-4f66-95df-c91016de7338,Buzz Lightyear’s Space Ranger Spin,OPERATING,5,2026-10-03T00:12:08.954Z
2026-10-03T00:35:37.849723+00:00,75ea578a-adc8-4116-a54d-dccb60765ef9,Magic Kingdom,73cb9445-0695-47a3-87ce-d08ae36b5f3c,Tiana's Bayou Adventure,OPERATING,5,2026-10-02T22:49:00.243Z
2026-10-03T00:35:37.849723+00:00,75ea578a-adc8-4116-a54d-dccb60765ef9,Magic Kingdom,796b0a25-c51e-456e-9bb8-50a324e301b3,Jungle Cruise,OPERATING,5,2026-10-02T22:56:02.212Z
2026-10-03T00:35:37.849723+00:00,75ea578a-adc8-4116-a54d-dccb60765ef9,Magic Kingdom,7c5e1e02-3a44-4151-9005-44066d5ba1da,Mickey's PhilharMagic,CLOSED,,2026-10-02T22:00:05.810Z
2026-10-03T00:35:37.849723+00:00,75ea578a-adc8-4116-a54d-dccb60765ef9,Magic Kingdom,8183f3f2-1b59-4b9c-b634-6a863bdf8d84,Walt Disney's Carousel of Progress,REFURBISHMENT,,2026-09-04T18:16:27.839Z
2026-10-03T00:35:37.849723+00:00,75ea578a-adc8-4116-a54d-dccb60765ef9,Magic Kingdom,86a41273-5f15-4b54-93b6-829f140e5161,Peter Pan's Flight,OPERATING,20,2026-10-02T23:44:59.627Z
2026-10-03T00:35:37.849723+00:00,75ea578a-adc8-4116-a54d-dccb60765ef9,Magic Kingdom,888fb4a4-7adf-47a1-8ba2-c258cc64fd75,Main Street Vehicles,CLOSED,,2026-10-02T20:01:08.435Z
2026-10-03T00:35:37.849723+00:00,75ea578a-adc8-4116-a54d-dccb60765ef9,Magic Kingdom,890fa430-89c0-4a3f-96c9-11597888005e,Dumbo the Flying Elephant,OPERATING,5,2026-10-02T23:11:59.133Z
2026-10-03T00:35:37.849723+00:00,75ea578a-adc8-4116-a54d-dccb60765ef9,Magic Kingdom,90d79335-c907-4069-a021-d0fe1ec73ae2,Cinderella Castle,CLOSED,,2026-10-02T22:00:03.828Z
2026-10-03T00:35:37.849723+00:00,75ea578a-adc8-4116-a54d-dccb60765ef9,Magic Kingdom,924a3b2c-6b4b-49e5-99d3-e9dc3f2e8a48,The Barnstormer,OPERATING,5,2026-10-02T23:11:59.113Z
2026-10-03T00:35:37.849723+00:00,75ea578a-adc8-4116-a54d-dccb60765ef9,Magic Kingdom,96455de6-f4f1-403c-9391-bf8396979149,The Magic Carpets of Aladdin,OPERATING,5,2026-10-02T22:30:59.152Z
2026-10-03T00:35:37.849723+00:00,75ea578a-adc8-4116-a54d-dccb60765ef9,Magic Kingdom,9d4d5229-7142-44b6-b4fb-528920969a2c,Seven Dwarfs Mine Train,OPERATING,20,2026-10-03T00:31:59.735Z
2026-10-03T00:35:37.849723+00:00,75ea578a-adc8-4116-a54d-dccb60765ef9,Magic Kingdom,b2260923-9315-40fd-9c6b-44dd811dbe64,Space Mountain,OPERATING,5,2026-10-03T00:21:57.497Z
2026-10-03T00:35:37.849723+00:00,75ea578a-adc8-4116-a54d-dccb60765ef9,Magic Kingdom,d9d12438-d999-4482-894b-8955fdb20ccf,Astro Orbiter,OPERATING,5,2026-10-03T00:03:59.716Z
2026-10-03T00:35:37.849723+00:00,75ea578a-adc8-4116-a54d-dccb60765ef9,Magic Kingdom,de3309ca-97d5-4211-bffe-739fed47e92f,Big Thunder Mountain Railroad,OPERATING,5,2026-10-02T23:48:58.686Z
2026-10-03T00:35:37.849723+00:00,75ea578a-adc8-4116-a54d-dccb60765ef9,Magic Kingdom,de737ffc-306b-4f32-8bbb-34e5d370ec8f,A Pirate's Adventure ~ Treasures of the Seven Seas,CLOSED,,2026-10-02T21:01:08.618Z
2026-10-03T00:35:37.849723+00:00,75ea578a-adc8-4116-a54d-dccb60765ef9,Magic Kingdom,e39b831b-7731-49bb-815b-289b4f49a9fd,"Walt Disney World Railroad - Main Street, U.S.A.",REFURBISHMENT,,2026-09-29T20:08:11.998Z
2026-10-03T00:35:37.849723+00:00,75ea578a-adc8-4116-a54d-dccb60765ef9,Magic Kingdom,e40ac396-cbac-43f4-8752-764ed60ccceb,Walt Disney World Railroad - Fantasyland,REFURBISHMENT,,2026-09-29T20:08:11.982Z
2026-10-03T00:35:37.849723+00:00,75ea578a-adc8-4116-a54d-dccb60765ef9,Magic Kingdom,e76c93df-31af-49a5-8e2f-752c76c937c9,Enchanted Tales with Belle,CLOSED,,2026-10-02T21:31:02.144Z
2026-10-03T00:35:37.849723+00:00,75ea578a-adc8-4116-a54d-dccb60765ef9,Magic Kingdom,e8f0b426-7645-4ea3-8b41-b94ae7091a41,"Monsters, Inc. Laugh Floor",CLOSED,,2026-10-02T22:01:10.960Z
2026-10-03T00:35:37.849723+00:00,75ea578a-adc8-4116-a54d-dccb60765ef9,Magic Kingdom,f010bc01-b450-4476-a5f3-a5f2813104b2,Casey Jr. Splash 'N' Soak Station,CLOSED,,2026-10-02T22:00:03.636Z
2026-10-03T00:35:37.849723+00:00,75ea578a-adc8-4116-a54d-dccb60765ef9,Magic Kingdom,f163ddcd-43e1-488d-8276-2381c1db0a39,Tomorrowland Speedway,OPERATING,10,2026-10-02T23:59:05.983Z
2026-10-03T00:35:37.849723+00:00,75ea578a-adc8-4116-a54d-dccb60765ef9,Magic Kingdom,f5aad2d4-a419-4384-bd9a-42f86385c750,"""it's a small world""",OPERATING,5,2026-10-02T22:51:58.463Z
2026-10-03T00:35:37.849723+00:00,75ea578a-adc8-4116-a54d-dccb60765ef9,Magic Kingdom,ffcfeaa2-1416-4920-a1ed-543c1a1695c4,Tomorrowland Transit Authority PeopleMover,OPERATING,5,2026-10-03T00:03:59.725Z
2026-10-03T15:02:59.268523+00:00,75ea578a-adc8-4116-a54d-dccb60765ef9,Magic Kingdom,0aae716c-af13-4439-b638-d75fb1649df3,Mad Tea Party,OPERATING,10,2026-10-03T14:59:11.947Z
2026-10-03T15:02:59.268523+00:00,75ea578a-adc8-4116-a54d-dccb60765ef9,Magic Kingdom,0d94ad60-72f0-4551-83a6-ebaecdd89737,The Many Adventures of Winnie the Pooh,OPERATING,35,2026-10-03T14:58:52.671Z
2026-10-03T15:02:59.268523+00:00,75ea578a-adc8-4116-a54d-dccb60765ef9,Magic Kingdom,0f57cecf-5502-4503-8bc3-ba84d3708ace,Country Bear Musical Jamboree,OPERATING,10,2026-10-03T13:05:06.524Z
2026-10-03T15:02:59.268523+00:00,75ea578a-adc8-4116-a54d-dccb60765ef9,Magic Kingdom,2551a77d-023f-4ab1-9a19-8afec0190f39,Haunted Mansion,OPERATING,25,2026-10-03T14:58:52.654Z
2026-10-03T15:02:59.268523+00:00,75ea578a-adc8-4116-a54d-dccb60765ef9,Magic Kingdom,273ddb8d-e7b5-4e34-8657-1113f49262a5,Prince Charming Regal Carrousel,OPERATING,10,2026-10-03T14:17:03.418Z
2026-10-03T15:02:59.268523+00:00,75ea578a-adc8-4116-a54d-dccb60765ef9,Magic Kingdom,2ebfb38c-5cb5-4de1-86c0-f7af14188022,The Hall of Presidents,OPERATING,15,2026-10-03T13:05:06.546Z
2026-10-03T15:02:59.268523+00:00,75ea578a-adc8-4116-a54d-dccb60765ef9,Magic Kingdom,30fe3c64-af71-4c66-a54b-aa61fd7af177,Swiss Family Treehouse,OPERATING,5,2026-10-03T12:03:06.076Z
2026-10-03T15:02:59.268523+00:00,75ea578a-adc8-4116-a54d-dccb60765ef9,Magic Kingdom,352feb94-e52e-45eb-9c92-e4b44c6b1a9d,Pirates of the Caribbean,OPERATING,15,2026-10-03T14:58:52.631Z
2026-10-03T15:02:59.268523+00:00,75ea578a-adc8-4116-a54d-dccb60765ef9,Magic Kingdom,3cba0cb4-e2a6-402c-93ee-c11ffcb127ef,Under the Sea - Journey of The Little Mermaid,OPERATING,15,2026-10-03T14:59:11.937Z
2026-10-03T15:02:59.268523+00:00,75ea578a-adc8-4116-a54d-dccb60765ef9,Magic Kingdom,52ac3730-b955-452a-a7cc-17e3b06182ac,Trick-or-Treat Locations at Mickey's Not-So-Scary Halloween Party,OPERATING,,2022-08-12T04:04:22.537Z
2026-10-03T15:02:59.268523+00:00,75ea578a-adc8-4116-a54d-dccb60765ef9,Magic Kingdom,5a43d1a7-ad53-4d25-abfe-25625f0da304,TRON Lightcycle / Run,OPERATING,55,2026-10-03T14:57:08.370Z
2026-10-03T15:02:59.268523+00:00,75ea578a-adc8-4116-a54d-dccb60765ef9,Magic Kingdom,6fd1e225-53a0-4a80-a577-4bbc9a471075,Walt Disney's Enchanted Tiki Room,OPERATING,10,2026-10-03T13:01:08.149Z
2026-10-03T15:02:59.268523+00:00,75ea578a-adc8-4116-a54d-dccb60765ef9,Magic Kingdom,72c7343a-f7fb-4f66-95df-c91016de7338,Buzz Lightyear’s Space Ranger Spin,OPERATING,40,2026-10-03T14:58:52.531Z
2026-10-03T15:02:59.268523+00:00,75ea578a-adc8-4116-a54d-dccb60765ef9,Magic Kingdom,73cb9445-0695-47a3-87ce-d08ae36b5f3c,Tiana's Bayou Adventure,OPERATING,40,2026-10-03T14:58:52.500Z
2026-10-03T15:02:59.268523+00:00,75ea578a-adc8-4116-a54d-dccb60765ef9,Magic Kingdom,796b0a25-c51e-456e-9bb8-50a324e301b3,Jungle Cruise,OPERATING,40,2026-10-03T14:58:52.567Z
2026-10-03T15:02:59.268523+00:00,75ea578a-adc8-4116-a54d-dccb60765ef9,Magic Kingdom,7c5e1e02-3a44-4151-9005-44066d5ba1da,Mickey's PhilharMagic,OPERATING,10,2026-10-03T14:58:52.608Z
2026-10-03T15:02:59.268523+00:00,75ea578a-adc8-4116-a54d-dccb60765ef9,Magic Kingdom,8183f3f2-1b59-4b9c-b634-6a863bdf8d84,Walt Disney's Carousel of Progress,REFURBISHMENT,,2026-09-04T18:16:27.839Z
2026-10-03T15:02:59.268523+00:00,75ea578a-adc8-4116-a54d-dccb60765ef9,Magic Kingdom,86a41273-5f15-4b54-93b6-829f140e5161,Peter Pan's Flight,OPERATING,35,2026-10-03T14:58:52.624Z
2026-10-03T15:02:59.268523+00:00,75ea578a-adc8-4116-a54d-dccb60765ef9,Magic Kingdom,888fb4a4-7adf-47a1-8ba2-c258cc64fd75,Main Street Vehicles,OPERATING,,2026-10-03T13:01:08.248Z
2026-10-03T15:02:59.268523+00:00,75ea578a-adc8-4116-a54d-dccb60765ef9,Magic Kingdom,890fa430-89c0-4a3f-96c9-11597888005e,Dumbo the Flying Elephant,OPERATING,10,2026-10-03T14:58:52.539Z
2026-10-03T15:02:59.268523+00:00,75ea578a-adc8-4116-a54d-dccb60765ef9,Magic Kingdom,90d79335-c907-4069-a021-d0fe1ec73ae2,Cinderella Castle,OPERATING,,2026-10-03T12:00:03.740Z
2026-10-03T15:02:59.268523+00:00,75ea578a-adc8-4116-a54d-dccb60765ef9,Magic Kingdom,924a3b2c-6b4b-49e5-99d3-e9dc3f2e8a48,The Barnstormer,OPERATING,15,2026-10-03T14:54:11.456Z
2026-10-03T15:02:59.268523+00:00,75ea578a-adc8-4116-a54d-dccb60765ef9,Magic Kingdom,96455de6-f4f1-403c-9391-bf8396979149,The Magic Carpets of Aladdin,OPERATING,20,2026-10-03T14:58:52.662Z
2026-10-03T15:02:59.268523+00:00,75ea578a-adc8-4116-a54d-dccb60765ef9,Magic Kingdom,9d4d5229-7142-44b6-b4fb-528920969a2c,Seven Dwarfs Mine Train,OPERATING,45,2026-10-03T14:27:06.838Z
2026-10-03T15:02:59.268523+00:00,75ea578a-adc8-4116-a54d-dccb60765ef9,Magic Kingdom,b2260923-9315-40fd-9c6b-44dd811dbe64,Space Mountain,OPERATING,45,2026-10-03T14:56:05.572Z
2026-10-03T15:02:59.268523+00:00,75ea578a-adc8-4116-a54d-dccb60765ef9,Magic Kingdom,d9d12438-d999-4482-894b-8955fdb20ccf,Astro Orbiter,OPERATING,20,2026-10-03T14:50:10.677Z
2026-10-03T15:02:59.268523+00:00,75ea578a-adc8-4116-a54d-dccb60765ef9,Magic Kingdom,de3309ca-97d5-4211-bffe-739fed47e92f,Big Thunder Mountain Railroad,OPERATING,30,2026-10-03T14:58:52.523Z
2026-10-03T15:02:59.268523+00:00,75ea578a-adc8-4116-a54d-dccb60765ef9,Magic Kingdom,de737ffc-306b-4f32-8bbb-34e5d370ec8f,A Pirate's Adventure ~ Treasures of the Seven Seas,CLOSED,,2026-10-03T09:55:06.649Z
2026-10-03T15:02:59.268523+00:00,75ea578a-adc8-4116-a54d-dccb60765ef9,Magic Kingdom,e39b831b-7731-49bb-815b-289b4f49a9fd,"Walt Disney World Railroad - Main Street, U.S.A.",REFURBISHMENT,,2026-09-29T20:08:11.998Z
2026-10-03T15:02:59.268523+00:00,75ea578a-adc8-4116-a54d-dccb60765ef9,Magic Kingdom,e40ac396-cbac-43f4-8752-764ed60ccceb,Walt Disney World Railroad - Fantasyland,REFURBISHMENT,,2026-09-29T20:08:11.982Z
2026-10-03T15:02:59.268523+00:00,75ea578a-adc8-4116-a54d-dccb60765ef9,Magic Kingdom,e76c93df-31af-49a5-8e2f-752c76c937c9,Enchanted Tales with Belle,OPERATING,15,2026-10-03T14:58:05.358Z
2026-10-03T15:02:59.268523+00:00,75ea578a-adc8-4116-a54d-dccb60765ef9,Magic Kingdom,e8f0b426-7645-4ea3-8b41-b94ae7091a41,"Monsters, Inc. Laugh Floor",OPERATING,10,2026-10-03T14:54:11.447Z
2026-10-03T15:02:59.268523+00:00,75ea578a-adc8-4116-a54d-dccb60765ef9,Magic Kingdom,f010bc01-b450-4476-a5f3-a5f2813104b2,Casey Jr. Splash 'N' Soak Station,OPERATING,,2026-10-03T12:00:03.454Z
2026-10-03T15:02:59.268523+00:00,75ea578a-adc8-4116-a54d-dccb60765ef9,Magic Kingdom,f163ddcd-43e1-488d-8276-2381c1db0a39,Tomorrowland Speedway,OPERATING,10,2026-10-03T14:59:11.958Z
2026-10-03T15:02:59.268523+00:00,75ea578a-adc8-4116-a54d-dccb60765ef9,Magic Kingdom,f5aad2d4-a419-4384-bd9a-42f86385c750,"""it's a small world""",OPERATING,15,2026-10-03T14:58:52.549Z
2026-10-03T15:02:59.268523+00:00,75ea578a-adc8-4116-a54d-dccb60765ef9,Magic Kingdom,ffcfeaa2-1416-4920-a1ed-543c1a1695c4,Tomorrowland Transit Authority PeopleMover,OPERATING,5,2026-10-03T11:48:06.808Z
2026-10-03T18:45:39.691824+00:00,75ea578a-adc8-4116-a54d-dccb60765ef9,Magic Kingdom,0aae716c-af13-4439-b638-d75fb1649df3,Mad Tea Party,OPERATING,10,2026-10-03T18:36:30.353Z
2026-10-03T18:45:39.691824+00:00,75ea578a-adc8-4116-a54d-dccb60765ef9,Magic Kingdom,0d94ad60-72f0-4551-83a6-ebaecdd89737,The Many Adventures of Winnie the Pooh,OPERATING,30,2026-10-03T18:39:27.307Z
2026-10-03T18:45:39.691824+00:00,75ea578a-adc8-4116-a54d-dccb60765ef9,Magic Kingdom,0f57cecf-5502-4503-8bc3-ba84d3708ace,Country Bear Musical Jamboree,OPERATING,10,2026-10-03T13:05:06.524Z
2026-10-03T18:45:39.691824+00:00,75ea578a-adc8-4116-a54d-dccb60765ef9,Magic Kingdom,2551a77d-023f-4ab1-9a19-8afec0190f39,Haunted Mansion,OPERATING,35,2026-10-03T18:42:56.582Z
2026-10-03T18:45:39.691824+00:00,75ea578a-adc8-4116-a54d-dccb60765ef9,Magic Kingdom,273ddb8d-e7b5-4e34-8657-1113f49262a5,Prince Charming Regal Carrousel,OPERATING,10,2026-10-03T18:34:08.350Z
2026-10-03T18:45:39.691824+00:00,75ea578a-adc8-4116-a54d-dccb60765ef9,Magic Kingdom,2ebfb38c-5cb5-4de1-86c0-f7af14188022,The Hall of Presidents,OPERATING,15,2026-10-03T13:05:06.546Z
2026-10-03T18:45:39.691824+00:00,75ea578a-adc8-4116-a54d-dccb60765ef9,Magic Kingdom,30fe3c64-af71-4c66-a54b-aa61fd7af177,Swiss Family Treehouse,DOWN,,2026-10-03T18:44:09.082Z
2026-10-03T18:45:39.691824+00:00,75ea578a-adc8-4116-a54d-dccb60765ef9,Magic Kingdom,352feb94-e52e-45eb-9c92-e4b44c6b1a9d,Pirates of the Caribbean,OPERATING,30,2026-10-03T18:44:09.074Z
2026-10-03T18:45:39.691824+00:00,75ea578a-adc8-4116-a54d-dccb60765ef9,Magic Kingdom,3cba0cb4-e2a6-402c-93ee-c11ffcb127ef,Under the Sea - Journey of The Little Mermaid,OPERATING,30,2026-10-03T18:42:56.410Z
2026-10-03T18:45:39.691824+00:00,75ea578a-adc8-4116-a54d-dccb60765ef9,Magic Kingdom,52ac3730-b955-452a-a7cc-17e3b06182ac,Trick-or-Treat Locations at Mickey's Not-So-Scary Halloween Party,OPERATING,,2022-08-12T04:04:22.537Z
2026-10-03T18:45:39.691824+00:00,75ea578a-adc8-4116-a54d-dccb60765ef9,Magic Kingdom,5a43d1a7-ad53-4d25-abfe-25625f0da304,TRON Lightcycle / Run,OPERATING,65,2026-10-03T18:36:07.721Z
2026-10-03T18:45:39.691824+00:00,75ea578a-adc8-4116-a54d-dccb60765ef9,Magic Kingdom,6fd1e225-53a0-4a80-a577-4bbc9a471075,Walt Disney's Enchanted Tiki Room,OPERATING,15,2026-10-03T17:53:09.275Z
2026-10-03T18:45:39.691824+00:00,75ea578a-adc8-4116-a54d-dccb60765ef9,Magic Kingdom,72c7343a-f7fb-4f66-95df-c91016de7338,Buzz Lightyear’s Space Ranger Spin,OPERATING,35,2026-10-03T18:36:30.313Z
2026-10-03T18:45:39.691824+00:00,75ea578a-adc8-4116-a54d-dccb60765ef9,Magic Kingdom,73cb9445-0695-47a3-87ce-d08ae36b5f3c,Tiana's Bayou Adventure,OPERATING,45,2026-10-03T18:42:56.468Z
2026-10-03T18:45:39.691824+00:00,75ea578a-adc8-4116-a54d-dccb60765ef9,Magic Kingdom,796b0a25-c51e-456e-9bb8-50a324e301b3,Jungle Cruise,OPERATING,40,2026-10-03T18:42:56.520Z
2026-10-03T18:45:39.691824+00:00,75ea578a-adc8-4116-a54d-dccb60765ef9,Magic Kingdom,7c5e1e02-3a44-4151-9005-44066d5ba1da,Mickey's PhilharMagic,OPERATING,15,2026-10-03T18:42:56.537Z
2026-10-03T18:45:39.691824+00:00,75ea578a-adc8-4116-a54d-dccb60765ef9,Magic Kingdom,8183f3f2-1b59-4b9c-b634-6a863bdf8d84,Walt Disney's Carousel of Progress,REFURBISHMENT,,2026-09-04T18:16:27.839Z
2026-10-03T18:45:39.691824+00:00,75ea578a-adc8-4116-a54d-dccb60765ef9,Magic Kingdom,86a41273-5f15-4b54-93b6-829f140e5161,Peter Pan's Flight,OPERATING,45,2026-10-03T18:39:27.247Z
2026-10-03T18:45:39.691824+00:00,75ea578a-adc8-4116-a54d-dccb60765ef9,Magic Kingdom,888fb4a4-7adf-47a1-8ba2-c258cc64fd75,Main Street Vehicles,OPERATING,,2026-10-03T13:01:08.248Z
2026-10-03T18:45:39.691824+00:00,75ea578a-adc8-4116-a54d-dccb60765ef9,Magic Kingdom,890fa430-89c0-4a3f-96c9-11597888005e,Dumbo the Flying Elephant,OPERATING,10,2026-10-03T18:42:56.493Z
2026-10-03T18:45:39.691824+00:00,75ea578a-adc8-4116-a54d-dccb60765ef9,Magic Kingdom,90d79335-c907-4069-a021-d0fe1ec73ae2,Cinderella Castle,OPERATING,,2026-10-03T12:00:03.740Z
2026-10-03T18:45:39.691824+00:00,75ea578a-adc8-4116-a54d-dccb60765ef9,Magic Kingdom,924a3b2c-6b4b-49e5-99d3-e9dc3f2e8a48,The Barnstormer,OPERATING,15,2026-10-03T18:43:06.624Z
2026-10-03T18:45:39.691824+00:00,75ea578a-adc8-4116-a54d-dccb60765ef9,Magic Kingdom,96455de6-f4f1-403c-9391-bf8396979149,The Magic Carpets of Aladdin,OPERATING,10,2026-10-03T18:36:30.402Z
2026-10-03T18:45:39.691824+00:00,75ea578a-adc8-4116-a54d-dccb60765ef9,Magic Kingdom,9d4d5229-7142-44b6-b4fb-528920969a2c,Seven Dwarfs Mine Train,OPERATING,50,2026-10-03T18:43:06.634Z
2026-10-03T18:45:39.691824+00:00,75ea578a-adc8-4116-a54d-dccb60765ef9,Magic Kingdom,b2260923-9315-40fd-9c6b-44dd811dbe64,Space Mountain,OPERATING,45,2026-10-03T18:42:56.559Z
2026-10-03T18:45:39.691824+00:00,75ea578a-adc8-4116-a54d-dccb60765ef9,Magic Kingdom,d9d12438-d999-4482-894b-8955fdb20ccf,Astro Orbiter,OPERATING,20,2026-10-03T18:37:12.055Z
2026-10-03T18:45:39.691824+00:00,75ea578a-adc8-4116-a54d-dccb60765ef9,Magic Kingdom,de3309ca-97d5-4211-bffe-739fed47e92f,Big Thunder Mountain Railroad,OPERATING,35,2026-10-03T18:35:15.316Z
2026-10-03T18:45:39.691824+00:00,75ea578a-adc8-4116-a54d-dccb60765ef9,Magic Kingdom,de737ffc-306b-4f32-8bbb-34e5d370ec8f,A Pirate's Adventure ~ Treasures of the Seven Seas,OPERATING,,2026-10-03T16:01:08.410Z
2026-10-03T18:45:39.691824+00:00,75ea578a-adc8-4116-a54d-dccb60765ef9,Magic Kingdom,e39b831b-7731-49bb-815b-289b4f49a9fd,"Walt Disney World Railroad - Main Street, U.S.A.",REFURBISHMENT,,2026-09-29T20:08:11.998Z
2026-10-03T18:45:39.691824+00:00,75ea578a-adc8-4116-a54d-dccb60765ef9,Magic Kingdom,e40ac396-cbac-43f4-8752-764ed60ccceb,Walt Disney World Railroad - Fantasyland,REFURBISHMENT,,2026-09-29T20:08:11.982Z
2026-10-03T18:45:39.691824+00:00,75ea578a-adc8-4116-a54d-dccb60765ef9,Magic Kingdom,e76c93df-31af-49a5-8e2f-752c76c937c9,Enchanted Tales with Belle,OPERATING,10,2026-10-03T18:40:07.534Z
2026-10-03T18:45:39.691824+00:00,75ea578a-adc8-4116-a54d-dccb60765ef9,Magic Kingdom,e8f0b426-7645-4ea3-8b41-b94ae7091a41,"Monsters, Inc. Laugh Floor",OPERATING,10,2026-10-03T18:42:56.392Z
2026-10-03T18:45:39.691824+00:00,75ea578a-adc8-4116-a54d-dccb60765ef9,Magic Kingdom,f010bc01-b450-4476-a5f3-a5f2813104b2,Casey Jr. Splash 'N' Soak Station,OPERATING,,2026-10-03T12:00:03.454Z
2026-10-03T18:45:39.691824+00:00,75ea578a-adc8-4116-a54d-dccb60765ef9,Magic Kingdom,f163ddcd-43e1-488d-8276-2381c1db0a39,Tomorrowland Speedway,OPERATING,5,2026-10-03T18:42:56.589Z
2026-10-03T18:45:39.691824+00:00,75ea578a-adc8-4116-a54d-dccb60765ef9,Magic Kingdom,f5aad2d4-a419-4384-bd9a-42f86385c750,"""it's a small world""",OPERATING,35,2026-10-03T18:42:56.502Z
2026-10-03T18:45:39.691824+00:00,75ea578a-adc8-4116-a54d-dccb60765ef9,Magic Kingdom,ffcfeaa2-1416-4920-a1ed-543c1a1695c4,Tomorrowland Transit Authority PeopleMover,OPERATING,15,2026-10-03T18:35:15.325Z
2026-10-03T21:55:54.377583+00:00,75ea578a-adc8-4116-a54d-dccb60765ef9,Magic Kingdom,0aae716c-af13-4439-b638-d75fb1649df3,Mad Tea Party,OPERATING,15,2026-10-03T21:49:38.096Z
2026-10-03T21:55:54.377583+00:00,75ea578a-adc8-4116-a54d-dccb60765ef9,Magic Kingdom,0d94ad60-72f0-4551-83a6-ebaecdd89737,The Many Adventures of Winnie the Pooh,OPERATING,60,2026-10-03T21:55:07.129Z
2026-10-03T21:55:54.377583+00:00,75ea578a-adc8-4116-a54d-dccb60765ef9,Magic Kingdom,0f57cecf-5502-4503-8bc3-ba84d3708ace,Country Bear Musical Jamboree,OPERATING,10,2026-10-03T20:48:27.809Z
2026-10-03T21:55:54.377583+00:00,75ea578a-adc8-4116-a54d-dccb60765ef9,Magic Kingdom,2551a77d-023f-4ab1-9a19-8afec0190f39,Haunted Mansion,OPERATING,35,2026-10-03T21:49:38.156Z
2026-10-03T21:55:54.377583+00:00,75ea578a-adc8-4116-a54d-dccb60765ef9,Magic Kingdom,273ddb8d-e7b5-4e34-8657-1113f49262a5,Prince Charming Regal Carrousel,OPERATING,15,2026-10-03T20:52:16.546Z
2026-10-03T21:55:54.377583+00:00,75ea578a-adc8-4116-a54d-dccb60765ef9,Magic Kingdom,2ebfb38c-5cb5-4de1-86c0-f7af14188022,The Hall of Presidents,OPERATING,15,2026-10-03T13:05:06.546Z
2026-10-03T21:55:54.377583+00:00,75ea578a-adc8-4116-a54d-dccb60765ef9,Magic Kingdom,30fe3c64-af71-4c66-a54b-aa61fd7af177,Swiss Family Treehouse,OPERATING,5,2026-10-03T21:15:51.849Z
2026-10-03T21:55:54.377583+00:00,75ea578a-adc8-4116-a54d-dccb60765ef9,Magic Kingdom,352feb94-e52e-45eb-9c92-e4b44c6b1a9d,Pirates of the Caribbean,OPERATING,25,2026-10-03T21:54:04.816Z
2026-10-03T21:55:54.377583+00:00,75ea578a-adc8-4116-a54d-dccb60765ef9,Magic Kingdom,3cba0cb4-e2a6-402c-93ee-c11ffcb127ef,Under the Sea - Journey of The Little Mermaid,OPERATING,35,2026-10-03T21:55:12.491Z
2026-10-03T21:55:54.377583+00:00,75ea578a-adc8-4116-a54d-dccb60765ef9,Magic Kingdom,52ac3730-b955-452a-a7cc-17e3b06182ac,Trick-or-Treat Locations at Mickey's Not-So-Scary Halloween Party,OPERATING,,2022-08-12T04:04:22.537Z
2026-10-03T21:55:54.377583+00:00,75ea578a-adc8-4116-a54d-dccb60765ef9,Magic Kingdom,5a43d1a7-ad53-4d25-abfe-25625f0da304,TRON Lightcycle / Run,DOWN,,2026-10-03T21:24:33.602Z
2026-10-03T21:55:54.377583+00:00,75ea578a-adc8-4116-a54d-dccb60765ef9,Magic Kingdom,6fd1e225-53a0-4a80-a577-4bbc9a471075,Walt Disney's Enchanted Tiki Room,OPERATING,15,2026-10-03T17:53:09.275Z
2026-10-03T21:55:54.377583+00:00,75ea578a-adc8-4116-a54d-dccb60765ef9,Magic Kingdom,72c7343a-f7fb-4f66-95df-c91016de7338,Buzz Lightyear’s Space Ranger Spin,OPERATING,45,2026-10-03T21:44:17.249Z
2026-10-03T21:55:54.377583+00:00,75ea578a-adc8-4116-a54d-dccb60765ef9,Magic Kingdom,73cb9445-0695-47a3-87ce-d08ae36b5f3c,Tiana's Bayou Adventure,OPERATING,50,2026-10-03T21:54:04.750Z
2026-10-03T21:55:54.377583+00:00,75ea578a-adc8-4116-a54d-dccb60765ef9,Magic Kingdom,796b0a25-c51e-456e-9bb8-50a324e301b3,Jungle Cruise,OPERATING,30,2026-10-03T21:49:38.077Z
2026-10-03T21:55:54.377583+00:00,75ea578a-adc8-4116-a54d-dccb60765ef9,Magic Kingdom,7c5e1e02-3a44-4151-9005-44066d5ba1da,Mickey's PhilharMagic,OPERATING,15,2026-10-03T21:54:04.801Z
2026-10-03T21:55:54.377583+00:00,75ea578a-adc8-4116-a54d-dccb60765ef9,Magic Kingdom,8183f3f2-1b59-4b9c-b634-6a863bdf8d84,Walt Disney's Carousel of Progress,REFURBISHMENT,,2026-09-04T18:16:27.839Z
2026-10-03T21:55:54.377583+00:00,75ea578a-adc8-4116-a54d-dccb60765ef9,Magic Kingdom,86a41273-5f15-4b54-93b6-829f140e5161,Peter Pan's Flight,OPERATING,45,2026-10-03T21:17:08.764Z
2026-10-03T21:55:54.377583+00:00,75ea578a-adc8-4116-a54d-dccb60765ef9,Magic Kingdom,888fb4a4-7adf-47a1-8ba2-c258cc64fd75,Main Street Vehicles,CLOSED,,2026-10-03T20:00:24.063Z
2026-10-03T21:55:54.377583+00:00,75ea578a-adc8-4116-a54d-dccb60765ef9,Magic Kingdom,890fa430-89c0-4a3f-96c9-11597888005e,Dumbo the Flying Elephant,OPERATING,20,2026-10-03T21:54:10.431Z
2026-10-03T21:55:54.377583+00:00,75ea578a-adc8-4116-a54d-dccb60765ef9,Magic Kingdom,90d79335-c907-4069-a021-d0fe1ec73ae2,Cinderella Castle,OPERATING,,2026-10-03T12:00:03.740Z
2026-10-03T21:55:54.377583+00:00,75ea578a-adc8-4116-a54d-dccb60765ef9,Magic Kingdom,924a3b2c-6b4b-49e5-99d3-e9dc3f2e8a48,The Barnstormer,OPERATING,20,2026-10-03T21:54:04.711Z
2026-10-03T21:55:54.377583+00:00,75ea578a-adc8-4116-a54d-dccb60765ef9,Magic Kingdom,96455de6-f4f1-403c-9391-bf8396979149,The Magic Carpets of Aladdin,OPERATING,15,2026-10-03T21:54:04.837Z
2026-10-03T21:55:54.377583+00:00,75ea578a-adc8-4116-a54d-dccb60765ef9,Magic Kingdom,9d4d5229-7142-44b6-b4fb-528920969a2c,Seven Dwarfs Mine Train,OPERATING,65,2026-10-03T21:42:22.104Z
2026-10-03T21:55:54.377583+00:00,75ea578a-adc8-4116-a54d-dccb60765ef9,Magic Kingdom,b2260923-9315-40fd-9c6b-44dd811dbe64,Space Mountain,OPERATING,60,2026-10-03T21:54:04.824Z
2026-10-03T21:55:54.377583+00:00,75ea578a-adc8-4116-a54d-dccb60765ef9,Magic Kingdom,d9d12438-d999-4482-894b-8955fdb20ccf,Astro Orbiter,OPERATING,25,2026-10-03T21:49:17.973Z
2026-10-03T21:55:54.377583+00:00,75ea578a-adc8-4116-a54d-dccb60765ef9,Magic Kingdom,de3309ca-97d5-4211-bffe-739fed47e92f,Big Thunder Mountain Railroad,OPERATING,45,2026-10-03T21:52:09.328Z
2026-10-03T21:55:54.377583+00:00,75ea578a-adc8-4116-a54d-dccb60765ef9,Magic Kingdom,de737ffc-306b-4f32-8bbb-34e5d370ec8f,A Pirate's Adventure ~ Treasures of the Seven Seas,CLOSED,,2026-10-03T21:00:18.630Z
2026-10-03T21:55:54.377583+00:00,75ea578a-adc8-4116-a54d-dccb60765ef9,Magic Kingdom,e39b831b-7731-49bb-815b-289b4f49a9fd,"Walt Disney World Railroad - Main Street, U.S.A.",REFURBISHMENT,,2026-09-29T20:08:11.998Z
2026-10-03T21:55:54.377583+00:00,75ea578a-adc8-4116-a54d-dccb60765ef9,Magic Kingdom,e40ac396-cbac-43f4-8752-764ed60ccceb,Walt Disney World Railroad - Fantasyland,REFURBISHMENT,,2026-09-29T20:08:11.982Z
2026-10-03T21:55:54.377583+00:00,75ea578a-adc8-4116-a54d-dccb60765ef9,Magic Kingdom,e76c93df-31af-49a5-8e2f-752c76c937c9,Enchanted Tales with Belle,OPERATING,10,2026-10-03T21:53:07.629Z
2026-10-03T21:55:54.377583+00:00,75ea578a-adc8-4116-a54d-dccb60765ef9,Magic Kingdom,e8f0b426-7645-4ea3-8b41-b94ae7091a41,"Monsters, Inc. Laugh Floor",OPERATING,10,2026-10-03T21:54:04.704Z
2026-10-03T21:55:54.377583+00:00,75ea578a-adc8-4116-a54d-dccb60765ef9,Magic Kingdom,f010bc01-b450-4476-a5f3-a5f2813104b2,Casey Jr. Splash 'N' Soak Station,OPERATING,,2026-10-03T12:00:03.454Z
2026-10-03T21:55:54.377583+00:00,75ea578a-adc8-4116-a54d-dccb60765ef9,Magic Kingdom,f163ddcd-43e1-488d-8276-2381c1db0a39,Tomorrowland Speedway,OPERATING,20,2026-10-03T21:54:04.844Z
2026-10-03T21:55:54.377583+00:00,75ea578a-adc8-4116-a54d-dccb60765ef9,Magic Kingdom,f5aad2d4-a419-4384-bd9a-42f86385c750,"""it's a small world""",OPERATING,10,2026-10-03T21:54:04.779Z
2026-10-03T21:55:54.377583+00:00,75ea578a-adc8-4116-a54d-dccb60765ef9,Magic Kingdom,ffcfeaa2-1416-4920-a1ed-543c1a1695c4,Tomorrowland Transit Authority PeopleMover,OPERATING,20,2026-10-03T21:20:18.530Z
2026-10-04T00:17:38.073254+00:00,75ea578a-adc8-4116-a54d-dccb60765ef9,Magic Kingdom,0aae716c-af13-4439-b638-d75fb1649df3,Mad Tea Party,OPERATING,10,2026-10-04T00:09:11.050Z
2026-10-04T00:17:38.073254+00:00,75ea578a-adc8-4116-a54d-dccb60765ef9,Magic Kingdom,0d94ad60-72f0-4551-83a6-ebaecdd89737,The Many Adventures of Winnie the Pooh,OPERATING,40,2026-10-04T00:17:11.345Z
2026-10-04T00:17:38.073254+00:00,75ea578a-adc8-4116-a54d-dccb60765ef9,Magic Kingdom,0f57cecf-5502-4503-8bc3-ba84d3708ace,Country Bear Musical Jamboree,OPERATING,10,2026-10-03T20:48:27.809Z
2026-10-04T00:17:38.073254+00:00,75ea578a-adc8-4116-a54d-dccb60765ef9,Magic Kingdom,2551a77d-023f-4ab1-9a19-8afec0190f39,Haunted Mansion,OPERATING,35,2026-10-04T00:10:19.305Z
2026-10-04T00:17:38.073254+00:00,75ea578a-adc8-4116-a54d-dccb60765ef9,Magic Kingdom,273ddb8d-e7b5-4e34-8657-1113f49262a5,Prince Charming Regal Carrousel,OPERATING,15,2026-10-03T20:52:16.546Z
2026-10-04T00:17:38.073254+00:00,75ea578a-adc8-4116-a54d-dccb60765ef9,Magic Kingdom,2ebfb38c-5cb5-4de1-86c0-f7af14188022,The Hall of Presidents,OPERATING,15,2026-10-03T13:05:06.546Z
2026-10-04T00:17:38.073254+00:00,75ea578a-adc8-4116-a54d-dccb60765ef9,Magic Kingdom,30fe3c64-af71-4c66-a54b-aa61fd7af177,Swiss Family Treehouse,OPERATING,5,2026-10-03T21:15:51.849Z
2026-10-04T00:17:38.073254+00:00,75ea578a-adc8-4116-a54d-dccb60765ef9,Magic Kingdom,352feb94-e52e-45eb-9c92-e4b44c6b1a9d,Pirates of the Caribbean,OPERATING,25,2026-10-04T00:09:11.059Z
2026-10-04T00:17:38.073254+00:00,75ea578a-adc8-4116-a54d-dccb60765ef9,Magic Kingdom,3cba0cb4-e2a6-402c-93ee-c11ffcb127ef,Under the Sea - Journey of The Little Mermaid,OPERATING,15,2026-10-04T00:14:20.016Z
2026-10-04T00:17:38.073254+00:00,75ea578a-adc8-4116-a54d-dccb60765ef9,Magic Kingdom,52ac3730-b955-452a-a7cc-17e3b06182ac,Trick-or-Treat Locations at Mickey's Not-So-Scary Halloween Party,OPERATING,,2022-08-12T04:04:22.537Z
2026-10-04T00:17:38.073254+00:00,75ea578a-adc8-4116-a54d-dccb60765ef9,Magic Kingdom,5a43d1a7-ad53-4d25-abfe-25625f0da304,TRON Lightcycle / Run,OPERATING,110,2026-10-04T00:15:09.324Z
2026-10-04T00:17:38.073254+00:00,75ea578a-adc8-4116-a54d-dccb60765ef9,Magic Kingdom,6fd1e225-53a0-4a80-a577-4bbc9a471075,Walt Disney's Enchanted Tiki Room,OPERATING,15,2026-10-03T17:53:09.275Z
2026-10-04T00:17:38.073254+00:00,75ea578a-adc8-4116-a54d-dccb60765ef9,Magic Kingdom,72c7343a-f7fb-4f66-95df-c91016de7338,Buzz Lightyear’s Space Ranger Spin,OPERATING,55,2026-10-04T00:11:10.777Z
2026-10-04T00:17:38.073254+00:00,75ea578a-adc8-4116-a54d-dccb60765ef9,Magic Kingdom,73cb9445-0695-47a3-87ce-d08ae36b5f3c,Tiana's Bayou Adventure,OPERATING,25,2026-10-04T00:00:10.893Z
2026-10-04T00:17:38.073254+00:00,75ea578a-adc8-4116-a54d-dccb60765ef9,Magic Kingdom,796b0a25-c51e-456e-9bb8-50a324e301b3,Jungle Cruise,OPERATING,30,2026-10-04T00:10:19.297Z
2026-10-04T00:17:38.073254+00:00,75ea578a-adc8-4116-a54d-dccb60765ef9,Magic Kingdom,7c5e1e02-3a44-4151-9005-44066d5ba1da,Mickey's PhilharMagic,OPERATING,15,2026-10-03T22:28:29.561Z
2026-10-04T00:17:38.073254+00:00,75ea578a-adc8-4116-a54d-dccb60765ef9,Magic Kingdom,8183f3f2-1b59-4b9c-b634-6a863bdf8d84,Walt Disney's Carousel of Progress,REFURBISHMENT,,2026-09-04T18:16:27.839Z
2026-10-04T00:17:38.073254+00:00,75ea578a-adc8-4116-a54d-dccb60765ef9,Magic Kingdom,86a41273-5f15-4b54-93b6-829f140e5161,Peter Pan's Flight,OPERATING,45,2026-10-04T00:05:20.600Z
2026-10-04T00:17:38.073254+00:00,75ea578a-adc8-4116-a54d-dccb60765ef9,Magic Kingdom,888fb4a4-7adf-47a1-8ba2-c258cc64fd75,Main Street Vehicles,CLOSED,,2026-10-03T20:00:24.063Z
2026-10-04T00:17:38.073254+00:00,75ea578a-adc8-4116-a54d-dccb60765ef9,Magic Kingdom,890fa430-89c0-4a3f-96c9-11597888005e,Dumbo the Flying Elephant,OPERATING,15,2026-10-04T00:09:15.005Z
2026-10-04T00:17:38.073254+00:00,75ea578a-adc8-4116-a54d-dccb60765ef9,Magic Kingdom,90d79335-c907-4069-a021-d0fe1ec73ae2,Cinderella Castle,OPERATING,,2026-10-03T12:00:03.740Z
2026-10-04T00:17:38.073254+00:00,75ea578a-adc8-4116-a54d-dccb60765ef9,Magic Kingdom,924a3b2c-6b4b-49e5-99d3-e9dc3f2e8a48,The Barnstormer,OPERATING,10,2026-10-04T00:15:09.298Z
2026-10-04T00:17:38.073254+00:00,75ea578a-adc8-4116-a54d-dccb60765ef9,Magic Kingdom,96455de6-f4f1-403c-9391-bf8396979149,The Magic Carpets of Aladdin,OPERATING,10,2026-10-04T00:09:15.070Z
2026-10-04T00:17:38.073254+00:00,75ea578a-adc8-4116-a54d-dccb60765ef9,Magic Kingdom,9d4d5229-7142-44b6-b4fb-528920969a2c,Seven Dwarfs Mine Train,OPERATING,60,2026-10-03T22:57:12.521Z
2026-10-04T00:17:38.073254+00:00,75ea578a-adc8-4116-a54d-dccb60765ef9,Magic Kingdom,b2260923-9315-40fd-9c6b-44dd811dbe64,Space Mountain,OPERATING,40,2026-10-04T00:16:16.050Z
2026-10-04T00:17:38.073254+00:00,75ea578a-adc8-4116-a54d-dccb60765ef9,Magic Kingdom,d9d12438-d999-4482-894b-8955fdb20ccf,Astro Orbiter,OPERATING,30,2026-10-04T00:07:12.410Z
2026-10-04T00:17:38.073254+00:00,75ea578a-adc8-4116-a54d-dccb60765ef9,Magic Kingdom,de3309ca-97d5-4211-bffe-739fed47e92f,Big Thunder Mountain Railroad,OPERATING,40,2026-10-04T00:09:14.995Z
2026-10-04T00:17:38.073254+00:00,75ea578a-adc8-4116-a54d-dccb60765ef9,Magic Kingdom,de737ffc-306b-4f32-8bbb-34e5d370ec8f,A Pirate's Adventure ~ Treasures of the Seven Seas,CLOSED,,2026-10-03T21:00:18.630Z
2026-10-04T00:17:38.073254+00:00,75ea578a-adc8-4116-a54d-dccb60765ef9,Magic Kingdom,e39b831b-7731-49bb-815b-289b4f49a9fd,"Walt Disney World Railroad - Main Street, U.S.A.",REFURBISHMENT,,2026-09-29T20:08:11.998Z
2026-10-04T00:17:38.073254+00:00,75ea578a-adc8-4116-a54d-dccb60765ef9,Magic Kingdom,e40ac396-cbac-43f4-8752-764ed60ccceb,Walt Disney World Railroad - Fantasyland,REFURBISHMENT,,2026-09-29T20:08:11.982Z
2026-10-04T00:17:38.073254+00:00,75ea578a-adc8-4116-a54d-dccb60765ef9,Magic Kingdom,e76c93df-31af-49a5-8e2f-752c76c937c9,Enchanted Tales with Belle,CLOSED,,2026-10-03T23:30:31.909Z
2026-10-04T00:17:38.073254+00:00,75ea578a-adc8-4116-a54d-dccb60765ef9,Magic Kingdom,e8f0b426-7645-4ea3-8b41-b94ae7091a41,"Monsters, Inc. Laugh Floor",OPERATING,10,2026-10-04T00:14:20.000Z
2026-10-04T00:17:38.073254+00:00,75ea578a-adc8-4116-a54d-dccb60765ef9,Magic Kingdom,f010bc01-b450-4476-a5f3-a5f2813104b2,Casey Jr. Splash 'N' Soak Station,CLOSED,,2026-10-03T22:00:03.129Z
2026-10-04T00:17:38.073254+00:00,75ea578a-adc8-4116-a54d-dccb60765ef9,Magic Kingdom,f163ddcd-43e1-488d-8276-2381c1db0a39,Tomorrowland Speedway,OPERATING,5,2026-10-04T00:14:20.110Z
2026-10-04T00:17:38.073254+00:00,75ea578a-adc8-4116-a54d-dccb60765ef9,Magic Kingdom,f5aad2d4-a419-4384-bd9a-42f86385c750,"""it's a small world""",OPERATING,5,2026-10-04T00:14:20.047Z
2026-10-04T00:17:38.073254+00:00,75ea578a-adc8-4116-a54d-dccb60765ef9,Magic Kingdom,ffcfeaa2-1416-4920-a1ed-543c1a1695c4,Tomorrowland Transit Authority PeopleMover,OPERATING,20,2026-10-04T00:15:09.334Z
2026-10-04T12:39:35.296571+00:00,75ea578a-adc8-4116-a54d-dccb60765ef9,Magic Kingdom,0aae716c-af13-4439-b638-d75fb1649df3,Mad Tea Party,OPERATING,5,2026-10-04T12:30:16.160Z
2026-10-04T12:39:35.296571+00:00,75ea578a-adc8-4116-a54d-dccb60765ef9,Magic Kingdom,0d94ad60-72f0-4551-83a6-ebaecdd89737,The Many Adventures of Winnie the Pooh,OPERATING,30,2026-10-04T12:34:50.302Z
2026-10-04T12:39:35.296571+00:00,75ea578a-adc8-4116-a54d-dccb60765ef9,Magic Kingdom,0f57cecf-5502-4503-8bc3-ba84d3708ace,Country Bear Musical Jamboree,CLOSED,,2026-10-04T08:02:16.524Z
2026-10-04T12:39:35.296571+00:00,75ea578a-adc8-4116-a54d-dccb60765ef9,Magic Kingdom,2551a77d-023f-4ab1-9a19-8afec0190f39,Haunted Mansion,OPERATING,13,2026-10-04T12:34:50.288Z
2026-10-04T12:39:35.296571+00:00,75ea578a-adc8-4116-a54d-dccb60765ef9,Magic Kingdom,273ddb8d-e7b5-4e34-8657-1113f49262a5,Prince Charming Regal Carrousel,OPERATING,5,2026-10-04T12:30:16.123Z
2026-10-04T12:39:35.296571+00:00,75ea578a-adc8-4116-a54d-dccb60765ef9,Magic Kingdom,2ebfb38c-5cb5-4de1-86c0-f7af14188022,The Hall of Presidents,CLOSED,,2026-10-04T08:02:16.533Z
2026-10-04T12:39:35.296571+00:00,75ea578a-adc8-4116-a54d-dccb60765ef9,Magic Kingdom,30fe3c64-af71-4c66-a54b-aa61fd7af177,Swiss Family Treehouse,OPERATING,5,2026-10-04T12:05:15.136Z
2026-10-04T12:39:35.296571+00:00,75ea578a-adc8-4116-a54d-dccb60765ef9,Magic Kingdom,352feb94-e52e-45eb-9c92-e4b44c6b1a9d,Pirates of the Caribbean,OPERATING,5,2026-10-04T12:34:50.273Z
2026-10-04T12:39:35.296571+00:00,75ea578a-adc8-4116-a54d-dccb60765ef9,Magic Kingdom,3cba0cb4-e2a6-402c-93ee-c11ffcb127ef,Under the Sea - Journey of The Little Mermaid,OPERATING,5,2026-10-04T12:29:57.585Z
2026-10-04T12:39:35.296571+00:00,75ea578a-adc8-4116-a54d-dccb60765ef9,Magic Kingdom,52ac3730-b955-452a-a7cc-17e3b06182ac,Trick-or-Treat Locations at Mickey's Not-So-Scary Halloween Party,OPERATING,,2022-08-12T04:04:22.537Z
2026-10-04T12:39:35.296571+00:00,75ea578a-adc8-4116-a54d-dccb60765ef9,Magic Kingdom,5a43d1a7-ad53-4d25-abfe-25625f0da304,TRON Lightcycle / Run,OPERATING,40,2026-10-04T12:23:49.004Z
2026-10-04T12:39:35.296571+00:00,75ea578a-adc8-4116-a54d-dccb60765ef9,Magic Kingdom,6fd1e225-53a0-4a80-a577-4bbc9a471075,Walt Disney's Enchanted Tiki Room,CLOSED,,2026-10-04T08:02:16.204Z
2026-10-04T12:39:35.296571+00:00,75ea578a-adc8-4116-a54d-dccb60765ef9,Magic Kingdom,72c7343a-f7fb-4f66-95df-c91016de7338,Buzz Lightyear’s Space Ranger Spin,OPERATING,5,2026-10-04T12:37:49.784Z
2026-10-04T12:39:35.296571+00:00,75ea578a-adc8-4116-a54d-dccb60765ef9,Magic Kingdom,73cb9445-0695-47a3-87ce-d08ae36b5f3c,Tiana's Bayou Adventure,OPERATING,5,2026-10-04T12:29:57.730Z
2026-10-04T12:39:35.296571+00:00,75ea578a-adc8-4116-a54d-dccb60765ef9,Magic Kingdom,796b0a25-c51e-456e-9bb8-50a324e301b3,Jungle Cruise,OPERATING,10,2026-10-04T12:34:50.258Z
2026-10-04T12:39:35.296571+00:00,75ea578a-adc8-4116-a54d-dccb60765ef9,Magic Kingdom,7c5e1e02-3a44-4151-9005-44066d5ba1da,Mickey's PhilharMagic,CLOSED,,2026-10-04T08:02:16.414Z
2026-10-04T12:39:35.296571+00:00,75ea578a-adc8-4116-a54d-dccb60765ef9,Magic Kingdom,8183f3f2-1b59-4b9c-b634-6a863bdf8d84,Walt Disney's Carousel of Progress,REFURBISHMENT,,2026-09-04T18:16:27.839Z
2026-10-04T12:39:35.296571+00:00,75ea578a-adc8-4116-a54d-dccb60765ef9,Magic Kingdom,86a41273-5f15-4b54-93b6-829f140e5161,Peter Pan's Flight,OPERATING,50,2026-10-04T12:34:50.266Z
2026-10-04T12:39:35.296571+00:00,75ea578a-adc8-4116-a54d-dccb60765ef9,Magic Kingdom,888fb4a4-7adf-47a1-8ba2-c258cc64fd75,Main Street Vehicles,CLOSED,,2026-10-04T07:23:44.733Z
2026-10-04T12:39:35.296571+00:00,75ea578a-adc8-4116-a54d-dccb60765ef9,Magic Kingdom,890fa430-89c0-4a3f-96c9-11597888005e,Dumbo the Flying Elephant,OPERATING,5,2026-10-04T12:34:50.242Z
2026-10-04T12:39:35.296571+00:00,75ea578a-adc8-4116-a54d-dccb60765ef9,Magic Kingdom,90d79335-c907-4069-a021-d0fe1ec73ae2,Cinderella Castle,OPERATING,,2026-10-04T12:00:04.444Z
2026-10-04T12:39:35.296571+00:00,75ea578a-adc8-4116-a54d-dccb60765ef9,Magic Kingdom,924a3b2c-6b4b-49e5-99d3-e9dc3f2e8a48,The Barnstormer,OPERATING,5,2026-10-04T12:34:50.183Z
2026-10-04T12:39:35.296571+00:00,75ea578a-adc8-4116-a54d-dccb60765ef9,Magic Kingdom,96455de6-f4f1-403c-9391-bf8396979149,The Magic Carpets of Aladdin,OPERATING,5,2026-10-04T12:34:50.295Z
2026-10-04T12:39:35.296571+00:00,75ea578a-adc8-4116-a54d-dccb60765ef9,Magic Kingdom,9d4d5229-7142-44b6-b4fb-528920969a2c,Seven Dwarfs Mine Train,OPERATING,40,2026-10-04T12:36:18.860Z
2026-10-04T12:39:35.296571+00:00,75ea578a-adc8-4116-a54d-dccb60765ef9,Magic Kingdom,b2260923-9315-40fd-9c6b-44dd811dbe64,Space Mountain,OPERATING,15,2026-10-04T12:34:50.280Z
2026-10-04T12:39:35.296571+00:00,75ea578a-adc8-4116-a54d-dccb60765ef9,Magic Kingdom,d9d12438-d999-4482-894b-8955fdb20ccf,Astro Orbiter,OPERATING,10,2026-10-04T12:10:22.725Z
2026-10-04T12:39:35.296571+00:00,75ea578a-adc8-4116-a54d-dccb60765ef9,Magic Kingdom,de3309ca-97d5-4211-bffe-739fed47e92f,Big Thunder Mountain Railroad,OPERATING,5,2026-10-04T12:23:49.033Z
2026-10-04T12:39:35.296571+00:00,75ea578a-adc8-4116-a54d-dccb60765ef9,Magic Kingdom,de737ffc-306b-4f32-8bbb-34e5d370ec8f,A Pirate's Adventure ~ Treasures of the Seven Seas,CLOSED,,2026-10-04T07:23:44.223Z
2026-10-04T12:39:35.296571+00:00,75ea578a-adc8-4116-a54d-dccb60765ef9,Magic Kingdom,e39b831b-7731-49bb-815b-289b4f49a9fd,"Walt Disney World Railroad - Main Street, U.S.A.",REFURBISHMENT,,2026-09-29T20:08:11.998Z
2026-10-04T12:39:35.296571+00:00,75ea578a-adc8-4116-a54d-dccb60765ef9,Magic Kingdom,e40ac396-cbac-43f4-8752-764ed60ccceb,Walt Disney World Railroad - Fantasyland,REFURBISHMENT,,2026-09-29T20:08:11.982Z
2026-10-04T12:39:35.296571+00:00,75ea578a-adc8-4116-a54d-dccb60765ef9,Magic Kingdom,e76c93df-31af-49a5-8e2f-752c76c937c9,Enchanted Tales with Belle,CLOSED,,2026-10-04T08:02:16.228Z
2026-10-04T12:39:35.296571+00:00,75ea578a-adc8-4116-a54d-dccb60765ef9,Magic Kingdom,e8f0b426-7645-4ea3-8b41-b94ae7091a41,"Monsters, Inc. Laugh Floor",CLOSED,,2026-10-04T08:02:16.195Z
2026-10-04T12:39:35.296571+00:00,75ea578a-adc8-4116-a54d-dccb60765ef9,Magic Kingdom,f010bc01-b450-4476-a5f3-a5f2813104b2,Casey Jr. Splash 'N' Soak Station,OPERATING,,2026-10-04T12:00:04.055Z
2026-10-04T12:39:35.296571+00:00,75ea578a-adc8-4116-a54d-dccb60765ef9,Magic Kingdom,f163ddcd-43e1-488d-8276-2381c1db0a39,Tomorrowland Speedway,OPERATING,5,2026-10-04T12:28:20.028Z
2026-10-04T12:39:35.296571+00:00,75ea578a-adc8-4116-a54d-dccb60765ef9,Magic Kingdom,f5aad2d4-a419-4384-bd9a-42f86385c750,"""it's a small world""",OPERATING,5,2026-10-04T12:34:50.249Z
2026-10-04T12:39:35.296571+00:00,75ea578a-adc8-4116-a54d-dccb60765ef9,Magic Kingdom,ffcfeaa2-1416-4920-a1ed-543c1a1695c4,Tomorrowland Transit Authority PeopleMover,DOWN,,2026-10-04T12:14:19.363Z
2026-10-04T17:13:28.572783+00:00,75ea578a-adc8-4116-a54d-dccb60765ef9,Magic Kingdom,0aae716c-af13-4439-b638-d75fb1649df3,Mad Tea Party,OPERATING,10,2026-10-04T17:06:20.117Z
2026-10-04T17:13:28.572783+00:00,75ea578a-adc8-4116-a54d-dccb60765ef9,Magic Kingdom,0d94ad60-72f0-4551-83a6-ebaecdd89737,The Many Adventures of Winnie the Pooh,OPERATING,35,2026-10-04T17:06:20.134Z
2026-10-04T17:13:28.572783+00:00,75ea578a-adc8-4116-a54d-dccb60765ef9,Magic Kingdom,0f57cecf-5502-4503-8bc3-ba84d3708ace,Country Bear Musical Jamboree,OPERATING,10,2026-10-04T13:00:15.723Z
2026-10-04T17:13:28.572783+00:00,75ea578a-adc8-4116-a54d-dccb60765ef9,Magic Kingdom,2551a77d-023f-4ab1-9a19-8afec0190f39,Haunted Mansion,OPERATING,25,2026-10-04T16:39:23.871Z
2026-10-04T17:13:28.572783+00:00,75ea578a-adc8-4116-a54d-dccb60765ef9,Magic Kingdom,273ddb8d-e7b5-4e34-8657-1113f49262a5,Prince Charming Regal Carrousel,OPERATING,0,2026-10-04T16:43:13.839Z
2026-10-04T17:13:28.572783+00:00,75ea578a-adc8-4116-a54d-dccb60765ef9,Magic Kingdom,2ebfb38c-5cb5-4de1-86c0-f7af14188022,The Hall of Presidents,OPERATING,15,2026-10-04T13:56:18.842Z
2026-10-04T17:13:28.572783+00:00,75ea578a-adc8-4116-a54d-dccb60765ef9,Magic Kingdom,30fe3c64-af71-4c66-a54b-aa61fd7af177,Swiss Family Treehouse,OPERATING,5,2026-10-04T12:05:15.136Z
2026-10-04T17:13:28.572783+00:00,75ea578a-adc8-4116-a54d-dccb60765ef9,Magic Kingdom,352feb94-e52e-45eb-9c92-e4b44c6b1a9d,Pirates of the Caribbean,OPERATING,20,2026-10-04T17:10:06.418Z
2026-10-04T17:13:28.572783+00:00,75ea578a-adc8-4116-a54d-dccb60765ef9,Magic Kingdom,3cba0cb4-e2a6-402c-93ee-c11ffcb127ef,Under the Sea - Journey of The Little Mermaid,OPERATING,5,2026-10-04T17:10:06.281Z
2026-10-04T17:13:28.572783+00:00,75ea578a-adc8-4116-a54d-dccb60765ef9,Magic Kingdom,52ac3730-b955-452a-a7cc-17e3b06182ac,Trick-or-Treat Locations at Mickey's Not-So-Scary Halloween Party,OPERATING,,2022-08-12T04:04:22.537Z
2026-10-04T17:13:28.572783+00:00,75ea578a-adc8-4116-a54d-dccb60765ef9,Magic Kingdom,5a43d1a7-ad53-4d25-abfe-25625f0da304,TRON Lightcycle / Run,OPERATING,45,2026-10-04T17:10:25.933Z
2026-10-04T17:13:28.572783+00:00,75ea578a-adc8-4116-a54d-dccb60765ef9,Magic Kingdom,6fd1e225-53a0-4a80-a577-4bbc9a471075,Walt Disney's Enchanted Tiki Room,OPERATING,10,2026-10-04T13:02:20.266Z
2026-10-04T17:13:28.572783+00:00,75ea578a-adc8-4116-a54d-dccb60765ef9,Magic Kingdom,72c7343a-f7fb-4f66-95df-c91016de7338,Buzz Lightyear’s Space Ranger Spin,DOWN,,2026-10-04T16:34:28.730Z
2026-10-04T17:13:28.572783+00:00,75ea578a-adc8-4116-a54d-dccb60765ef9,Magic Kingdom,73cb9445-0695-47a3-87ce-d08ae36b5f3c,Tiana's Bayou Adventure,OPERATING,25,2026-10-04T17:10:25.941Z
2026-10-04T17:13:28.572783+00:00,75ea578a-adc8-4116-a54d-dccb60765ef9,Magic Kingdom,796b0a25-c51e-456e-9bb8-50a324e301b3,Jungle Cruise,OPERATING,30,2026-10-04T17:08:21.061Z
2026-10-04T17:13:28.572783+00:00,75ea578a-adc8-4116-a54d-dccb60765ef9,Magic Kingdom,7c5e1e02-3a44-4151-9005-44066d5ba1da,Mickey's PhilharMagic,OPERATING,10,2026-10-04T17:10:06.401Z
2026-10-04T17:13:28.572783+00:00,75ea578a-adc8-4116-a54d-dccb60765ef9,Magic Kingdom,8183f3f2-1b59-4b9c-b634-6a863bdf8d84,Walt Disney's Carousel of Progress,REFURBISHMENT,,2026-09-04T18:16:27.839Z
2026-10-04T17:13:28.572783+00:00,75ea578a-adc8-4116-a54d-dccb60765ef9,Magic Kingdom,86a41273-5f15-4b54-93b6-829f140e5161,Peter Pan's Flight,OPERATING,50,2026-10-04T17:01:20.903Z
2026-10-04T17:13:28.572783+00:00,75ea578a-adc8-4116-a54d-dccb60765ef9,Magic Kingdom,888fb4a4-7adf-47a1-8ba2-c258cc64fd75,Main Street Vehicles,OPERATING,,2026-10-04T13:00:15.683Z
2026-10-04T17:13:28.572783+00:00,75ea578a-adc8-4116-a54d-dccb60765ef9,Magic Kingdom,890fa430-89c0-4a3f-96c9-11597888005e,Dumbo the Flying Elephant,OPERATING,5,2026-10-04T17:10:06.350Z
2026-10-04T17:13:28.572783+00:00,75ea578a-adc8-4116-a54d-dccb60765ef9,Magic Kingdom,90d79335-c907-4069-a021-d0fe1ec73ae2,Cinderella Castle,OPERATING,,2026-10-04T12:00:04.444Z
2026-10-04T17:13:28.572783+00:00,75ea578a-adc8-4116-a54d-dccb60765ef9,Magic Kingdom,924a3b2c-6b4b-49e5-99d3-e9dc3f2e8a48,The Barnstormer,OPERATING,5,2026-10-04T17:10:06.270Z
2026-10-04T17:13:28.572783+00:00,75ea578a-adc8-4116-a54d-dccb60765ef9,Magic Kingdom,96455de6-f4f1-403c-9391-bf8396979149,The Magic Carpets of Aladdin,OPERATING,5,2026-10-04T17:03:45.069Z
2026-10-04T17:13:28.572783+00:00,75ea578a-adc8-4116-a54d-dccb60765ef9,Magic Kingdom,9d4d5229-7142-44b6-b4fb-528920969a2c,Seven Dwarfs Mine Train,OPERATING,40,2026-10-04T16:34:28.721Z
2026-10-04T17:13:28.572783+00:00,75ea578a-adc8-4116-a54d-dccb60765ef9,Magic Kingdom,b2260923-9315-40fd-9c6b-44dd811dbe64,Space Mountain,OPERATING,25,2026-10-04T17:10:06.428Z
2026-10-04T17:13:28.572783+00:00,75ea578a-adc8-4116-a54d-dccb60765ef9,Magic Kingdom,d9d12438-d999-4482-894b-8955fdb20ccf,Astro Orbiter,OPERATING,10,2026-10-04T15:46:17.969Z
2026-10-04T17:13:28.572783+00:00,75ea578a-adc8-4116-a54d-dccb60765ef9,Magic Kingdom,de3309ca-97d5-4211-bffe-739fed47e92f,Big Thunder Mountain Railroad,OPERATING,50,2026-10-04T17:07:17.283Z
2026-10-04T17:13:28.572783+00:00,75ea578a-adc8-4116-a54d-dccb60765ef9,Magic Kingdom,de737ffc-306b-4f32-8bbb-34e5d370ec8f,A Pirate's Adventure ~ Treasures of the Seven Seas,OPERATING,,2026-10-04T16:00:20.791Z
2026-10-04T17:13:28.572783+00:00,75ea578a-adc8-4116-a54d-dccb60765ef9,Magic Kingdom,e39b831b-7731-49bb-815b-289b4f49a9fd,"Walt Disney World Railroad - Main Street, U.S.A.",REFURBISHMENT,,2026-09-29T20:08:11.998Z
2026-10-04T17:13:28.572783+00:00,75ea578a-adc8-4116-a54d-dccb60765ef9,Magic Kingdom,e40ac396-cbac-43f4-8752-764ed60ccceb,Walt Disney World Railroad - Fantasyland,REFURBISHMENT,,2026-09-29T20:08:11.982Z
2026-10-04T17:13:28.572783+00:00,75ea578a-adc8-4116-a54d-dccb60765ef9,Magic Kingdom,e76c93df-31af-49a5-8e2f-752c76c937c9,Enchanted Tales with Belle,OPERATING,15,2026-10-04T17:05:26.968Z
2026-10-04T17:13:28.572783+00:00,75ea578a-adc8-4116-a54d-dccb60765ef9,Magic Kingdom,e8f0b426-7645-4ea3-8b41-b94ae7091a41,"Monsters, Inc. Laugh Floor",OPERATING,10,2026-10-04T17:03:44.908Z
2026-10-04T17:13:28.572783+00:00,75ea578a-adc8-4116-a54d-dccb60765ef9,Magic Kingdom,f010bc01-b450-4476-a5f3-a5f2813104b2,Casey Jr. Splash 'N' Soak Station,OPERATING,,2026-10-04T12:00:04.055Z
2026-10-04T17:13:28.572783+00:00,75ea578a-adc8-4116-a54d-dccb60765ef9,Magic Kingdom,f163ddcd-43e1-488d-8276-2381c1db0a39,Tomorrowland Speedway,OPERATING,10,2026-10-04T17:12:20.663Z
2026-10-04T17:13:28.572783+00:00,75ea578a-adc8-4116-a54d-dccb60765ef9,Magic Kingdom,f5aad2d4-a419-4384-bd9a-42f86385c750,"""it's a small world""",OPERATING,15,2026-10-04T17:10:06.360Z
2026-10-04T17:13:28.572783+00:00,75ea578a-adc8-4116-a54d-dccb60765ef9,Magic Kingdom,ffcfeaa2-1416-4920-a1ed-543c1a1695c4,Tomorrowland Transit Authority PeopleMover,OPERATING,5,2026-10-04T13:19:30.403Z
2026-10-04T20:17:51.254072+00:00,75ea578a-adc8-4116-a54d-dccb60765ef9,Magic Kingdom,0aae716c-af13-4439-b638-d75fb1649df3,Mad Tea Party,OPERATING,5,2026-10-04T20:13:57.900Z
2026-10-04T20:17:51.254072+00:00,75ea578a-adc8-4116-a54d-dccb60765ef9,Magic Kingdom,0d94ad60-72f0-4551-83a6-ebaecdd89737,The Many Adventures of Winnie the Pooh,OPERATING,20,2026-10-04T20:08:26.588Z
2026-10-04T20:17:51.254072+00:00,75ea578a-adc8-4116-a54d-dccb60765ef9,Magic Kingdom,0f57cecf-5502-4503-8bc3-ba84d3708ace,Country Bear Musical Jamboree,OPERATING,10,2026-10-04T13:00:15.723Z
2026-10-04T20:17:51.254072+00:00,75ea578a-adc8-4116-a54d-dccb60765ef9,Magic Kingdom,2551a77d-023f-4ab1-9a19-8afec0190f39,Haunted Mansion,OPERATING,15,2026-10-04T19:41:25.498Z
2026-10-04T20:17:51.254072+00:00,75ea578a-adc8-4116-a54d-dccb60765ef9,Magic Kingdom,273ddb8d-e7b5-4e34-8657-1113f49262a5,Prince Charming Regal Carrousel,OPERATING,5,2026-10-04T20:15:26.065Z
2026-10-04T20:17:51.254072+00:00,75ea578a-adc8-4116-a54d-dccb60765ef9,Magic Kingdom,2ebfb38c-5cb5-4de1-86c0-f7af14188022,The Hall of Presidents,OPERATING,15,2026-10-04T13:56:18.842Z
2026-10-04T20:17:51.254072+00:00,75ea578a-adc8-4116-a54d-dccb60765ef9,Magic Kingdom,30fe3c64-af71-4c66-a54b-aa61fd7af177,Swiss Family Treehouse,OPERATING,5,2026-10-04T12:05:15.136Z
2026-10-04T20:17:51.254072+00:00,75ea578a-adc8-4116-a54d-dccb60765ef9,Magic Kingdom,352feb94-e52e-45eb-9c92-e4b44c6b1a9d,Pirates of the Caribbean,OPERATING,5,2026-10-04T20:13:57.922Z
2026-10-04T20:17:51.254072+00:00,75ea578a-adc8-4116-a54d-dccb60765ef9,Magic Kingdom,3cba0cb4-e2a6-402c-93ee-c11ffcb127ef,Under the Sea - Journey of The Little Mermaid,OPERATING,5,2026-10-04T20:13:57.788Z
2026-10-04T20:17:51.254072+00:00,75ea578a-adc8-4116-a54d-dccb60765ef9,Magic Kingdom,52ac3730-b955-452a-a7cc-17e3b06182ac,Trick-or-Treat Locations at Mickey's Not-So-Scary Halloween Party,OPERATING,,2022-08-12T04:04:22.537Z
2026-10-04T20:17:51.254072+00:00,75ea578a-adc8-4116-a54d-dccb60765ef9,Magic Kingdom,5a43d1a7-ad53-4d25-abfe-25625f0da304,TRON Lightcycle / Run,DOWN,,2026-10-04T20:14:02.439Z
2026-10-04T20:17:51.254072+00:00,75ea578a-adc8-4116-a54d-dccb60765ef9,Magic Kingdom,6fd1e225-53a0-4a80-a577-4bbc9a471075,Walt Disney's Enchanted Tiki Room,OPERATING,10,2026-10-04T13:02:20.266Z
2026-10-04T20:17:51.254072+00:00,75ea578a-adc8-4116-a54d-dccb60765ef9,Magic Kingdom,72c7343a-f7fb-4f66-95df-c91016de7338,Buzz Lightyear’s Space Ranger Spin,OPERATING,50,2026-10-04T20:03:22.448Z
2026-10-04T20:17:51.254072+00:00,75ea578a-adc8-4116-a54d-dccb60765ef9,Magic Kingdom,73cb9445-0695-47a3-87ce-d08ae36b5f3c,Tiana's Bayou Adventure,OPERATING,20,2026-10-04T19:55:31.315Z
2026-10-04T20:17:51.254072+00:00,75ea578a-adc8-4116-a54d-dccb60765ef9,Magic Kingdom,796b0a25-c51e-456e-9bb8-50a324e301b3,Jungle Cruise,OPERATING,15,2026-10-04T19:55:27.335Z
2026-10-04T20:17:51.254072+00:00,75ea578a-adc8-4116-a54d-dccb60765ef9,Magic Kingdom,7c5e1e02-3a44-4151-9005-44066d5ba1da,Mickey's PhilharMagic,OPERATING,10,2026-10-04T20:17:17.404Z
2026-10-04T20:17:51.254072+00:00,75ea578a-adc8-4116-a54d-dccb60765ef9,Magic Kingdom,8183f3f2-1b59-4b9c-b634-6a863bdf8d84,Walt Disney's Carousel of Progress,REFURBISHMENT,,2026-09-04T18:16:27.839Z
2026-10-04T20:17:51.254072+00:00,75ea578a-adc8-4116-a54d-dccb60765ef9,Magic Kingdom,86a41273-5f15-4b54-93b6-829f140e5161,Peter Pan's Flight,OPERATING,35,2026-10-04T19:44:20.000Z
2026-10-04T20:17:51.254072+00:00,75ea578a-adc8-4116-a54d-dccb60765ef9,Magic Kingdom,888fb4a4-7adf-47a1-8ba2-c258cc64fd75,Main Street Vehicles,CLOSED,,2026-10-04T20:00:17.212Z
2026-10-04T20:17:51.254072+00:00,75ea578a-adc8-4116-a54d-dccb60765ef9,Magic Kingdom,890fa430-89c0-4a3f-96c9-11597888005e,Dumbo the Flying Elephant,OPERATING,5,2026-10-04T20:13:57.852Z
2026-10-04T20:17:51.254072+00:00,75ea578a-adc8-4116-a54d-dccb60765ef9,Magic Kingdom,90d79335-c907-4069-a021-d0fe1ec73ae2,Cinderella Castle,OPERATING,,2026-10-04T12:00:04.444Z
2026-10-04T20:17:51.254072+00:00,75ea578a-adc8-4116-a54d-dccb60765ef9,Magic Kingdom,924a3b2c-6b4b-49e5-99d3-e9dc3f2e8a48,The Barnstormer,OPERATING,5,2026-10-04T20:13:57.779Z
2026-10-04T20:17:51.254072+00:00,75ea578a-adc8-4116-a54d-dccb60765ef9,Magic Kingdom,96455de6-f4f1-403c-9391-bf8396979149,The Magic Carpets of Aladdin,OPERATING,5,2026-10-04T20:13:57.953Z
2026-10-04T20:17:51.254072+00:00,75ea578a-adc8-4116-a54d-dccb60765ef9,Magic Kingdom,9d4d5229-7142-44b6-b4fb-528920969a2c,Seven Dwarfs Mine Train,OPERATING,40,2026-10-04T20:15:26.039Z
2026-10-04T20:17:51.254072+00:00,75ea578a-adc8-4116-a54d-dccb60765ef9,Magic Kingdom,b2260923-9315-40fd-9c6b-44dd811dbe64,Space Mountain,OPERATING,25,2026-10-04T20:16:18.577Z
2026-10-04T20:17:51.254072+00:00,75ea578a-adc8-4116-a54d-dccb60765ef9,Magic Kingdom,d9d12438-d999-4482-894b-8955fdb20ccf,Astro Orbiter,OPERATING,10,2026-10-04T15:46:17.969Z
2026-10-04T20:17:51.254072+00:00,75ea578a-adc8-4116-a54d-dccb60765ef9,Magic Kingdom,de3309ca-97d5-4211-bffe-739fed47e92f,Big Thunder Mountain Railroad,OPERATING,25,2026-10-04T20:04:33.713Z
2026-10-04T20:17:51.254072+00:00,75ea578a-adc8-4116-a54d-dccb60765ef9,Magic Kingdom,de737ffc-306b-4f32-8bbb-34e5d370ec8f,A Pirate's Adventure ~ Treasures of the Seven Seas,OPERATING,,2026-10-04T16:00:20.791Z
2026-10-04T20:17:51.254072+00:00,75ea578a-adc8-4116-a54d-dccb60765ef9,Magic Kingdom,e39b831b-7731-49bb-815b-289b4f49a9fd,"Walt Disney World Railroad - Main Street, U.S.A.",REFURBISHMENT,,2026-09-29T20:08:11.998Z
2026-10-04T20:17:51.254072+00:00,75ea578a-adc8-4116-a54d-dccb60765ef9,Magic Kingdom,e40ac396-cbac-43f4-8752-764ed60ccceb,Walt Disney World Railroad - Fantasyland,REFURBISHMENT,,2026-09-29T20:08:11.982Z
2026-10-04T20:17:51.254072+00:00,75ea578a-adc8-4116-a54d-dccb60765ef9,Magic Kingdom,e76c93df-31af-49a5-8e2f-752c76c937c9,Enchanted Tales with Belle,OPERATING,10,2026-10-04T17:48:31.291Z
2026-10-04T20:17:51.254072+00:00,75ea578a-adc8-4116-a54d-dccb60765ef9,Magic Kingdom,e8f0b426-7645-4ea3-8b41-b94ae7091a41,"Monsters, Inc. Laugh Floor",OPERATING,10,2026-10-04T20:13:57.767Z
2026-10-04T20:17:51.254072+00:00,75ea578a-adc8-4116-a54d-dccb60765ef9,Magic Kingdom,f010bc01-b450-4476-a5f3-a5f2813104b2,Casey Jr. Splash 'N' Soak Station,OPERATING,,2026-10-04T12:00:04.055Z
2026-10-04T20:17:51.254072+00:00,75ea578a-adc8-4116-a54d-dccb60765ef9,Magic Kingdom,f163ddcd-43e1-488d-8276-2381c1db0a39,Tomorrowland Speedway,OPERATING,10,2026-10-04T20:15:42.927Z
2026-10-04T20:17:51.254072+00:00,75ea578a-adc8-4116-a54d-dccb60765ef9,Magic Kingdom,f5aad2d4-a419-4384-bd9a-42f86385c750,"""it's a small world""",OPERATING,5,2026-10-04T20:13:57.861Z
2026-10-04T20:17:51.254072+00:00,75ea578a-adc8-4116-a54d-dccb60765ef9,Magic Kingdom,ffcfeaa2-1416-4920-a1ed-543c1a1695c4,Tomorrowland Transit Authority PeopleMover,OPERATING,5,2026-10-04T13:19:30.403Z
2026-10-04T23:23:01.911171+00:00,75ea578a-adc8-4116-a54d-dccb60765ef9,Magic Kingdom,0aae716c-af13-4439-b638-d75fb1649df3,Mad Tea Party,OPERATING,10,2026-10-04T22:51:24.093Z
2026-10-04T23:23:01.911171+00:00,75ea578a-adc8-4116-a54d-dccb60765ef9,Magic Kingdom,0d94ad60-72f0-4551-83a6-ebaecdd89737,The Many Adventures of Winnie the Pooh,OPERATING,20,2026-10-04T22:50:43.538Z
2026-10-04T23:23:01.911171+00:00,75ea578a-adc8-4116-a54d-dccb60765ef9,Magic Kingdom,0f57cecf-5502-4503-8bc3-ba84d3708ace,Country Bear Musical Jamboree,CLOSED,,2026-10-04T22:00:20.299Z
2026-10-04T23:23:01.911171+00:00,75ea578a-adc8-4116-a54d-dccb60765ef9,Magic Kingdom,2551a77d-023f-4ab1-9a19-8afec0190f39,Haunted Mansion,OPERATING,20,2026-10-04T23:20:25.309Z
2026-10-04T23:23:01.911171+00:00,75ea578a-adc8-4116-a54d-dccb60765ef9,Magic Kingdom,273ddb8d-e7b5-4e34-8657-1113f49262a5,Prince Charming Regal Carrousel,OPERATING,5,2026-10-04T23:07:22.238Z
2026-10-04T23:23:01.911171+00:00,75ea578a-adc8-4116-a54d-dccb60765ef9,Magic Kingdom,2ebfb38c-5cb5-4de1-86c0-f7af14188022,The Hall of Presidents,CLOSED,,2026-10-04T22:00:20.306Z
2026-10-04T23:23:01.911171+00:00,75ea578a-adc8-4116-a54d-dccb60765ef9,Magic Kingdom,30fe3c64-af71-4c66-a54b-aa61fd7af177,Swiss Family Treehouse,OPERATING,5,2026-10-04T22:30:28.640Z
2026-10-04T23:23:01.911171+00:00,75ea578a-adc8-4116-a54d-dccb60765ef9,Magic Kingdom,352feb94-e52e-45eb-9c92-e4b44c6b1a9d,Pirates of the Caribbean,OPERATING,5,2026-10-04T22:51:24.102Z
2026-10-04T23:23:01.911171+00:00,75ea578a-adc8-4116-a54d-dccb60765ef9,Magic Kingdom,3cba0cb4-e2a6-402c-93ee-c11ffcb127ef,Under the Sea - Journey of The Little Mermaid,OPERATING,5,2026-10-04T22:31:19.327Z
2026-10-04T23:23:01.911171+00:00,75ea578a-adc8-4116-a54d-dccb60765ef9,Magic Kingdom,52ac3730-b955-452a-a7cc-17e3b06182ac,Trick-or-Treat Locations at Mickey's Not-So-Scary Halloween Party,OPERATING,,2022-08-12T04:04:22.537Z
2026-10-04T23:23:01.911171+00:00,75ea578a-adc8-4116-a54d-dccb60765ef9,Magic Kingdom,5a43d1a7-ad53-4d25-abfe-25625f0da304,TRON Lightcycle / Run,OPERATING,30,2026-10-04T23:04:22.124Z
2026-10-04T23:23:01.911171+00:00,75ea578a-adc8-4116-a54d-dccb60765ef9,Magic Kingdom,6fd1e225-53a0-4a80-a577-4bbc9a471075,Walt Disney's Enchanted Tiki Room,CLOSED,,2026-10-04T22:00:19.948Z
2026-10-04T23:23:01.911171+00:00,75ea578a-adc8-4116-a54d-dccb60765ef9,Magic Kingdom,72c7343a-f7fb-4f66-95df-c91016de7338,Buzz Lightyear’s Space Ranger Spin,OPERATING,15,2026-10-04T23:06:28.392Z
2026-10-04T23:23:01.911171+00:00,75ea578a-adc8-4116-a54d-dccb60765ef9,Magic Kingdom,73cb9445-0695-47a3-87ce-d08ae36b5f3c,Tiana's Bayou Adventure,OPERATING,10,2026-10-04T22:30:28.527Z
2026-10-04T23:23:01.911171+00:00,75ea578a-adc8-4116-a54d-dccb60765ef9,Magic Kingdom,796b0a25-c51e-456e-9bb8-50a324e301b3,Jungle Cruise,OPERATING,5,2026-10-04T23:10:29.504Z
2026-10-04T23:23:01.911171+00:00,75ea578a-adc8-4116-a54d-dccb60765ef9,Magic Kingdom,7c5e1e02-3a44-4151-9005-44066d5ba1da,Mickey's PhilharMagic,CLOSED,,2026-10-04T22:00:05.034Z
2026-10-04T23:23:01.911171+00:00,75ea578a-adc8-4116-a54d-dccb60765ef9,Magic Kingdom,8183f3f2-1b59-4b9c-b634-6a863bdf8d84,Walt Disney's Carousel of Progress,REFURBISHMENT,,2026-09-04T18:16:27.839Z
2026-10-04T23:23:01.911171+00:00,75ea578a-adc8-4116-a54d-dccb60765ef9,Magic Kingdom,86a41273-5f15-4b54-93b6-829f140e5161,Peter Pan's Flight,OPERATING,30,2026-10-04T23:21:20.941Z
2026-10-04T23:23:01.911171+00:00,75ea578a-adc8-4116-a54d-dccb60765ef9,Magic Kingdom,888fb4a4-7adf-47a1-8ba2-c258cc64fd75,Main Street Vehicles,CLOSED,,2026-10-04T20:00:17.212Z
2026-10-04T23:23:01.911171+00:00,75ea578a-adc8-4116-a54d-dccb60765ef9,Magic Kingdom,890fa430-89c0-4a3f-96c9-11597888005e,Dumbo the Flying Elephant,OPERATING,5,2026-10-04T22:30:28.574Z
2026-10-04T23:23:01.911171+00:00,75ea578a-adc8-4116-a54d-dccb60765ef9,Magic Kingdom,90d79335-c907-4069-a021-d0fe1ec73ae2,Cinderella Castle,CLOSED,,2026-10-04T22:00:02.232Z
2026-10-04T23:23:01.911171+00:00,75ea578a-adc8-4116-a54d-dccb60765ef9,Magic Kingdom,924a3b2c-6b4b-49e5-99d3-e9dc3f2e8a48,The Barnstormer,OPERATING,5,2026-10-04T22:30:28.473Z
2026-10-04T23:23:01.911171+00:00,75ea578a-adc8-4116-a54d-dccb60765ef9,Magic Kingdom,96455de6-f4f1-403c-9391-bf8396979149,The Magic Carpets of Aladdin,OPERATING,5,2026-10-04T22:30:28.662Z
2026-10-04T23:23:01.911171+00:00,75ea578a-adc8-4116-a54d-dccb60765ef9,Magic Kingdom,9d4d5229-7142-44b6-b4fb-528920969a2c,Seven Dwarfs Mine Train,OPERATING,30,2026-10-04T23:15:20.935Z
2026-10-04T23:23:01.911171+00:00,75ea578a-adc8-4116-a54d-dccb60765ef9,Magic Kingdom,b2260923-9315-40fd-9c6b-44dd811dbe64,Space Mountain,OPERATING,30,2026-10-04T22:58:28.220Z
2026-10-04T23:23:01.911171+00:00,75ea578a-adc8-4116-a54d-dccb60765ef9,Magic Kingdom,d9d12438-d999-4482-894b-8955fdb20ccf,Astro Orbiter,OPERATING,5,2026-10-04T22:30:28.538Z
2026-10-04T23:23:01.911171+00:00,75ea578a-adc8-4116-a54d-dccb60765ef9,Magic Kingdom,de3309ca-97d5-4211-bffe-739fed47e92f,Big Thunder Mountain Railroad,OPERATING,20,2026-10-04T22:32:25.786Z
2026-10-04T23:23:01.911171+00:00,75ea578a-adc8-4116-a54d-dccb60765ef9,Magic Kingdom,de737ffc-306b-4f32-8bbb-34e5d370ec8f,A Pirate's Adventure ~ Treasures of the Seven Seas,CLOSED,,2026-10-04T21:00:19.705Z
2026-10-04T23:23:01.911171+00:00,75ea578a-adc8-4116-a54d-dccb60765ef9,Magic Kingdom,e39b831b-7731-49bb-815b-289b4f49a9fd,"Walt Disney World Railroad - Main Street, U.S.A.",REFURBISHMENT,,2026-09-29T20:08:11.998Z
2026-10-04T23:23:01.911171+00:00,75ea578a-adc8-4116-a54d-dccb60765ef9,Magic Kingdom,e40ac396-cbac-43f4-8752-764ed60ccceb,Walt Disney World Railroad - Fantasyland,REFURBISHMENT,,2026-09-29T20:08:11.982Z
2026-10-04T23:23:01.911171+00:00,75ea578a-adc8-4116-a54d-dccb60765ef9,Magic Kingdom,e76c93df-31af-49a5-8e2f-752c76c937c9,Enchanted Tales with Belle,CLOSED,,2026-10-04T21:30:21.221Z
2026-10-04T23:23:01.911171+00:00,75ea578a-adc8-4116-a54d-dccb60765ef9,Magic Kingdom,e8f0b426-7645-4ea3-8b41-b94ae7091a41,"Monsters, Inc. Laugh Floor",CLOSED,,2026-10-04T22:00:19.939Z
2026-10-04T23:23:01.911171+00:00,75ea578a-adc8-4116-a54d-dccb60765ef9,Magic Kingdom,f010bc01-b450-4476-a5f3-a5f2813104b2,Casey Jr. Splash 'N' Soak Station,CLOSED,,2026-10-04T22:00:02.208Z
2026-10-04T23:23:01.911171+00:00,75ea578a-adc8-4116-a54d-dccb60765ef9,Magic Kingdom,f163ddcd-43e1-488d-8276-2381c1db0a39,Tomorrowland Speedway,OPERATING,15,2026-10-04T23:12:29.216Z
2026-10-04T23:23:01.911171+00:00,75ea578a-adc8-4116-a54d-dccb60765ef9,Magic Kingdom,f5aad2d4-a419-4384-bd9a-42f86385c750,"""it's a small world""",OPERATING,5,2026-10-04T22:48:24.979Z
2026-10-04T23:23:01.911171+00:00,75ea578a-adc8-4116-a54d-dccb60765ef9,Magic Kingdom,ffcfeaa2-1416-4920-a1ed-543c1a1695c4,Tomorrowland Transit Authority PeopleMover,OPERATING,5,2026-10-04T23:18:25.582Z
2026-10-05T02:12:03.586060+00:00,75ea578a-adc8-4116-a54d-dccb60765ef9,Magic Kingdom,0aae716c-af13-4439-b638-d75fb1649df3,Mad Tea Party,OPERATING,5,2026-10-05T01:57:20.460Z
2026-10-05T02:12:03.586060+00:00,75ea578a-adc8-4116-a54d-dccb60765ef9,Magic Kingdom,0d94ad60-72f0-4551-83a6-ebaecdd89737,The Many Adventures of Winnie the Pooh,OPERATING,5,2026-10-05T01:56:27.706Z
2026-10-05T02:12:03.586060+00:00,75ea578a-adc8-4116-a54d-dccb60765ef9,Magic Kingdom,0f57cecf-5502-4503-8bc3-ba84d3708ace,Country Bear Musical Jamboree,CLOSED,,2026-10-04T22:00:20.299Z
2026-10-05T02:12:03.586060+00:00,75ea578a-adc8-4116-a54d-dccb60765ef9,Magic Kingdom,2551a77d-023f-4ab1-9a19-8afec0190f39,Haunted Mansion,OPERATING,10,2026-10-05T01:54:27.837Z
2026-10-05T02:12:03.586060+00:00,75ea578a-adc8-4116-a54d-dccb60765ef9,Magic Kingdom,273ddb8d-e7b5-4e34-8657-1113f49262a5,Prince Charming Regal Carrousel,DOWN,,2026-10-05T01:53:20.265Z
2026-10-05T02:12:03.586060+00:00,75ea578a-adc8-4116-a54d-dccb60765ef9,Magic Kingdom,2ebfb38c-5cb5-4de1-86c0-f7af14188022,The Hall of Presidents,CLOSED,,2026-10-04T22:00:20.306Z
2026-10-05T02:12:03.586060+00:00,75ea578a-adc8-4116-a54d-dccb60765ef9,Magic Kingdom,30fe3c64-af71-4c66-a54b-aa61fd7af177,Swiss Family Treehouse,OPERATING,5,2026-10-04T22:30:28.640Z
2026-10-05T02:12:03.586060+00:00,75ea578a-adc8-4116-a54d-dccb60765ef9,Magic Kingdom,352feb94-e52e-45eb-9c92-e4b44c6b1a9d,Pirates of the Caribbean,OPERATING,5,2026-10-04T22:51:24.102Z
2026-10-05T02:12:03.586060+00:00,75ea578a-adc8-4116-a54d-dccb60765ef9,Magic Kingdom,3cba0cb4-e2a6-402c-93ee-c11ffcb127ef,Under the Sea - Journey of The Little Mermaid,OPERATING,5,2026-10-04T22:31:19.327Z
2026-10-05T02:12:03.586060+00:00,75ea578a-adc8-4116-a54d-dccb60765ef9,Magic Kingdom,52ac3730-b955-452a-a7cc-17e3b06182ac,Trick-or-Treat Locations at Mickey's Not-So-Scary Halloween Party,OPERATING,,2022-08-12T04:04:22.537Z
2026-10-05T02:12:03.586060+00:00,75ea578a-adc8-4116-a54d-dccb60765ef9,Magic Kingdom,5a43d1a7-ad53-4d25-abfe-25625f0da304,TRON Lightcycle / Run,OPERATING,35,2026-10-05T01:59:18.892Z
2026-10-05T02:12:03.586060+00:00,75ea578a-adc8-4116-a54d-dccb60765ef9,Magic Kingdom,6fd1e225-53a0-4a80-a577-4bbc9a471075,Walt Disney's Enchanted Tiki Room,CLOSED,,2026-10-04T22:00:19.948Z
2026-10-05T02:12:03.586060+00:00,75ea578a-adc8-4116-a54d-dccb60765ef9,Magic Kingdom,72c7343a-f7fb-4f66-95df-c91016de7338,Buzz Lightyear’s Space Ranger Spin,OPERATING,5,2026-10-05T02:07:22.688Z
2026-10-05T02:12:03.586060+00:00,75ea578a-adc8-4116-a54d-dccb60765ef9,Magic Kingdom,73cb9445-0695-47a3-87ce-d08ae36b5f3c,Tiana's Bayou Adventure,OPERATING,5,2026-10-04T23:31:16.813Z
2026-10-05T02:12:03.586060+00:00,75ea578a-adc8-4116-a54d-dccb60765ef9,Magic Kingdom,796b0a25-c51e-456e-9bb8-50a324e301b3,Jungle Cruise,OPERATING,5,2026-10-04T23:10:29.504Z
2026-10-05T02:12:03.586060+00:00,75ea578a-adc8-4116-a54d-dccb60765ef9,Magic Kingdom,7c5e1e02-3a44-4151-9005-44066d5ba1da,Mickey's PhilharMagic,CLOSED,,2026-10-04T22:00:05.034Z
2026-10-05T02:12:03.586060+00:00,75ea578a-adc8-4116-a54d-dccb60765ef9,Magic Kingdom,8183f3f2-1b59-4b9c-b634-6a863bdf8d84,Walt Disney's Carousel of Progress,REFURBISHMENT,,2026-09-04T18:16:27.839Z
2026-10-05T02:12:03.586060+00:00,75ea578a-adc8-4116-a54d-dccb60765ef9,Magic Kingdom,86a41273-5f15-4b54-93b6-829f140e5161,Peter Pan's Flight,OPERATING,15,2026-10-05T02:08:28.860Z
2026-10-05T02:12:03.586060+00:00,75ea578a-adc8-4116-a54d-dccb60765ef9,Magic Kingdom,888fb4a4-7adf-47a1-8ba2-c258cc64fd75,Main Street Vehicles,CLOSED,,2026-10-04T20:00:17.212Z
2026-10-05T02:12:03.586060+00:00,75ea578a-adc8-4116-a54d-dccb60765ef9,Magic Kingdom,890fa430-89c0-4a3f-96c9-11597888005e,Dumbo the Flying Elephant,OPERATING,5,2026-10-04T22:30:28.574Z
2026-10-05T02:12:03.586060+00:00,75ea578a-adc8-4116-a54d-dccb60765ef9,Magic Kingdom,90d79335-c907-4069-a021-d0fe1ec73ae2,Cinderella Castle,CLOSED,,2026-10-04T22:00:02.232Z
2026-10-05T02:12:03.586060+00:00,75ea578a-adc8-4116-a54d-dccb60765ef9,Magic Kingdom,924a3b2c-6b4b-49e5-99d3-e9dc3f2e8a48,The Barnstormer,OPERATING,5,2026-10-04T22:30:28.473Z
2026-10-05T02:12:03.586060+00:00,75ea578a-adc8-4116-a54d-dccb60765ef9,Magic Kingdom,96455de6-f4f1-403c-9391-bf8396979149,The Magic Carpets of Aladdin,OPERATING,5,2026-10-04T22:30:28.662Z
2026-10-05T02:12:03.586060+00:00,75ea578a-adc8-4116-a54d-dccb60765ef9,Magic Kingdom,9d4d5229-7142-44b6-b4fb-528920969a2c,Seven Dwarfs Mine Train,OPERATING,20,2026-10-05T02:08:28.852Z
2026-10-05T02:12:03.586060+00:00,75ea578a-adc8-4116-a54d-dccb60765ef9,Magic Kingdom,b2260923-9315-40fd-9c6b-44dd811dbe64,Space Mountain,OPERATING,5,2026-10-05T02:00:27.534Z
2026-10-05T02:12:03.586060+00:00,75ea578a-adc8-4116-a54d-dccb60765ef9,Magic Kingdom,d9d12438-d999-4482-894b-8955fdb20ccf,Astro Orbiter,OPERATING,5,2026-10-05T01:58:26.852Z
2026-10-05T02:12:03.586060+00:00,75ea578a-adc8-4116-a54d-dccb60765ef9,Magic Kingdom,de3309ca-97d5-4211-bffe-739fed47e92f,Big Thunder Mountain Railroad,OPERATING,15,2026-10-05T01:56:27.699Z
2026-10-05T02:12:03.586060+00:00,75ea578a-adc8-4116-a54d-dccb60765ef9,Magic Kingdom,de737ffc-306b-4f32-8bbb-34e5d370ec8f,A Pirate's Adventure ~ Treasures of the Seven Seas,CLOSED,,2026-10-04T21:00:19.705Z
2026-10-05T02:12:03.586060+00:00,75ea578a-adc8-4116-a54d-dccb60765ef9,Magic Kingdom,e39b831b-7731-49bb-815b-289b4f49a9fd,"Walt Disney World Railroad - Main Street, U.S.A.",REFURBISHMENT,,2026-09-29T20:08:11.998Z
2026-10-05T02:12:03.586060+00:00,75ea578a-adc8-4116-a54d-dccb60765ef9,Magic Kingdom,e40ac396-cbac-43f4-8752-764ed60ccceb,Walt Disney World Railroad - Fantasyland,REFURBISHMENT,,2026-09-29T20:08:11.982Z
2026-10-05T02:12:03.586060+00:00,75ea578a-adc8-4116-a54d-dccb60765ef9,Magic Kingdom,e76c93df-31af-49a5-8e2f-752c76c937c9,Enchanted Tales with Belle,CLOSED,,2026-10-04T21:30:21.221Z
2026-10-05T02:12:03.586060+00:00,75ea578a-adc8-4116-a54d-dccb60765ef9,Magic Kingdom,e8f0b426-7645-4ea3-8b41-b94ae7091a41,"Monsters, Inc. Laugh Floor",CLOSED,,2026-10-04T22:00:19.939Z
2026-10-05T02:12:03.586060+00:00,75ea578a-adc8-4116-a54d-dccb60765ef9,Magic Kingdom,f010bc01-b450-4476-a5f3-a5f2813104b2,Casey Jr. Splash 'N' Soak Station,CLOSED,,2026-10-04T22:00:02.208Z
2026-10-05T02:12:03.586060+00:00,75ea578a-adc8-4116-a54d-dccb60765ef9,Magic Kingdom,f163ddcd-43e1-488d-8276-2381c1db0a39,Tomorrowland Speedway,OPERATING,10,2026-10-05T02:09:20.845Z
2026-10-05T02:12:03.586060+00:00,75ea578a-adc8-4116-a54d-dccb60765ef9,Magic Kingdom,f5aad2d4-a419-4384-bd9a-42f86385c750,"""it's a small world""",OPERATING,5,2026-10-05T02:07:22.698Z
2026-10-05T02:12:03.586060+00:00,75ea578a-adc8-4116-a54d-dccb60765ef9,Magic Kingdom,ffcfeaa2-1416-4920-a1ed-543c1a1695c4,Tomorrowland Transit Authority PeopleMover,OPERATING,5,2026-10-05T00:42:35.608Z
2026-10-05T18:40:25.921239+00:00,75ea578a-adc8-4116-a54d-dccb60765ef9,Magic Kingdom,0aae716c-af13-4439-b638-d75fb1649df3,Mad Tea Party,OPERATING,15,2026-10-05T18:39:58.649Z
2026-10-05T18:40:25.921239+00:00,75ea578a-adc8-4116-a54d-dccb60765ef9,Magic Kingdom,0d94ad60-72f0-4551-83a6-ebaecdd89737,The Many Adventures of Winnie the Pooh,OPERATING,45,2026-10-05T18:39:58.684Z
2026-10-05T18:40:25.921239+00:00,75ea578a-adc8-4116-a54d-dccb60765ef9,Magic Kingdom,0f57cecf-5502-4503-8bc3-ba84d3708ace,Country Bear Musical Jamboree,OPERATING,10,2026-10-05T13:55:25.715Z
2026-10-05T18:40:25.921239+00:00,75ea578a-adc8-4116-a54d-dccb60765ef9,Magic Kingdom,2551a77d-023f-4ab1-9a19-8afec0190f39,Haunted Mansion,OPERATING,35,2026-10-05T18:33:55.297Z
2026-10-05T18:40:25.921239+00:00,75ea578a-adc8-4116-a54d-dccb60765ef9,Magic Kingdom,273ddb8d-e7b5-4e34-8657-1113f49262a5,Prince Charming Regal Carrousel,OPERATING,10,2026-10-05T17:55:28.772Z
2026-10-05T18:40:25.921239+00:00,75ea578a-adc8-4116-a54d-dccb60765ef9,Magic Kingdom,2ebfb38c-5cb5-4de1-86c0-f7af14188022,The Hall of Presidents,OPERATING,15,2026-10-05T14:00:30.660Z
2026-10-05T18:40:25.921239+00:00,75ea578a-adc8-4116-a54d-dccb60765ef9,Magic Kingdom,30fe3c64-af71-4c66-a54b-aa61fd7af177,Swiss Family Treehouse,OPERATING,5,2026-10-05T13:01:26.101Z
2026-10-05T18:40:25.921239+00:00,75ea578a-adc8-4116-a54d-dccb60765ef9,Magic Kingdom,352feb94-e52e-45eb-9c92-e4b44c6b1a9d,Pirates of the Caribbean,OPERATING,40,2026-10-05T18:37:28.091Z
2026-10-05T18:40:25.921239+00:00,75ea578a-adc8-4116-a54d-dccb60765ef9,Magic Kingdom,3cba0cb4-e2a6-402c-93ee-c11ffcb127ef,Under the Sea - Journey of The Little Mermaid,OPERATING,45,2026-10-05T18:39:58.568Z
2026-10-05T18:40:25.921239+00:00,75ea578a-adc8-4116-a54d-dccb60765ef9,Magic Kingdom,52ac3730-b955-452a-a7cc-17e3b06182ac,Trick-or-Treat Locations at Mickey's Not-So-Scary Halloween Party,OPERATING,,2022-08-12T04:04:22.537Z
2026-10-05T18:40:25.921239+00:00,75ea578a-adc8-4116-a54d-dccb60765ef9,Magic Kingdom,5a43d1a7-ad53-4d25-abfe-25625f0da304,TRON Lightcycle / Run,OPERATING,75,2026-10-05T18:37:28.085Z
2026-10-05T18:40:25.921239+00:00,75ea578a-adc8-4116-a54d-dccb60765ef9,Magic Kingdom,6fd1e225-53a0-4a80-a577-4bbc9a471075,Walt Disney's Enchanted Tiki Room,OPERATING,10,2026-10-05T13:01:25.817Z
2026-10-05T18:40:25.921239+00:00,75ea578a-adc8-4116-a54d-dccb60765ef9,Magic Kingdom,72c7343a-f7fb-4f66-95df-c91016de7338,Buzz Lightyear’s Space Ranger Spin,OPERATING,45,2026-10-05T18:33:55.205Z
2026-10-05T18:40:25.921239+00:00,75ea578a-adc8-4116-a54d-dccb60765ef9,Magic Kingdom,73cb9445-0695-47a3-87ce-d08ae36b5f3c,Tiana's Bayou Adventure,OPERATING,60,2026-10-05T18:34:29.697Z
2026-10-05T18:40:25.921239+00:00,75ea578a-adc8-4116-a54d-dccb60765ef9,Magic Kingdom,796b0a25-c51e-456e-9bb8-50a324e301b3,Jungle Cruise,OPERATING,40,2026-10-05T18:38:29.741Z
2026-10-05T18:40:25.921239+00:00,75ea578a-adc8-4116-a54d-dccb60765ef9,Magic Kingdom,7c5e1e02-3a44-4151-9005-44066d5ba1da,Mickey's PhilharMagic,OPERATING,15,2026-10-05T18:39:58.655Z
2026-10-05T18:40:25.921239+00:00,75ea578a-adc8-4116-a54d-dccb60765ef9,Magic Kingdom,8183f3f2-1b59-4b9c-b634-6a863bdf8d84,Walt Disney's Carousel of Progress,REFURBISHMENT,,2026-09-04T18:16:27.839Z
2026-10-05T18:40:25.921239+00:00,75ea578a-adc8-4116-a54d-dccb60765ef9,Magic Kingdom,86a41273-5f15-4b54-93b6-829f140e5161,Peter Pan's Flight,OPERATING,50,2026-10-05T18:39:58.662Z
2026-10-05T18:40:25.921239+00:00,75ea578a-adc8-4116-a54d-dccb60765ef9,Magic Kingdom,888fb4a4-7adf-47a1-8ba2-c258cc64fd75,Main Street Vehicles,OPERATING,,2026-10-05T13:01:26.059Z
2026-10-05T18:40:25.921239+00:00,75ea578a-adc8-4116-a54d-dccb60765ef9,Magic Kingdom,890fa430-89c0-4a3f-96c9-11597888005e,Dumbo the Flying Elephant,OPERATING,10,2026-10-05T18:39:58.615Z
2026-10-05T18:40:25.921239+00:00,75ea578a-adc8-4116-a54d-dccb60765ef9,Magic Kingdom,90d79335-c907-4069-a021-d0fe1ec73ae2,Cinderella Castle,OPERATING,,2026-10-05T13:00:00.813Z
2026-10-05T18:40:25.921239+00:00,75ea578a-adc8-4116-a54d-dccb60765ef9,Magic Kingdom,924a3b2c-6b4b-49e5-99d3-e9dc3f2e8a48,The Barnstormer,OPERATING,20,2026-10-05T18:39:58.561Z
2026-10-05T18:40:25.921239+00:00,75ea578a-adc8-4116-a54d-dccb60765ef9,Magic Kingdom,96455de6-f4f1-403c-9391-bf8396979149,The Magic Carpets of Aladdin,OPERATING,15,2026-10-05T18:39:58.677Z
2026-10-05T18:40:25.921239+00:00,75ea578a-adc8-4116-a54d-dccb60765ef9,Magic Kingdom,9d4d5229-7142-44b6-b4fb-528920969a2c,Seven Dwarfs Mine Train,OPERATING,60,2026-10-05T18:38:29.722Z
2026-10-05T18:40:25.921239+00:00,75ea578a-adc8-4116-a54d-dccb60765ef9,Magic Kingdom,b2260923-9315-40fd-9c6b-44dd811dbe64,Space Mountain,OPERATING,50,2026-10-05T18:39:32.332Z
2026-10-05T18:40:25.921239+00:00,75ea578a-adc8-4116-a54d-dccb60765ef9,Magic Kingdom,d9d12438-d999-4482-894b-8955fdb20ccf,Astro Orbiter,OPERATING,10,2026-10-05T18:34:29.703Z
2026-10-05T18:40:25.921239+00:00,75ea578a-adc8-4116-a54d-dccb60765ef9,Magic Kingdom,de3309ca-97d5-4211-bffe-739fed47e92f,Big Thunder Mountain Railroad,DOWN,,2026-10-05T16:58:46.161Z
2026-10-05T18:40:25.921239+00:00,75ea578a-adc8-4116-a54d-dccb60765ef9,Magic Kingdom,de737ffc-306b-4f32-8bbb-34e5d370ec8f,A Pirate's Adventure ~ Treasures of the Seven Seas,OPERATING,,2026-10-05T16:01:26.131Z
2026-10-05T18:40:25.921239+00:00,75ea578a-adc8-4116-a54d-dccb60765ef9,Magic Kingdom,e39b831b-7731-49bb-815b-289b4f49a9fd,"Walt Disney World Railroad - Main Street, U.S.A.",REFURBISHMENT,,2026-09-29T20:08:11.998Z
2026-10-05T18:40:25.921239+00:00,75ea578a-adc8-4116-a54d-dccb60765ef9,Magic Kingdom,e40ac396-cbac-43f4-8752-764ed60ccceb,Walt Disney World Railroad - Fantasyland,REFURBISHMENT,,2026-09-29T20:08:11.982Z
2026-10-05T18:40:25.921239+00:00,75ea578a-adc8-4116-a54d-dccb60765ef9,Magic Kingdom,e76c93df-31af-49a5-8e2f-752c76c937c9,Enchanted Tales with Belle,OPERATING,15,2026-10-05T18:37:28.070Z
2026-10-05T18:40:25.921239+00:00,75ea578a-adc8-4116-a54d-dccb60765ef9,Magic Kingdom,e8f0b426-7645-4ea3-8b41-b94ae7091a41,"Monsters, Inc. Laugh Floor",OPERATING,10,2026-10-05T18:24:00.125Z
2026-10-05T18:40:25.921239+00:00,75ea578a-adc8-4116-a54d-dccb60765ef9,Magic Kingdom,f010bc01-b450-4476-a5f3-a5f2813104b2,Casey Jr. Splash 'N' Soak Station,OPERATING,,2026-10-05T13:00:00.780Z
2026-10-05T18:40:25.921239+00:00,75ea578a-adc8-4116-a54d-dccb60765ef9,Magic Kingdom,f163ddcd-43e1-488d-8276-2381c1db0a39,Tomorrowland Speedway,OPERATING,10,2026-10-05T18:39:58.691Z
2026-10-05T18:40:25.921239+00:00,75ea578a-adc8-4116-a54d-dccb60765ef9,Magic Kingdom,f5aad2d4-a419-4384-bd9a-42f86385c750,"""it's a small world""",OPERATING,25,2026-10-05T18:39:58.621Z
2026-10-05T18:40:25.921239+00:00,75ea578a-adc8-4116-a54d-dccb60765ef9,Magic Kingdom,ffcfeaa2-1416-4920-a1ed-543c1a1695c4,Tomorrowland Transit Authority PeopleMover,OPERATING,5,2026-10-05T18:31:38.183Z
2026-10-06T00:31:12.200234+00:00,75ea578a-adc8-4116-a54d-dccb60765ef9,Magic Kingdom,0aae716c-af13-4439-b638-d75fb1649df3,Mad Tea Party,OPERATING,5,2026-10-06T00:23:25.119Z
2026-10-06T00:31:12.200234+00:00,75ea578a-adc8-4116-a54d-dccb60765ef9,Magic Kingdom,0d94ad60-72f0-4551-83a6-ebaecdd89737,The Many Adventures of Winnie the Pooh,DOWN,,2026-10-06T00:17:55.946Z
2026-10-06T00:31:12.200234+00:00,75ea578a-adc8-4116-a54d-dccb60765ef9,Magic Kingdom,0f57cecf-5502-4503-8bc3-ba84d3708ace,Country Bear Musical Jamboree,OPERATING,10,2026-10-05T13:55:25.715Z
2026-10-06T00:31:12.200234+00:00,75ea578a-adc8-4116-a54d-dccb60765ef9,Magic Kingdom,2551a77d-023f-4ab1-9a19-8afec0190f39,Haunted Mansion,OPERATING,25,2026-10-06T00:08:28.309Z
2026-10-06T00:31:12.200234+00:00,75ea578a-adc8-4116-a54d-dccb60765ef9,Magic Kingdom,273ddb8d-e7b5-4e34-8657-1113f49262a5,Prince Charming Regal Carrousel,OPERATING,10,2026-10-05T23:58:32.900Z
2026-10-06T00:31:12.200234+00:00,75ea578a-adc8-4116-a54d-dccb60765ef9,Magic Kingdom,2ebfb38c-5cb5-4de1-86c0-f7af14188022,The Hall of Presidents,OPERATING,15,2026-10-05T14:00:30.660Z
2026-10-06T00:31:12.200234+00:00,75ea578a-adc8-4116-a54d-dccb60765ef9,Magic Kingdom,30fe3c64-af71-4c66-a54b-aa61fd7af177,Swiss Family Treehouse,OPERATING,5,2026-10-05T13:01:26.101Z
2026-10-06T00:31:12.200234+00:00,75ea578a-adc8-4116-a54d-dccb60765ef9,Magic Kingdom,352feb94-e52e-45eb-9c92-e4b44c6b1a9d,Pirates of the Caribbean,OPERATING,5,2026-10-06T00:23:25.142Z
2026-10-06T00:31:12.200234+00:00,75ea578a-adc8-4116-a54d-dccb60765ef9,Magic Kingdom,3cba0cb4-e2a6-402c-93ee-c11ffcb127ef,Under the Sea - Journey of The Little Mermaid,OPERATING,5,2026-10-06T00:29:18.707Z
2026-10-06T00:31:12.200234+00:00,75ea578a-adc8-4116-a54d-dccb60765ef9,Magic Kingdom,52ac3730-b955-452a-a7cc-17e3b06182ac,Trick-or-Treat Locations at Mickey's Not-So-Scary Halloween Party,OPERATING,,2022-08-12T04:04:22.537Z
2026-10-06T00:31:12.200234+00:00,75ea578a-adc8-4116-a54d-dccb60765ef9,Magic Kingdom,5a43d1a7-ad53-4d25-abfe-25625f0da304,TRON Lightcycle / Run,OPERATING,80,2026-10-06T00:25:29.304Z
2026-10-06T00:31:12.200234+00:00,75ea578a-adc8-4116-a54d-dccb60765ef9,Magic Kingdom,6fd1e225-53a0-4a80-a577-4bbc9a471075,Walt Disney's Enchanted Tiki Room,OPERATING,10,2026-10-05T13:01:25.817Z
2026-10-06T00:31:12.200234+00:00,75ea578a-adc8-4116-a54d-dccb60765ef9,Magic Kingdom,72c7343a-f7fb-4f66-95df-c91016de7338,Buzz Lightyear’s Space Ranger Spin,OPERATING,40,2026-10-06T00:21:36.309Z
2026-10-06T00:31:12.200234+00:00,75ea578a-adc8-4116-a54d-dccb60765ef9,Magic Kingdom,73cb9445-0695-47a3-87ce-d08ae36b5f3c,Tiana's Bayou Adventure,OPERATING,20,2026-10-06T00:19:28.794Z
2026-10-06T00:31:12.200234+00:00,75ea578a-adc8-4116-a54d-dccb60765ef9,Magic Kingdom,796b0a25-c51e-456e-9bb8-50a324e301b3,Jungle Cruise,OPERATING,25,2026-10-06T00:24:29.624Z
2026-10-06T00:31:12.200234+00:00,75ea578a-adc8-4116-a54d-dccb60765ef9,Magic Kingdom,7c5e1e02-3a44-4151-9005-44066d5ba1da,Mickey's PhilharMagic,OPERATING,5,2026-10-06T00:14:08.325Z
2026-10-06T00:31:12.200234+00:00,75ea578a-adc8-4116-a54d-dccb60765ef9,Magic Kingdom,8183f3f2-1b59-4b9c-b634-6a863bdf8d84,Walt Disney's Carousel of Progress,REFURBISHMENT,,2026-09-04T18:16:27.839Z
2026-10-06T00:31:12.200234+00:00,75ea578a-adc8-4116-a54d-dccb60765ef9,Magic Kingdom,86a41273-5f15-4b54-93b6-829f140e5161,Peter Pan's Flight,OPERATING,40,2026-10-05T23:53:31.255Z
2026-10-06T00:31:12.200234+00:00,75ea578a-adc8-4116-a54d-dccb60765ef9,Magic Kingdom,888fb4a4-7adf-47a1-8ba2-c258cc64fd75,Main Street Vehicles,CLOSED,,2026-10-05T20:00:28.677Z
2026-10-06T00:31:12.200234+00:00,75ea578a-adc8-4116-a54d-dccb60765ef9,Magic Kingdom,890fa430-89c0-4a3f-96c9-11597888005e,Dumbo the Flying Elephant,OPERATING,5,2026-10-06T00:29:18.727Z
2026-10-06T00:31:12.200234+00:00,75ea578a-adc8-4116-a54d-dccb60765ef9,Magic Kingdom,90d79335-c907-4069-a021-d0fe1ec73ae2,Cinderella Castle,OPERATING,,2026-10-05T13:00:00.813Z
2026-10-06T00:31:12.200234+00:00,75ea578a-adc8-4116-a54d-dccb60765ef9,Magic Kingdom,924a3b2c-6b4b-49e5-99d3-e9dc3f2e8a48,The Barnstormer,OPERATING,10,2026-10-06T00:29:18.693Z
2026-10-06T00:31:12.200234+00:00,75ea578a-adc8-4116-a54d-dccb60765ef9,Magic Kingdom,96455de6-f4f1-403c-9391-bf8396979149,The Magic Carpets of Aladdin,OPERATING,10,2026-10-06T00:29:18.772Z
2026-10-06T00:31:12.200234+00:00,75ea578a-adc8-4116-a54d-dccb60765ef9,Magic Kingdom,9d4d5229-7142-44b6-b4fb-528920969a2c,Seven Dwarfs Mine Train,OPERATING,50,2026-10-06T00:24:29.600Z
2026-10-06T00:31:12.200234+00:00,75ea578a-adc8-4116-a54d-dccb60765ef9,Magic Kingdom,b2260923-9315-40fd-9c6b-44dd811dbe64,Space Mountain,OPERATING,35,2026-10-06T00:29:18.753Z
2026-10-06T00:31:12.200234+00:00,75ea578a-adc8-4116-a54d-dccb60765ef9,Magic Kingdom,d9d12438-d999-4482-894b-8955fdb20ccf,Astro Orbiter,OPERATING,20,2026-10-06T00:16:34.303Z
2026-10-06T00:31:12.200234+00:00,75ea578a-adc8-4116-a54d-dccb60765ef9,Magic Kingdom,de3309ca-97d5-4211-bffe-739fed47e92f,Big Thunder Mountain Railroad,DOWN,,2026-10-05T23:29:27.434Z
2026-10-06T00:31:12.200234+00:00,75ea578a-adc8-4116-a54d-dccb60765ef9,Magic Kingdom,de737ffc-306b-4f32-8bbb-34e5d370ec8f,A Pirate's Adventure ~ Treasures of the Seven Seas,CLOSED,,2026-10-05T21:00:28.653Z
2026-10-06T00:31:12.200234+00:00,75ea578a-adc8-4116-a54d-dccb60765ef9,Magic Kingdom,e39b831b-7731-49bb-815b-289b4f49a9fd,"Walt Disney World Railroad - Main Street, U.S.A.",REFURBISHMENT,,2026-09-29T20:08:11.998Z
2026-10-06T00:31:12.200234+00:00,75ea578a-adc8-4116-a54d-dccb60765ef9,Magic Kingdom,e40ac396-cbac-43f4-8752-764ed60ccceb,Walt Disney World Railroad - Fantasyland,REFURBISHMENT,,2026-09-29T20:08:11.982Z
2026-10-06T00:31:12.200234+00:00,75ea578a-adc8-4116-a54d-dccb60765ef9,Magic Kingdom,e76c93df-31af-49a5-8e2f-752c76c937c9,Enchanted Tales with Belle,CLOSED,,2026-10-05T23:30:27.220Z
2026-10-06T00:31:12.200234+00:00,75ea578a-adc8-4116-a54d-dccb60765ef9,Magic Kingdom,e8f0b426-7645-4ea3-8b41-b94ae7091a41,"Monsters, Inc. Laugh Floor",OPERATING,10,2026-10-06T00:23:24.985Z
2026-10-06T00:31:12.200234+00:00,75ea578a-adc8-4116-a54d-dccb60765ef9,Magic Kingdom,f010bc01-b450-4476-a5f3-a5f2813104b2,Casey Jr. Splash 'N' Soak Station,CLOSED,,2026-10-05T22:00:08.093Z
2026-10-06T00:31:12.200234+00:00,75ea578a-adc8-4116-a54d-dccb60765ef9,Magic Kingdom,f163ddcd-43e1-488d-8276-2381c1db0a39,Tomorrowland Speedway,OPERATING,5,2026-10-06T00:23:25.168Z
2026-10-06T00:31:12.200234+00:00,75ea578a-adc8-4116-a54d-dccb60765ef9,Magic Kingdom,f5aad2d4-a419-4384-bd9a-42f86385c750,"""it's a small world""",OPERATING,10,2026-10-06T00:29:18.733Z
2026-10-06T00:31:12.200234+00:00,75ea578a-adc8-4116-a54d-dccb60765ef9,Magic Kingdom,ffcfeaa2-1416-4920-a1ed-543c1a1695c4,Tomorrowland Transit Authority PeopleMover,OPERATING,10,2026-10-06T00:17:28.717Z
2026-10-06T14:19:25.088943+00:00,75ea578a-adc8-4116-a54d-dccb60765ef9,Magic Kingdom,0aae716c-af13-4439-b638-d75fb1649df3,Mad Tea Party,OPERATING,5,2026-10-06T14:18:36.601Z
2026-10-06T14:19:25.088943+00:00,75ea578a-adc8-4116-a54d-dccb60765ef9,Magic Kingdom,0d94ad60-72f0-4551-83a6-ebaecdd89737,The Many Adventures of Winnie the Pooh,OPERATING,25,2026-10-06T14:14:36.881Z
2026-10-06T14:19:25.088943+00:00,75ea578a-adc8-4116-a54d-dccb60765ef9,Magic Kingdom,0f57cecf-5502-4503-8bc3-ba84d3708ace,Country Bear Musical Jamboree,OPERATING,10,2026-10-06T13:06:37.102Z
2026-10-06T14:19:25.088943+00:00,75ea578a-adc8-4116-a54d-dccb60765ef9,Magic Kingdom,2551a77d-023f-4ab1-9a19-8afec0190f39,Haunted Mansion,OPERATING,13,2026-10-06T14:17:41.674Z
2026-10-06T14:19:25.088943+00:00,75ea578a-adc8-4116-a54d-dccb60765ef9,Magic Kingdom,273ddb8d-e7b5-4e34-8657-1113f49262a5,Prince Charming Regal Carrousel,OPERATING,5,2026-10-06T13:46:36.063Z
2026-10-06T14:19:25.088943+00:00,75ea578a-adc8-4116-a54d-dccb60765ef9,Magic Kingdom,2ebfb38c-5cb5-4de1-86c0-f7af14188022,The Hall of Presidents,OPERATING,,2026-10-06T14:01:42.735Z
2026-10-06T14:19:25.088943+00:00,75ea578a-adc8-4116-a54d-dccb60765ef9,Magic Kingdom,30fe3c64-af71-4c66-a54b-aa61fd7af177,Swiss Family Treehouse,OPERATING,5,2026-10-06T13:02:39.390Z
2026-10-06T14:19:25.088943+00:00,75ea578a-adc8-4116-a54d-dccb60765ef9,Magic Kingdom,352feb94-e52e-45eb-9c92-e4b44c6b1a9d,Pirates of the Caribbean,OPERATING,5,2026-10-06T14:17:41.667Z
2026-10-06T14:19:25.088943+00:00,75ea578a-adc8-4116-a54d-dccb60765ef9,Magic Kingdom,3cba0cb4-e2a6-402c-93ee-c11ffcb127ef,Under the Sea - Journey of The Little Mermaid,OPERATING,5,2026-10-06T14:14:59.999Z
2026-10-06T14:19:25.088943+00:00,75ea578a-adc8-4116-a54d-dccb60765ef9,Magic Kingdom,52ac3730-b955-452a-a7cc-17e3b06182ac,Trick-or-Treat Locations at Mickey's Not-So-Scary Halloween Party,OPERATING,,2022-08-12T04:04:22.537Z
2026-10-06T14:19:25.088943+00:00,75ea578a-adc8-4116-a54d-dccb60765ef9,Magic Kingdom,5a43d1a7-ad53-4d25-abfe-25625f0da304,TRON Lightcycle / Run,OPERATING,45,2026-10-06T14:04:38.724Z
2026-10-06T14:19:25.088943+00:00,75ea578a-adc8-4116-a54d-dccb60765ef9,Magic Kingdom,6fd1e225-53a0-4a80-a577-4bbc9a471075,Walt Disney's Enchanted Tiki Room,OPERATING,10,2026-10-06T13:02:39.344Z
2026-10-06T14:19:25.088943+00:00,75ea578a-adc8-4116-a54d-dccb60765ef9,Magic Kingdom,72c7343a-f7fb-4f66-95df-c91016de7338,Buzz Lightyear’s Space Ranger Spin,OPERATING,30,2026-10-06T14:18:36.635Z
2026-10-06T14:19:25.088943+00:00,75ea578a-adc8-4116-a54d-dccb60765ef9,Magic Kingdom,73cb9445-0695-47a3-87ce-d08ae36b5f3c,Tiana's Bayou Adventure,OPERATING,5,2026-10-06T14:09:00.701Z
2026-10-06T14:19:25.088943+00:00,75ea578a-adc8-4116-a54d-dccb60765ef9,Magic Kingdom,796b0a25-c51e-456e-9bb8-50a324e301b3,Jungle Cruise,OPERATING,25,2026-10-06T14:15:00.640Z
2026-10-06T14:19:25.088943+00:00,75ea578a-adc8-4116-a54d-dccb60765ef9,Magic Kingdom,7c5e1e02-3a44-4151-9005-44066d5ba1da,Mickey's PhilharMagic,OPERATING,10,2026-10-06T14:15:00.716Z
2026-10-06T14:19:25.088943+00:00,75ea578a-adc8-4116-a54d-dccb60765ef9,Magic Kingdom,8183f3f2-1b59-4b9c-b634-6a863bdf8d84,Walt Disney's Carousel of Progress,REFURBISHMENT,,2026-09-04T18:16:27.839Z
2026-10-06T14:19:25.088943+00:00,75ea578a-adc8-4116-a54d-dccb60765ef9,Magic Kingdom,86a41273-5f15-4b54-93b6-829f140e5161,Peter Pan's Flight,OPERATING,35,2026-10-06T14:15:00.751Z
2026-10-06T14:19:25.088943+00:00,75ea578a-adc8-4116-a54d-dccb60765ef9,Magic Kingdom,888fb4a4-7adf-47a1-8ba2-c258cc64fd75,Main Street Vehicles,OPERATING,,2026-10-06T13:00:36.759Z
2026-10-06T14:19:25.088943+00:00,75ea578a-adc8-4116-a54d-dccb60765ef9,Magic Kingdom,890fa430-89c0-4a3f-96c9-11597888005e,Dumbo the Flying Elephant,OPERATING,5,2026-10-06T14:15:00.584Z
2026-10-06T14:19:25.088943+00:00,75ea578a-adc8-4116-a54d-dccb60765ef9,Magic Kingdom,90d79335-c907-4069-a021-d0fe1ec73ae2,Cinderella Castle,OPERATING,,2026-10-06T13:00:00.637Z
2026-10-06T14:19:25.088943+00:00,75ea578a-adc8-4116-a54d-dccb60765ef9,Magic Kingdom,924a3b2c-6b4b-49e5-99d3-e9dc3f2e8a48,The Barnstormer,OPERATING,5,2026-10-06T14:14:59.991Z
2026-10-06T14:19:25.088943+00:00,75ea578a-adc8-4116-a54d-dccb60765ef9,Magic Kingdom,96455de6-f4f1-403c-9391-bf8396979149,The Magic Carpets of Aladdin,OPERATING,5,2026-10-06T14:15:00.841Z
2026-10-06T14:19:25.088943+00:00,75ea578a-adc8-4116-a54d-dccb60765ef9,Magic Kingdom,9d4d5229-7142-44b6-b4fb-528920969a2c,Seven Dwarfs Mine Train,OPERATING,35,2026-10-06T13:54:09.845Z
2026-10-06T14:19:25.088943+00:00,75ea578a-adc8-4116-a54d-dccb60765ef9,Magic Kingdom,b2260923-9315-40fd-9c6b-44dd811dbe64,Space Mountain,OPERATING,15,2026-10-06T14:15:00.773Z
2026-10-06T14:19:25.088943+00:00,75ea578a-adc8-4116-a54d-dccb60765ef9,Magic Kingdom,d9d12438-d999-4482-894b-8955fdb20ccf,Astro Orbiter,OPERATING,15,2026-10-06T14:12:38.376Z
2026-10-06T14:19:25.088943+00:00,75ea578a-adc8-4116-a54d-dccb60765ef9,Magic Kingdom,de3309ca-97d5-4211-bffe-739fed47e92f,Big Thunder Mountain Railroad,OPERATING,30,2026-10-06T14:15:00.538Z
2026-10-06T14:19:25.088943+00:00,75ea578a-adc8-4116-a54d-dccb60765ef9,Magic Kingdom,de737ffc-306b-4f32-8bbb-34e5d370ec8f,A Pirate's Adventure ~ Treasures of the Seven Seas,CLOSED,,2026-10-05T21:00:28.653Z
2026-10-06T14:19:25.088943+00:00,75ea578a-adc8-4116-a54d-dccb60765ef9,Magic Kingdom,e39b831b-7731-49bb-815b-289b4f49a9fd,"Walt Disney World Railroad - Main Street, U.S.A.",REFURBISHMENT,,2026-09-29T20:08:11.998Z
2026-10-06T14:19:25.088943+00:00,75ea578a-adc8-4116-a54d-dccb60765ef9,Magic Kingdom,e40ac396-cbac-43f4-8752-764ed60ccceb,Walt Disney World Railroad - Fantasyland,REFURBISHMENT,,2026-09-29T20:08:11.982Z
2026-10-06T14:19:25.088943+00:00,75ea578a-adc8-4116-a54d-dccb60765ef9,Magic Kingdom,e76c93df-31af-49a5-8e2f-752c76c937c9,Enchanted Tales with Belle,OPERATING,15,2026-10-06T13:38:35.588Z
2026-10-06T14:19:25.088943+00:00,75ea578a-adc8-4116-a54d-dccb60765ef9,Magic Kingdom,e8f0b426-7645-4ea3-8b41-b94ae7091a41,"Monsters, Inc. Laugh Floor",OPERATING,10,2026-10-06T14:14:59.982Z
2026-10-06T14:19:25.088943+00:00,75ea578a-adc8-4116-a54d-dccb60765ef9,Magic Kingdom,f010bc01-b450-4476-a5f3-a5f2813104b2,Casey Jr. Splash 'N' Soak Station,OPERATING,,2026-10-06T13:00:00.619Z
2026-10-06T14:19:25.088943+00:00,75ea578a-adc8-4116-a54d-dccb60765ef9,Magic Kingdom,f163ddcd-43e1-488d-8276-2381c1db0a39,Tomorrowland Speedway,OPERATING,15,2026-10-06T14:15:00.871Z
2026-10-06T14:19:25.088943+00:00,75ea578a-adc8-4116-a54d-dccb60765ef9,Magic Kingdom,f5aad2d4-a419-4384-bd9a-42f86385c750,"""it's a small world""",OPERATING,5,2026-10-06T14:15:00.602Z
2026-10-06T14:19:25.088943+00:00,75ea578a-adc8-4116-a54d-dccb60765ef9,Magic Kingdom,ffcfeaa2-1416-4920-a1ed-543c1a1695c4,Tomorrowland Transit Authority PeopleMover,OPERATING,5,2026-10-06T12:31:35.647Z
2026-10-06T19:38:22.115507+00:00,75ea578a-adc8-4116-a54d-dccb60765ef9,Magic Kingdom,0aae716c-af13-4439-b638-d75fb1649df3,Mad Tea Party,OPERATING,5,2026-10-06T19:34:57.027Z
2026-10-06T19:38:22.115507+00:00,75ea578a-adc8-4116-a54d-dccb60765ef9,Magic Kingdom,0d94ad60-72f0-4551-83a6-ebaecdd89737,The Many Adventures of Winnie the Pooh,OPERATING,30,2026-10-06T19:22:37.749Z
2026-10-06T19:38:22.115507+00:00,75ea578a-adc8-4116-a54d-dccb60765ef9,Magic Kingdom,0f57cecf-5502-4503-8bc3-ba84d3708ace,Country Bear Musical Jamboree,OPERATING,10,2026-10-06T13:06:37.102Z
2026-10-06T19:38:22.115507+00:00,75ea578a-adc8-4116-a54d-dccb60765ef9,Magic Kingdom,2551a77d-023f-4ab1-9a19-8afec0190f39,Haunted Mansion,OPERATING,25,2026-10-06T18:39:38.034Z
2026-10-06T19:38:22.115507+00:00,75ea578a-adc8-4116-a54d-dccb60765ef9,Magic Kingdom,273ddb8d-e7b5-4e34-8657-1113f49262a5,Prince Charming Regal Carrousel,OPERATING,5,2026-10-06T13:46:36.063Z
2026-10-06T19:38:22.115507+00:00,75ea578a-adc8-4116-a54d-dccb60765ef9,Magic Kingdom,2ebfb38c-5cb5-4de1-86c0-f7af14188022,The Hall of Presidents,OPERATING,,2026-10-06T14:01:42.735Z
2026-10-06T19:38:22.115507+00:00,75ea578a-adc8-4116-a54d-dccb60765ef9,Magic Kingdom,30fe3c64-af71-4c66-a54b-aa61fd7af177,Swiss Family Treehouse,OPERATING,5,2026-10-06T13:02:39.390Z
2026-10-06T19:38:22.115507+00:00,75ea578a-adc8-4116-a54d-dccb60765ef9,Magic Kingdom,352feb94-e52e-45eb-9c92-e4b44c6b1a9d,Pirates of the Caribbean,OPERATING,10,2026-10-06T19:31:53.758Z
2026-10-06T19:38:22.115507+00:00,75ea578a-adc8-4116-a54d-dccb60765ef9,Magic Kingdom,3cba0cb4-e2a6-402c-93ee-c11ffcb127ef,Under the Sea - Journey of The Little Mermaid,OPERATING,5,2026-10-06T19:34:56.871Z
2026-10-06T19:38:22.115507+00:00,75ea578a-adc8-4116-a54d-dccb60765ef9,Magic Kingdom,52ac3730-b955-452a-a7cc-17e3b06182ac,Trick-or-Treat Locations at Mickey's Not-So-Scary Halloween Party,OPERATING,,2022-08-12T04:04:22.537Z
2026-10-06T19:38:22.115507+00:00,75ea578a-adc8-4116-a54d-dccb60765ef9,Magic Kingdom,5a43d1a7-ad53-4d25-abfe-25625f0da304,TRON Lightcycle / Run,OPERATING,35,2026-10-06T19:24:42.337Z
2026-10-06T19:38:22.115507+00:00,75ea578a-adc8-4116-a54d-dccb60765ef9,Magic Kingdom,6fd1e225-53a0-4a80-a577-4bbc9a471075,Walt Disney's Enchanted Tiki Room,OPERATING,10,2026-10-06T13:02:39.344Z
2026-10-06T19:38:22.115507+00:00,75ea578a-adc8-4116-a54d-dccb60765ef9,Magic Kingdom,72c7343a-f7fb-4f66-95df-c91016de7338,Buzz Lightyear’s Space Ranger Spin,OPERATING,20,2026-10-06T19:33:39.542Z
2026-10-06T19:38:22.115507+00:00,75ea578a-adc8-4116-a54d-dccb60765ef9,Magic Kingdom,73cb9445-0695-47a3-87ce-d08ae36b5f3c,Tiana's Bayou Adventure,OPERATING,5,2026-10-06T19:19:32.773Z
2026-10-06T19:38:22.115507+00:00,75ea578a-adc8-4116-a54d-dccb60765ef9,Magic Kingdom,796b0a25-c51e-456e-9bb8-50a324e301b3,Jungle Cruise,OPERATING,40,2026-10-06T19:30:48.110Z
2026-10-06T19:38:22.115507+00:00,75ea578a-adc8-4116-a54d-dccb60765ef9,Magic Kingdom,7c5e1e02-3a44-4151-9005-44066d5ba1da,Mickey's PhilharMagic,OPERATING,10,2026-10-06T19:34:57.038Z
2026-10-06T19:38:22.115507+00:00,75ea578a-adc8-4116-a54d-dccb60765ef9,Magic Kingdom,8183f3f2-1b59-4b9c-b634-6a863bdf8d84,Walt Disney's Carousel of Progress,REFURBISHMENT,,2026-09-04T18:16:27.839Z
2026-10-06T19:38:22.115507+00:00,75ea578a-adc8-4116-a54d-dccb60765ef9,Magic Kingdom,86a41273-5f15-4b54-93b6-829f140e5161,Peter Pan's Flight,OPERATING,25,2026-10-06T19:32:41.491Z
2026-10-06T19:38:22.115507+00:00,75ea578a-adc8-4116-a54d-dccb60765ef9,Magic Kingdom,888fb4a4-7adf-47a1-8ba2-c258cc64fd75,Main Street Vehicles,OPERATING,,2026-10-06T13:00:36.759Z
2026-10-06T19:38:22.115507+00:00,75ea578a-adc8-4116-a54d-dccb60765ef9,Magic Kingdom,890fa430-89c0-4a3f-96c9-11597888005e,Dumbo the Flying Elephant,OPERATING,5,2026-10-06T19:34:56.978Z
2026-10-06T19:38:22.115507+00:00,75ea578a-adc8-4116-a54d-dccb60765ef9,Magic Kingdom,90d79335-c907-4069-a021-d0fe1ec73ae2,Cinderella Castle,OPERATING,,2026-10-06T13:00:00.637Z
2026-10-06T19:38:22.115507+00:00,75ea578a-adc8-4116-a54d-dccb60765ef9,Magic Kingdom,924a3b2c-6b4b-49e5-99d3-e9dc3f2e8a48,The Barnstormer,OPERATING,5,2026-10-06T19:31:53.581Z
2026-10-06T19:38:22.115507+00:00,75ea578a-adc8-4116-a54d-dccb60765ef9,Magic Kingdom,96455de6-f4f1-403c-9391-bf8396979149,The Magic Carpets of Aladdin,OPERATING,5,2026-10-06T19:34:57.071Z
2026-10-06T19:38:22.115507+00:00,75ea578a-adc8-4116-a54d-dccb60765ef9,Magic Kingdom,9d4d5229-7142-44b6-b4fb-528920969a2c,Seven Dwarfs Mine Train,OPERATING,40,2026-10-06T19:31:53.600Z
2026-10-06T19:38:22.115507+00:00,75ea578a-adc8-4116-a54d-dccb60765ef9,Magic Kingdom,b2260923-9315-40fd-9c6b-44dd811dbe64,Space Mountain,OPERATING,15,2026-10-06T19:34:57.054Z
2026-10-06T19:38:22.115507+00:00,75ea578a-adc8-4116-a54d-dccb60765ef9,Magic Kingdom,d9d12438-d999-4482-894b-8955fdb20ccf,Astro Orbiter,OPERATING,5,2026-10-06T18:56:40.530Z
2026-10-06T19:38:22.115507+00:00,75ea578a-adc8-4116-a54d-dccb60765ef9,Magic Kingdom,de3309ca-97d5-4211-bffe-739fed47e92f,Big Thunder Mountain Railroad,OPERATING,25,2026-10-06T19:31:53.670Z
2026-10-06T19:38:22.115507+00:00,75ea578a-adc8-4116-a54d-dccb60765ef9,Magic Kingdom,de737ffc-306b-4f32-8bbb-34e5d370ec8f,A Pirate's Adventure ~ Treasures of the Seven Seas,OPERATING,,2026-10-06T16:01:37.665Z
2026-10-06T19:38:22.115507+00:00,75ea578a-adc8-4116-a54d-dccb60765ef9,Magic Kingdom,e39b831b-7731-49bb-815b-289b4f49a9fd,"Walt Disney World Railroad - Main Street, U.S.A.",REFURBISHMENT,,2026-09-29T20:08:11.998Z
2026-10-06T19:38:22.115507+00:00,75ea578a-adc8-4116-a54d-dccb60765ef9,Magic Kingdom,e40ac396-cbac-43f4-8752-764ed60ccceb,Walt Disney World Railroad - Fantasyland,REFURBISHMENT,,2026-09-29T20:08:11.982Z
2026-10-06T19:38:22.115507+00:00,75ea578a-adc8-4116-a54d-dccb60765ef9,Magic Kingdom,e76c93df-31af-49a5-8e2f-752c76c937c9,Enchanted Tales with Belle,OPERATING,10,2026-10-06T18:42:36.950Z
2026-10-06T19:38:22.115507+00:00,75ea578a-adc8-4116-a54d-dccb60765ef9,Magic Kingdom,e8f0b426-7645-4ea3-8b41-b94ae7091a41,"Monsters, Inc. Laugh Floor",OPERATING,10,2026-10-06T19:34:56.830Z
2026-10-06T19:38:22.115507+00:00,75ea578a-adc8-4116-a54d-dccb60765ef9,Magic Kingdom,f010bc01-b450-4476-a5f3-a5f2813104b2,Casey Jr. Splash 'N' Soak Station,OPERATING,,2026-10-06T13:00:00.619Z
2026-10-06T19:38:22.115507+00:00,75ea578a-adc8-4116-a54d-dccb60765ef9,Magic Kingdom,f163ddcd-43e1-488d-8276-2381c1db0a39,Tomorrowland Speedway,OPERATING,5,2026-10-06T19:34:57.088Z
2026-10-06T19:38:22.115507+00:00,75ea578a-adc8-4116-a54d-dccb60765ef9,Magic Kingdom,f5aad2d4-a419-4384-bd9a-42f86385c750,"""it's a small world""",OPERATING,10,2026-10-06T19:34:56.987Z
2026-10-06T19:38:22.115507+00:00,75ea578a-adc8-4116-a54d-dccb60765ef9,Magic Kingdom,ffcfeaa2-1416-4920-a1ed-543c1a1695c4,Tomorrowland Transit Authority PeopleMover,OPERATING,10,2026-10-06T19:23:38.111Z
2026-10-06T23:29:20.937310+00:00,75ea578a-adc8-4116-a54d-dccb60765ef9,Magic Kingdom,0aae716c-af13-4439-b638-d75fb1649df3,Mad Tea Party,OPERATING,10,2026-10-06T22:30:41.466Z
2026-10-06T23:29:20.937310+00:00,75ea578a-adc8-4116-a54d-dccb60765ef9,Magic Kingdom,0d94ad60-72f0-4551-83a6-ebaecdd89737,The Many Adventures of Winnie the Pooh,OPERATING,5,2026-10-06T23:08:43.022Z
2026-10-06T23:29:20.937310+00:00,75ea578a-adc8-4116-a54d-dccb60765ef9,Magic Kingdom,0f57cecf-5502-4503-8bc3-ba84d3708ace,Country Bear Musical Jamboree,CLOSED,,2026-10-06T22:00:38.682Z
2026-10-06T23:29:20.937310+00:00,75ea578a-adc8-4116-a54d-dccb60765ef9,Magic Kingdom,2551a77d-023f-4ab1-9a19-8afec0190f39,Haunted Mansion,OPERATING,15,2026-10-06T23:07:39.985Z
2026-10-06T23:29:20.937310+00:00,75ea578a-adc8-4116-a54d-dccb60765ef9,Magic Kingdom,273ddb8d-e7b5-4e34-8657-1113f49262a5,Prince Charming Regal Carrousel,OPERATING,5,2026-10-06T23:09:38.516Z
2026-10-06T23:29:20.937310+00:00,75ea578a-adc8-4116-a54d-dccb60765ef9,Magic Kingdom,2ebfb38c-5cb5-4de1-86c0-f7af14188022,The Hall of Presidents,CLOSED,,2026-10-06T22:00:38.692Z
2026-10-06T23:29:20.937310+00:00,75ea578a-adc8-4116-a54d-dccb60765ef9,Magic Kingdom,30fe3c64-af71-4c66-a54b-aa61fd7af177,Swiss Family Treehouse,OPERATING,5,2026-10-06T22:30:41.506Z
2026-10-06T23:29:20.937310+00:00,75ea578a-adc8-4116-a54d-dccb60765ef9,Magic Kingdom,352feb94-e52e-45eb-9c92-e4b44c6b1a9d,Pirates of the Caribbean,OPERATING,5,2026-10-06T23:04:39.935Z
2026-10-06T23:29:20.937310+00:00,75ea578a-adc8-4116-a54d-dccb60765ef9,Magic Kingdom,3cba0cb4-e2a6-402c-93ee-c11ffcb127ef,Under the Sea - Journey of The Little Mermaid,OPERATING,5,2026-10-06T22:30:41.347Z
2026-10-06T23:29:20.937310+00:00,75ea578a-adc8-4116-a54d-dccb60765ef9,Magic Kingdom,52ac3730-b955-452a-a7cc-17e3b06182ac,Trick-or-Treat Locations at Mickey's Not-So-Scary Halloween Party,OPERATING,,2022-08-12T04:04:22.537Z
2026-10-06T23:29:20.937310+00:00,75ea578a-adc8-4116-a54d-dccb60765ef9,Magic Kingdom,5a43d1a7-ad53-4d25-abfe-25625f0da304,TRON Lightcycle / Run,OPERATING,40,2026-10-06T23:09:38.507Z
2026-10-06T23:29:20.937310+00:00,75ea578a-adc8-4116-a54d-dccb60765ef9,Magic Kingdom,6fd1e225-53a0-4a80-a577-4bbc9a471075,Walt Disney's Enchanted Tiki Room,CLOSED,,2026-10-06T22:00:38.432Z
2026-10-06T23:29:20.937310+00:00,75ea578a-adc8-4116-a54d-dccb60765ef9,Magic Kingdom,72c7343a-f7fb-4f66-95df-c91016de7338,Buzz Lightyear’s Space Ranger Spin,OPERATING,20,2026-10-06T22:49:38.876Z
2026-10-06T23:29:20.937310+00:00,75ea578a-adc8-4116-a54d-dccb60765ef9,Magic Kingdom,73cb9445-0695-47a3-87ce-d08ae36b5f3c,Tiana's Bayou Adventure,OPERATING,15,2026-10-06T22:30:41.388Z
2026-10-06T23:29:20.937310+00:00,75ea578a-adc8-4116-a54d-dccb60765ef9,Magic Kingdom,796b0a25-c51e-456e-9bb8-50a324e301b3,Jungle Cruise,OPERATING,5,2026-10-06T23:01:47.360Z
2026-10-06T23:29:20.937310+00:00,75ea578a-adc8-4116-a54d-dccb60765ef9,Magic Kingdom,7c5e1e02-3a44-4151-9005-44066d5ba1da,Mickey's PhilharMagic,CLOSED,,2026-10-06T22:00:03.451Z
2026-10-06T23:29:20.937310+00:00,75ea578a-adc8-4116-a54d-dccb60765ef9,Magic Kingdom,8183f3f2-1b59-4b9c-b634-6a863bdf8d84,Walt Disney's Carousel of Progress,REFURBISHMENT,,2026-09-04T18:16:27.839Z
2026-10-06T23:29:20.937310+00:00,75ea578a-adc8-4116-a54d-dccb60765ef9,Magic Kingdom,86a41273-5f15-4b54-93b6-829f140e5161,Peter Pan's Flight,OPERATING,25,2026-10-06T23:24:40.862Z
2026-10-06T23:29:20.937310+00:00,75ea578a-adc8-4116-a54d-dccb60765ef9,Magic Kingdom,888fb4a4-7adf-47a1-8ba2-c258cc64fd75,Main Street Vehicles,CLOSED,,2026-10-06T20:00:38.475Z
2026-10-06T23:29:20.937310+00:00,75ea578a-adc8-4116-a54d-dccb60765ef9,Magic Kingdom,890fa430-89c0-4a3f-96c9-11597888005e,Dumbo the Flying Elephant,OPERATING,5,2026-10-06T22:58:40.128Z
2026-10-06T23:29:20.937310+00:00,75ea578a-adc8-4116-a54d-dccb60765ef9,Magic Kingdom,90d79335-c907-4069-a021-d0fe1ec73ae2,Cinderella Castle,CLOSED,,2026-10-06T22:00:02.967Z
2026-10-06T23:29:20.937310+00:00,75ea578a-adc8-4116-a54d-dccb60765ef9,Magic Kingdom,924a3b2c-6b4b-49e5-99d3-e9dc3f2e8a48,The Barnstormer,OPERATING,5,2026-10-06T22:59:42.359Z
2026-10-06T23:29:20.937310+00:00,75ea578a-adc8-4116-a54d-dccb60765ef9,Magic Kingdom,96455de6-f4f1-403c-9391-bf8396979149,The Magic Carpets of Aladdin,OPERATING,5,2026-10-06T22:30:41.525Z
2026-10-06T23:29:20.937310+00:00,75ea578a-adc8-4116-a54d-dccb60765ef9,Magic Kingdom,9d4d5229-7142-44b6-b4fb-528920969a2c,Seven Dwarfs Mine Train,OPERATING,20,2026-10-06T23:12:38.468Z
2026-10-06T23:29:20.937310+00:00,75ea578a-adc8-4116-a54d-dccb60765ef9,Magic Kingdom,b2260923-9315-40fd-9c6b-44dd811dbe64,Space Mountain,OPERATING,5,2026-10-06T23:05:37.688Z
2026-10-06T23:29:20.937310+00:00,75ea578a-adc8-4116-a54d-dccb60765ef9,Magic Kingdom,d9d12438-d999-4482-894b-8955fdb20ccf,Astro Orbiter,OPERATING,5,2026-10-06T23:26:38.669Z
2026-10-06T23:29:20.937310+00:00,75ea578a-adc8-4116-a54d-dccb60765ef9,Magic Kingdom,de3309ca-97d5-4211-bffe-739fed47e92f,Big Thunder Mountain Railroad,OPERATING,15,2026-10-06T22:54:40.479Z
2026-10-06T23:29:20.937310+00:00,75ea578a-adc8-4116-a54d-dccb60765ef9,Magic Kingdom,de737ffc-306b-4f32-8bbb-34e5d370ec8f,A Pirate's Adventure ~ Treasures of the Seven Seas,CLOSED,,2026-10-06T21:00:38.954Z
2026-10-06T23:29:20.937310+00:00,75ea578a-adc8-4116-a54d-dccb60765ef9,Magic Kingdom,e39b831b-7731-49bb-815b-289b4f49a9fd,"Walt Disney World Railroad - Main Street, U.S.A.",REFURBISHMENT,,2026-09-29T20:08:11.998Z
2026-10-06T23:29:20.937310+00:00,75ea578a-adc8-4116-a54d-dccb60765ef9,Magic Kingdom,e40ac396-cbac-43f4-8752-764ed60ccceb,Walt Disney World Railroad - Fantasyland,REFURBISHMENT,,2026-09-29T20:08:11.982Z
2026-10-06T23:29:20.937310+00:00,75ea578a-adc8-4116-a54d-dccb60765ef9,Magic Kingdom,e76c93df-31af-49a5-8e2f-752c76c937c9,Enchanted Tales with Belle,CLOSED,,2026-10-06T21:30:42.018Z
2026-10-06T23:29:20.937310+00:00,75ea578a-adc8-4116-a54d-dccb60765ef9,Magic Kingdom,e8f0b426-7645-4ea3-8b41-b94ae7091a41,"Monsters, Inc. Laugh Floor",CLOSED,,2026-10-06T22:00:38.421Z
2026-10-06T23:29:20.937310+00:00,75ea578a-adc8-4116-a54d-dccb60765ef9,Magic Kingdom,f010bc01-b450-4476-a5f3-a5f2813104b2,Casey Jr. Splash 'N' Soak Station,CLOSED,,2026-10-06T22:00:02.945Z
2026-10-06T23:29:20.937310+00:00,75ea578a-adc8-4116-a54d-dccb60765ef9,Magic Kingdom,f163ddcd-43e1-488d-8276-2381c1db0a39,Tomorrowland Speedway,OPERATING,5,2026-10-06T22:30:41.544Z
2026-10-06T23:29:20.937310+00:00,75ea578a-adc8-4116-a54d-dccb60765ef9,Magic Kingdom,f5aad2d4-a419-4384-bd9a-42f86385c750,"""it's a small world""",OPERATING,5,2026-10-06T23:24:40.852Z
2026-10-06T23:29:20.937310+00:00,75ea578a-adc8-4116-a54d-dccb60765ef9,Magic Kingdom,ffcfeaa2-1416-4920-a1ed-543c1a1695c4,Tomorrowland Transit Authority PeopleMover,OPERATING,5,2026-10-06T23:26:38.677Z
2026-10-07T02:37:43.936082+00:00,75ea578a-adc8-4116-a54d-dccb60765ef9,Magic Kingdom,0aae716c-af13-4439-b638-d75fb1649df3,Mad Tea Party,OPERATING,5,2026-10-07T00:04:38.432Z
2026-10-07T02:37:43.936082+00:00,75ea578a-adc8-4116-a54d-dccb60765ef9,Magic Kingdom,0d94ad60-72f0-4551-83a6-ebaecdd89737,The Many Adventures of Winnie the Pooh,OPERATING,5,2026-10-07T02:02:39.782Z
2026-10-07T02:37:43.936082+00:00,75ea578a-adc8-4116-a54d-dccb60765ef9,Magic Kingdom,0f57cecf-5502-4503-8bc3-ba84d3708ace,Country Bear Musical Jamboree,CLOSED,,2026-10-06T22:00:38.682Z
2026-10-07T02:37:43.936082+00:00,75ea578a-adc8-4116-a54d-dccb60765ef9,Magic Kingdom,2551a77d-023f-4ab1-9a19-8afec0190f39,Haunted Mansion,OPERATING,15,2026-10-07T02:20:39.492Z
2026-10-07T02:37:43.936082+00:00,75ea578a-adc8-4116-a54d-dccb60765ef9,Magic Kingdom,273ddb8d-e7b5-4e34-8657-1113f49262a5,Prince Charming Regal Carrousel,OPERATING,5,2026-10-07T02:15:41.037Z
2026-10-07T02:37:43.936082+00:00,75ea578a-adc8-4116-a54d-dccb60765ef9,Magic Kingdom,2ebfb38c-5cb5-4de1-86c0-f7af14188022,The Hall of Presidents,CLOSED,,2026-10-06T22:00:38.692Z
2026-10-07T02:37:43.936082+00:00,75ea578a-adc8-4116-a54d-dccb60765ef9,Magic Kingdom,30fe3c64-af71-4c66-a54b-aa61fd7af177,Swiss Family Treehouse,OPERATING,5,2026-10-06T22:30:41.506Z
2026-10-07T02:37:43.936082+00:00,75ea578a-adc8-4116-a54d-dccb60765ef9,Magic Kingdom,352feb94-e52e-45eb-9c92-e4b44c6b1a9d,Pirates of the Caribbean,OPERATING,5,2026-10-07T00:05:41.454Z
2026-10-07T02:37:43.936082+00:00,75ea578a-adc8-4116-a54d-dccb60765ef9,Magic Kingdom,3cba0cb4-e2a6-402c-93ee-c11ffcb127ef,Under the Sea - Journey of The Little Mermaid,OPERATING,5,2026-10-06T22:30:41.347Z
2026-10-07T02:37:43.936082+00:00,75ea578a-adc8-4116-a54d-dccb60765ef9,Magic Kingdom,52ac3730-b955-452a-a7cc-17e3b06182ac,Trick-or-Treat Locations at Mickey's Not-So-Scary Halloween Party,OPERATING,,2022-08-12T04:04:22.537Z
2026-10-07T02:37:43.936082+00:00,75ea578a-adc8-4116-a54d-dccb60765ef9,Magic Kingdom,5a43d1a7-ad53-4d25-abfe-25625f0da304,TRON Lightcycle / Run,OPERATING,30,2026-10-07T02:25:41.292Z
2026-10-07T02:37:43.936082+00:00,75ea578a-adc8-4116-a54d-dccb60765ef9,Magic Kingdom,6fd1e225-53a0-4a80-a577-4bbc9a471075,Walt Disney's Enchanted Tiki Room,CLOSED,,2026-10-06T22:00:38.432Z
2026-10-07T02:37:43.936082+00:00,75ea578a-adc8-4116-a54d-dccb60765ef9,Magic Kingdom,72c7343a-f7fb-4f66-95df-c91016de7338,Buzz Lightyear’s Space Ranger Spin,OPERATING,15,2026-10-07T02:33:39.325Z
2026-10-07T02:37:43.936082+00:00,75ea578a-adc8-4116-a54d-dccb60765ef9,Magic Kingdom,73cb9445-0695-47a3-87ce-d08ae36b5f3c,Tiana's Bayou Adventure,OPERATING,5,2026-10-07T01:12:39.791Z
2026-10-07T02:37:43.936082+00:00,75ea578a-adc8-4116-a54d-dccb60765ef9,Magic Kingdom,796b0a25-c51e-456e-9bb8-50a324e301b3,Jungle Cruise,OPERATING,5,2026-10-06T23:01:47.360Z
2026-10-07T02:37:43.936082+00:00,75ea578a-adc8-4116-a54d-dccb60765ef9,Magic Kingdom,7c5e1e02-3a44-4151-9005-44066d5ba1da,Mickey's PhilharMagic,CLOSED,,2026-10-06T22:00:03.451Z
2026-10-07T02:37:43.936082+00:00,75ea578a-adc8-4116-a54d-dccb60765ef9,Magic Kingdom,8183f3f2-1b59-4b9c-b634-6a863bdf8d84,Walt Disney's Carousel of Progress,REFURBISHMENT,,2026-09-04T18:16:27.839Z
2026-10-07T02:37:43.936082+00:00,75ea578a-adc8-4116-a54d-dccb60765ef9,Magic Kingdom,86a41273-5f15-4b54-93b6-829f140e5161,Peter Pan's Flight,OPERATING,20,2026-10-07T02:32:40.083Z
2026-10-07T02:37:43.936082+00:00,75ea578a-adc8-4116-a54d-dccb60765ef9,Magic Kingdom,888fb4a4-7adf-47a1-8ba2-c258cc64fd75,Main Street Vehicles,CLOSED,,2026-10-06T20:00:38.475Z
2026-10-07T02:37:43.936082+00:00,75ea578a-adc8-4116-a54d-dccb60765ef9,Magic Kingdom,890fa430-89c0-4a3f-96c9-11597888005e,Dumbo the Flying Elephant,OPERATING,5,2026-10-07T00:50:40.248Z
2026-10-07T02:37:43.936082+00:00,75ea578a-adc8-4116-a54d-dccb60765ef9,Magic Kingdom,90d79335-c907-4069-a021-d0fe1ec73ae2,Cinderella Castle,CLOSED,,2026-10-06T22:00:02.967Z
2026-10-07T02:37:43.936082+00:00,75ea578a-adc8-4116-a54d-dccb60765ef9,Magic Kingdom,924a3b2c-6b4b-49e5-99d3-e9dc3f2e8a48,The Barnstormer,OPERATING,5,2026-10-07T00:49:46.707Z
2026-10-07T02:37:43.936082+00:00,75ea578a-adc8-4116-a54d-dccb60765ef9,Magic Kingdom,96455de6-f4f1-403c-9391-bf8396979149,The Magic Carpets of Aladdin,OPERATING,5,2026-10-06T22:30:41.525Z
2026-10-07T02:37:43.936082+00:00,75ea578a-adc8-4116-a54d-dccb60765ef9,Magic Kingdom,9d4d5229-7142-44b6-b4fb-528920969a2c,Seven Dwarfs Mine Train,OPERATING,15,2026-10-07T02:25:41.281Z
2026-10-07T02:37:43.936082+00:00,75ea578a-adc8-4116-a54d-dccb60765ef9,Magic Kingdom,b2260923-9315-40fd-9c6b-44dd811dbe64,Space Mountain,OPERATING,15,2026-10-07T02:21:42.618Z
2026-10-07T02:37:43.936082+00:00,75ea578a-adc8-4116-a54d-dccb60765ef9,Magic Kingdom,d9d12438-d999-4482-894b-8955fdb20ccf,Astro Orbiter,OPERATING,5,2026-10-06T23:26:38.669Z
2026-10-07T02:37:43.936082+00:00,75ea578a-adc8-4116-a54d-dccb60765ef9,Magic Kingdom,de3309ca-97d5-4211-bffe-739fed47e92f,Big Thunder Mountain Railroad,DOWN,,2026-10-07T02:20:39.481Z
2026-10-07T02:37:43.936082+00:00,75ea578a-adc8-4116-a54d-dccb60765ef9,Magic Kingdom,de737ffc-306b-4f32-8bbb-34e5d370ec8f,A Pirate's Adventure ~ Treasures of the Seven Seas,CLOSED,,2026-10-06T21:00:38.954Z
2026-10-07T02:37:43.936082+00:00,75ea578a-adc8-4116-a54d-dccb60765ef9,Magic Kingdom,e39b831b-7731-49bb-815b-289b4f49a9fd,"Walt Disney World Railroad - Main Street, U.S.A.",REFURBISHMENT,,2026-09-29T20:08:11.998Z
2026-10-07T02:37:43.936082+00:00,75ea578a-adc8-4116-a54d-dccb60765ef9,Magic Kingdom,e40ac396-cbac-43f4-8752-764ed60ccceb,Walt Disney World Railroad - Fantasyland,REFURBISHMENT,,2026-09-29T20:08:11.982Z
2026-10-07T02:37:43.936082+00:00,75ea578a-adc8-4116-a54d-dccb60765ef9,Magic Kingdom,e76c93df-31af-49a5-8e2f-752c76c937c9,Enchanted Tales with Belle,CLOSED,,2026-10-06T21:30:42.018Z
2026-10-07T02:37:43.936082+00:00,75ea578a-adc8-4116-a54d-dccb60765ef9,Magic Kingdom,e8f0b426-7645-4ea3-8b41-b94ae7091a41,"Monsters, Inc. Laugh Floor",CLOSED,,2026-10-06T22:00:38.421Z
2026-10-07T02:37:43.936082+00:00,75ea578a-adc8-4116-a54d-dccb60765ef9,Magic Kingdom,f010bc01-b450-4476-a5f3-a5f2813104b2,Casey Jr. Splash 'N' Soak Station,CLOSED,,2026-10-06T22:00:02.945Z
2026-10-07T02:37:43.936082+00:00,75ea578a-adc8-4116-a54d-dccb60765ef9,Magic Kingdom,f163ddcd-43e1-488d-8276-2381c1db0a39,Tomorrowland Speedway,OPERATING,5,2026-10-07T01:40:41.224Z
2026-10-07T02:37:43.936082+00:00,75ea578a-adc8-4116-a54d-dccb60765ef9,Magic Kingdom,f5aad2d4-a419-4384-bd9a-42f86385c750,"""it's a small world""",OPERATING,5,2026-10-07T02:27:40.658Z
2026-10-07T02:37:43.936082+00:00,75ea578a-adc8-4116-a54d-dccb60765ef9,Magic Kingdom,ffcfeaa2-1416-4920-a1ed-543c1a1695c4,Tomorrowland Transit Authority PeopleMover,OPERATING,5,2026-10-07T01:24:41.781Z
2026-10-07T17:08:18.994212+00:00,75ea578a-adc8-4116-a54d-dccb60765ef9,Magic Kingdom,0aae716c-af13-4439-b638-d75fb1649df3,Mad Tea Party,OPERATING,15,2026-10-07T17:05:57.876Z
2026-10-07T17:08:18.994212+00:00,75ea578a-adc8-4116-a54d-dccb60765ef9,Magic Kingdom,0d94ad60-72f0-4551-83a6-ebaecdd89737,The Many Adventures of Winnie the Pooh,OPERATING,35,2026-10-07T17:04:46.522Z
2026-10-07T17:08:18.994212+00:00,75ea578a-adc8-4116-a54d-dccb60765ef9,Magic Kingdom,0f57cecf-5502-4503-8bc3-ba84d3708ace,Country Bear Musical Jamboree,OPERATING,10,2026-10-07T13:09:52.359Z
2026-10-07T17:08:18.994212+00:00,75ea578a-adc8-4116-a54d-dccb60765ef9,Magic Kingdom,2551a77d-023f-4ab1-9a19-8afec0190f39,Haunted Mansion,OPERATING,40,2026-10-07T17:05:17.631Z
2026-10-07T17:08:18.994212+00:00,75ea578a-adc8-4116-a54d-dccb60765ef9,Magic Kingdom,273ddb8d-e7b5-4e34-8657-1113f49262a5,Prince Charming Regal Carrousel,OPERATING,10,2026-10-07T15:05:56.857Z
2026-10-07T17:08:18.994212+00:00,75ea578a-adc8-4116-a54d-dccb60765ef9,Magic Kingdom,2ebfb38c-5cb5-4de1-86c0-f7af14188022,The Hall of Presidents,OPERATING,15,2026-10-07T13:09:52.367Z
2026-10-07T17:08:18.994212+00:00,75ea578a-adc8-4116-a54d-dccb60765ef9,Magic Kingdom,30fe3c64-af71-4c66-a54b-aa61fd7af177,Swiss Family Treehouse,OPERATING,5,2026-10-07T12:01:55.068Z
2026-10-07T17:08:18.994212+00:00,75ea578a-adc8-4116-a54d-dccb60765ef9,Magic Kingdom,352feb94-e52e-45eb-9c92-e4b44c6b1a9d,Pirates of the Caribbean,OPERATING,35,2026-10-07T17:05:17.609Z
2026-10-07T17:08:18.994212+00:00,75ea578a-adc8-4116-a54d-dccb60765ef9,Magic Kingdom,3cba0cb4-e2a6-402c-93ee-c11ffcb127ef,Under the Sea - Journey of The Little Mermaid,OPERATING,30,2026-10-07T17:07:33.827Z
2026-10-07T17:08:18.994212+00:00,75ea578a-adc8-4116-a54d-dccb60765ef9,Magic Kingdom,52ac3730-b955-452a-a7cc-17e3b06182ac,Trick-or-Treat Locations at Mickey's Not-So-Scary Halloween Party,OPERATING,,2022-08-12T04:04:22.537Z
2026-10-07T17:08:18.994212+00:00,75ea578a-adc8-4116-a54d-dccb60765ef9,Magic Kingdom,5a43d1a7-ad53-4d25-abfe-25625f0da304,TRON Lightcycle / Run,OPERATING,60,2026-10-07T16:47:55.042Z
2026-10-07T17:08:18.994212+00:00,75ea578a-adc8-4116-a54d-dccb60765ef9,Magic Kingdom,6fd1e225-53a0-4a80-a577-4bbc9a471075,Walt Disney's Enchanted Tiki Room,OPERATING,10,2026-10-07T13:02:03.469Z
2026-10-07T17:08:18.994212+00:00,75ea578a-adc8-4116-a54d-dccb60765ef9,Magic Kingdom,72c7343a-f7fb-4f66-95df-c91016de7338,Buzz Lightyear’s Space Ranger Spin,OPERATING,60,2026-10-07T17:05:17.533Z
2026-10-07T17:08:18.994212+00:00,75ea578a-adc8-4116-a54d-dccb60765ef9,Magic Kingdom,73cb9445-0695-47a3-87ce-d08ae36b5f3c,Tiana's Bayou Adventure,OPERATING,20,2026-10-07T17:04:46.506Z
2026-10-07T17:08:18.994212+00:00,75ea578a-adc8-4116-a54d-dccb60765ef9,Magic Kingdom,796b0a25-c51e-456e-9bb8-50a324e301b3,Jungle Cruise,OPERATING,40,2026-10-07T17:05:17.562Z
2026-10-07T17:08:18.994212+00:00,75ea578a-adc8-4116-a54d-dccb60765ef9,Magic Kingdom,7c5e1e02-3a44-4151-9005-44066d5ba1da,Mickey's PhilharMagic,OPERATING,15,2026-10-07T17:05:17.584Z
2026-10-07T17:08:18.994212+00:00,75ea578a-adc8-4116-a54d-dccb60765ef9,Magic Kingdom,8183f3f2-1b59-4b9c-b634-6a863bdf8d84,Walt Disney's Carousel of Progress,REFURBISHMENT,,2026-09-04T18:16:27.839Z
2026-10-07T17:08:18.994212+00:00,75ea578a-adc8-4116-a54d-dccb60765ef9,Magic Kingdom,86a41273-5f15-4b54-93b6-829f140e5161,Peter Pan's Flight,OPERATING,45,2026-10-07T17:05:17.601Z
2026-10-07T17:08:18.994212+00:00,75ea578a-adc8-4116-a54d-dccb60765ef9,Magic Kingdom,888fb4a4-7adf-47a1-8ba2-c258cc64fd75,Main Street Vehicles,OPERATING,,2026-10-07T13:02:03.535Z
2026-10-07T17:08:18.994212+00:00,75ea578a-adc8-4116-a54d-dccb60765ef9,Magic Kingdom,890fa430-89c0-4a3f-96c9-11597888005e,Dumbo the Flying Elephant,OPERATING,5,2026-10-07T17:05:17.540Z
2026-10-07T17:08:18.994212+00:00,75ea578a-adc8-4116-a54d-dccb60765ef9,Magic Kingdom,90d79335-c907-4069-a021-d0fe1ec73ae2,Cinderella Castle,OPERATING,,2026-10-07T12:00:04.648Z
2026-10-07T17:08:18.994212+00:00,75ea578a-adc8-4116-a54d-dccb60765ef9,Magic Kingdom,924a3b2c-6b4b-49e5-99d3-e9dc3f2e8a48,The Barnstormer,OPERATING,5,2026-10-07T17:05:17.466Z
2026-10-07T17:08:18.994212+00:00,75ea578a-adc8-4116-a54d-dccb60765ef9,Magic Kingdom,96455de6-f4f1-403c-9391-bf8396979149,The Magic Carpets of Aladdin,OPERATING,10,2026-10-07T17:05:17.640Z
2026-10-07T17:08:18.994212+00:00,75ea578a-adc8-4116-a54d-dccb60765ef9,Magic Kingdom,9d4d5229-7142-44b6-b4fb-528920969a2c,Seven Dwarfs Mine Train,DOWN,,2026-10-07T16:59:22.316Z
2026-10-07T17:08:18.994212+00:00,75ea578a-adc8-4116-a54d-dccb60765ef9,Magic Kingdom,b2260923-9315-40fd-9c6b-44dd811dbe64,Space Mountain,OPERATING,45,2026-10-07T17:06:52.067Z
2026-10-07T17:08:18.994212+00:00,75ea578a-adc8-4116-a54d-dccb60765ef9,Magic Kingdom,d9d12438-d999-4482-894b-8955fdb20ccf,Astro Orbiter,OPERATING,5,2026-10-07T16:39:59.169Z
2026-10-07T17:08:18.994212+00:00,75ea578a-adc8-4116-a54d-dccb60765ef9,Magic Kingdom,de3309ca-97d5-4211-bffe-739fed47e92f,Big Thunder Mountain Railroad,DOWN,,2026-10-07T12:01:55.032Z
2026-10-07T17:08:18.994212+00:00,75ea578a-adc8-4116-a54d-dccb60765ef9,Magic Kingdom,de737ffc-306b-4f32-8bbb-34e5d370ec8f,A Pirate's Adventure ~ Treasures of the Seven Seas,OPERATING,,2026-10-07T16:00:48.899Z
2026-10-07T17:08:18.994212+00:00,75ea578a-adc8-4116-a54d-dccb60765ef9,Magic Kingdom,e39b831b-7731-49bb-815b-289b4f49a9fd,"Walt Disney World Railroad - Main Street, U.S.A.",REFURBISHMENT,,2026-09-29T20:08:11.998Z
2026-10-07T17:08:18.994212+00:00,75ea578a-adc8-4116-a54d-dccb60765ef9,Magic Kingdom,e40ac396-cbac-43f4-8752-764ed60ccceb,Walt Disney World Railroad - Fantasyland,REFURBISHMENT,,2026-09-29T20:08:11.982Z
2026-10-07T17:08:18.994212+00:00,75ea578a-adc8-4116-a54d-dccb60765ef9,Magic Kingdom,e76c93df-31af-49a5-8e2f-752c76c937c9,Enchanted Tales with Belle,OPERATING,25,2026-10-07T17:01:49.614Z
2026-10-07T17:08:18.994212+00:00,75ea578a-adc8-4116-a54d-dccb60765ef9,Magic Kingdom,e8f0b426-7645-4ea3-8b41-b94ae7091a41,"Monsters, Inc. Laugh Floor",OPERATING,10,2026-10-07T17:05:17.457Z
2026-10-07T17:08:18.994212+00:00,75ea578a-adc8-4116-a54d-dccb60765ef9,Magic Kingdom,f010bc01-b450-4476-a5f3-a5f2813104b2,Casey Jr. Splash 'N' Soak Station,OPERATING,,2026-10-07T12:00:04.624Z
2026-10-07T17:08:18.994212+00:00,75ea578a-adc8-4116-a54d-dccb60765ef9,Magic Kingdom,f163ddcd-43e1-488d-8276-2381c1db0a39,Tomorrowland Speedway,OPERATING,15,2026-10-07T17:05:17.648Z
2026-10-07T17:08:18.994212+00:00,75ea578a-adc8-4116-a54d-dccb60765ef9,Magic Kingdom,f5aad2d4-a419-4384-bd9a-42f86385c750,"""it's a small world""",OPERATING,20,2026-10-07T17:06:52.053Z
2026-10-07T17:08:18.994212+00:00,75ea578a-adc8-4116-a54d-dccb60765ef9,Magic Kingdom,ffcfeaa2-1416-4920-a1ed-543c1a1695c4,Tomorrowland Transit Authority PeopleMover,OPERATING,5,2026-10-07T15:59:54.810Z
2026-10-07T22:08:59.801666+00:00,75ea578a-adc8-4116-a54d-dccb60765ef9,Magic Kingdom,0aae716c-af13-4439-b638-d75fb1649df3,Mad Tea Party,OPERATING,5,2026-10-07T22:05:05.051Z
2026-10-07T22:08:59.801666+00:00,75ea578a-adc8-4116-a54d-dccb60765ef9,Magic Kingdom,0d94ad60-72f0-4551-83a6-ebaecdd89737,The Many Adventures of Winnie the Pooh,OPERATING,50,2026-10-07T21:54:48.357Z
2026-10-07T22:08:59.801666+00:00,75ea578a-adc8-4116-a54d-dccb60765ef9,Magic Kingdom,0f57cecf-5502-4503-8bc3-ba84d3708ace,Country Bear Musical Jamboree,OPERATING,10,2026-10-07T13:09:52.359Z
2026-10-07T22:08:59.801666+00:00,75ea578a-adc8-4116-a54d-dccb60765ef9,Magic Kingdom,2551a77d-023f-4ab1-9a19-8afec0190f39,Haunted Mansion,OPERATING,40,2026-10-07T22:05:56.840Z
2026-10-07T22:08:59.801666+00:00,75ea578a-adc8-4116-a54d-dccb60765ef9,Magic Kingdom,273ddb8d-e7b5-4e34-8657-1113f49262a5,Prince Charming Regal Carrousel,OPERATING,10,2026-10-07T20:51:51.683Z
2026-10-07T22:08:59.801666+00:00,75ea578a-adc8-4116-a54d-dccb60765ef9,Magic Kingdom,2ebfb38c-5cb5-4de1-86c0-f7af14188022,The Hall of Presidents,OPERATING,15,2026-10-07T13:09:52.367Z
2026-10-07T22:08:59.801666+00:00,75ea578a-adc8-4116-a54d-dccb60765ef9,Magic Kingdom,30fe3c64-af71-4c66-a54b-aa61fd7af177,Swiss Family Treehouse,OPERATING,5,2026-10-07T12:01:55.068Z
2026-10-07T22:08:59.801666+00:00,75ea578a-adc8-4116-a54d-dccb60765ef9,Magic Kingdom,352feb94-e52e-45eb-9c92-e4b44c6b1a9d,Pirates of the Caribbean,OPERATING,10,2026-10-07T21:58:50.336Z
2026-10-07T22:08:59.801666+00:00,75ea578a-adc8-4116-a54d-dccb60765ef9,Magic Kingdom,3cba0cb4-e2a6-402c-93ee-c11ffcb127ef,Under the Sea - Journey of The Little Mermaid,OPERATING,25,2026-10-07T22:05:04.910Z
2026-10-07T22:08:59.801666+00:00,75ea578a-adc8-4116-a54d-dccb60765ef9,Magic Kingdom,52ac3730-b955-452a-a7cc-17e3b06182ac,Trick-or-Treat Locations at Mickey's Not-So-Scary Halloween Party,OPERATING,,2022-08-12T04:04:22.537Z
2026-10-07T22:08:59.801666+00:00,75ea578a-adc8-4116-a54d-dccb60765ef9,Magic Kingdom,5a43d1a7-ad53-4d25-abfe-25625f0da304,TRON Lightcycle / Run,OPERATING,85,2026-10-07T22:07:54.713Z
2026-10-07T22:08:59.801666+00:00,75ea578a-adc8-4116-a54d-dccb60765ef9,Magic Kingdom,6fd1e225-53a0-4a80-a577-4bbc9a471075,Walt Disney's Enchanted Tiki Room,OPERATING,10,2026-10-07T13:02:03.469Z
2026-10-07T22:08:59.801666+00:00,75ea578a-adc8-4116-a54d-dccb60765ef9,Magic Kingdom,72c7343a-f7fb-4f66-95df-c91016de7338,Buzz Lightyear’s Space Ranger Spin,OPERATING,80,2026-10-07T22:06:49.837Z
2026-10-07T22:08:59.801666+00:00,75ea578a-adc8-4116-a54d-dccb60765ef9,Magic Kingdom,73cb9445-0695-47a3-87ce-d08ae36b5f3c,Tiana's Bayou Adventure,OPERATING,25,2026-10-07T22:05:04.969Z
2026-10-07T22:08:59.801666+00:00,75ea578a-adc8-4116-a54d-dccb60765ef9,Magic Kingdom,796b0a25-c51e-456e-9bb8-50a324e301b3,Jungle Cruise,OPERATING,40,2026-10-07T22:05:05.030Z
2026-10-07T22:08:59.801666+00:00,75ea578a-adc8-4116-a54d-dccb60765ef9,Magic Kingdom,7c5e1e02-3a44-4151-9005-44066d5ba1da,Mickey's PhilharMagic,OPERATING,15,2026-10-07T21:58:50.315Z
2026-10-07T22:08:59.801666+00:00,75ea578a-adc8-4116-a54d-dccb60765ef9,Magic Kingdom,8183f3f2-1b59-4b9c-b634-6a863bdf8d84,Walt Disney's Carousel of Progress,REFURBISHMENT,,2026-09-04T18:16:27.839Z
2026-10-07T22:08:59.801666+00:00,75ea578a-adc8-4116-a54d-dccb60765ef9,Magic Kingdom,86a41273-5f15-4b54-93b6-829f140e5161,Peter Pan's Flight,OPERATING,55,2026-10-07T22:04:49.146Z
2026-10-07T22:08:59.801666+00:00,75ea578a-adc8-4116-a54d-dccb60765ef9,Magic Kingdom,888fb4a4-7adf-47a1-8ba2-c258cc64fd75,Main Street Vehicles,CLOSED,,2026-10-07T20:00:49.616Z
2026-10-07T22:08:59.801666+00:00,75ea578a-adc8-4116-a54d-dccb60765ef9,Magic Kingdom,890fa430-89c0-4a3f-96c9-11597888005e,Dumbo the Flying Elephant,OPERATING,5,2026-10-07T22:05:04.997Z
2026-10-07T22:08:59.801666+00:00,75ea578a-adc8-4116-a54d-dccb60765ef9,Magic Kingdom,90d79335-c907-4069-a021-d0fe1ec73ae2,Cinderella Castle,OPERATING,,2026-10-07T12:00:04.648Z
2026-10-07T22:08:59.801666+00:00,75ea578a-adc8-4116-a54d-dccb60765ef9,Magic Kingdom,924a3b2c-6b4b-49e5-99d3-e9dc3f2e8a48,The Barnstormer,OPERATING,5,2026-10-07T22:05:04.898Z
2026-10-07T22:08:59.801666+00:00,75ea578a-adc8-4116-a54d-dccb60765ef9,Magic Kingdom,96455de6-f4f1-403c-9391-bf8396979149,The Magic Carpets of Aladdin,OPERATING,5,2026-10-07T21:49:10.903Z
2026-10-07T22:08:59.801666+00:00,75ea578a-adc8-4116-a54d-dccb60765ef9,Magic Kingdom,9d4d5229-7142-44b6-b4fb-528920969a2c,Seven Dwarfs Mine Train,OPERATING,55,2026-10-07T22:05:04.920Z
2026-10-07T22:08:59.801666+00:00,75ea578a-adc8-4116-a54d-dccb60765ef9,Magic Kingdom,b2260923-9315-40fd-9c6b-44dd811dbe64,Space Mountain,OPERATING,35,2026-10-07T22:02:57.606Z
2026-10-07T22:08:59.801666+00:00,75ea578a-adc8-4116-a54d-dccb60765ef9,Magic Kingdom,d9d12438-d999-4482-894b-8955fdb20ccf,Astro Orbiter,OPERATING,5,2026-10-07T20:18:03.399Z
2026-10-07T22:08:59.801666+00:00,75ea578a-adc8-4116-a54d-dccb60765ef9,Magic Kingdom,de3309ca-97d5-4211-bffe-739fed47e92f,Big Thunder Mountain Railroad,OPERATING,40,2026-10-07T21:54:48.347Z
2026-10-07T22:08:59.801666+00:00,75ea578a-adc8-4116-a54d-dccb60765ef9,Magic Kingdom,de737ffc-306b-4f32-8bbb-34e5d370ec8f,A Pirate's Adventure ~ Treasures of the Seven Seas,CLOSED,,2026-10-07T21:00:47.536Z
2026-10-07T22:08:59.801666+00:00,75ea578a-adc8-4116-a54d-dccb60765ef9,Magic Kingdom,e39b831b-7731-49bb-815b-289b4f49a9fd,"Walt Disney World Railroad - Main Street, U.S.A.",REFURBISHMENT,,2026-09-29T20:08:11.998Z
2026-10-07T22:08:59.801666+00:00,75ea578a-adc8-4116-a54d-dccb60765ef9,Magic Kingdom,e40ac396-cbac-43f4-8752-764ed60ccceb,Walt Disney World Railroad - Fantasyland,REFURBISHMENT,,2026-09-29T20:08:11.982Z
2026-10-07T22:08:59.801666+00:00,75ea578a-adc8-4116-a54d-dccb60765ef9,Magic Kingdom,e76c93df-31af-49a5-8e2f-752c76c937c9,Enchanted Tales with Belle,OPERATING,25,2026-10-07T22:00:54.880Z
2026-10-07T22:08:59.801666+00:00,75ea578a-adc8-4116-a54d-dccb60765ef9,Magic Kingdom,e8f0b426-7645-4ea3-8b41-b94ae7091a41,"Monsters, Inc. Laugh Floor",OPERATING,10,2026-10-07T22:05:04.886Z
2026-10-07T22:08:59.801666+00:00,75ea578a-adc8-4116-a54d-dccb60765ef9,Magic Kingdom,f010bc01-b450-4476-a5f3-a5f2813104b2,Casey Jr. Splash 'N' Soak Station,CLOSED,,2026-10-07T22:00:02.146Z
2026-10-07T22:08:59.801666+00:00,75ea578a-adc8-4116-a54d-dccb60765ef9,Magic Kingdom,f163ddcd-43e1-488d-8276-2381c1db0a39,Tomorrowland Speedway,OPERATING,5,2026-10-07T22:05:05.089Z
2026-10-07T22:08:59.801666+00:00,75ea578a-adc8-4116-a54d-dccb60765ef9,Magic Kingdom,f5aad2d4-a419-4384-bd9a-42f86385c750,"""it's a small world""",OPERATING,25,2026-10-07T22:05:05.007Z
2026-10-07T22:08:59.801666+00:00,75ea578a-adc8-4116-a54d-dccb60765ef9,Magic Kingdom,ffcfeaa2-1416-4920-a1ed-543c1a1695c4,Tomorrowland Transit Authority PeopleMover,OPERATING,5,2026-10-07T20:52:48.354Z
2026-10-08T02:08:46.210181+00:00,75ea578a-adc8-4116-a54d-dccb60765ef9,Magic Kingdom,0aae716c-af13-4439-b638-d75fb1649df3,Mad Tea Party,OPERATING,0,2026-10-08T02:04:13.652Z
2026-10-08T02:08:46.210181+00:00,75ea578a-adc8-4116-a54d-dccb60765ef9,Magic Kingdom,0d94ad60-72f0-4551-83a6-ebaecdd89737,The Many Adventures of Winnie the Pooh,OPERATING,10,2026-10-08T02:05:54.006Z
2026-10-08T02:08:46.210181+00:00,75ea578a-adc8-4116-a54d-dccb60765ef9,Magic Kingdom,0f57cecf-5502-4503-8bc3-ba84d3708ace,Country Bear Musical Jamboree,OPERATING,10,2026-10-07T13:09:52.359Z
2026-10-08T02:08:46.210181+00:00,75ea578a-adc8-4116-a54d-dccb60765ef9,Magic Kingdom,2551a77d-023f-4ab1-9a19-8afec0190f39,Haunted Mansion,OPERATING,10,2026-10-08T02:04:50.075Z
2026-10-08T02:08:46.210181+00:00,75ea578a-adc8-4116-a54d-dccb60765ef9,Magic Kingdom,273ddb8d-e7b5-4e34-8657-1113f49262a5,Prince Charming Regal Carrousel,OPERATING,5,2026-10-08T01:25:05.801Z
2026-10-08T02:08:46.210181+00:00,75ea578a-adc8-4116-a54d-dccb60765ef9,Magic Kingdom,2ebfb38c-5cb5-4de1-86c0-f7af14188022,The Hall of Presidents,CLOSED,,2026-10-08T01:00:49.147Z
2026-10-08T02:08:46.210181+00:00,75ea578a-adc8-4116-a54d-dccb60765ef9,Magic Kingdom,30fe3c64-af71-4c66-a54b-aa61fd7af177,Swiss Family Treehouse,OPERATING,5,2026-10-07T12:01:55.068Z
2026-10-08T02:08:46.210181+00:00,75ea578a-adc8-4116-a54d-dccb60765ef9,Magic Kingdom,352feb94-e52e-45eb-9c92-e4b44c6b1a9d,Pirates of the Caribbean,OPERATING,5,2026-10-08T02:04:13.663Z
2026-10-08T02:08:46.210181+00:00,75ea578a-adc8-4116-a54d-dccb60765ef9,Magic Kingdom,3cba0cb4-e2a6-402c-93ee-c11ffcb127ef,Under the Sea - Journey of The Little Mermaid,OPERATING,5,2026-10-08T02:04:13.610Z
2026-10-08T02:08:46.210181+00:00,75ea578a-adc8-4116-a54d-dccb60765ef9,Magic Kingdom,52ac3730-b955-452a-a7cc-17e3b06182ac,Trick-or-Treat Locations at Mickey's Not-So-Scary Halloween Party,OPERATING,,2022-08-12T04:04:22.537Z
2026-10-08T02:08:46.210181+00:00,75ea578a-adc8-4116-a54d-dccb60765ef9,Magic Kingdom,5a43d1a7-ad53-4d25-abfe-25625f0da304,TRON Lightcycle / Run,OPERATING,65,2026-10-08T02:03:55.506Z
2026-10-08T02:08:46.210181+00:00,75ea578a-adc8-4116-a54d-dccb60765ef9,Magic Kingdom,6fd1e225-53a0-4a80-a577-4bbc9a471075,Walt Disney's Enchanted Tiki Room,OPERATING,10,2026-10-07T13:02:03.469Z
2026-10-08T02:08:46.210181+00:00,75ea578a-adc8-4116-a54d-dccb60765ef9,Magic Kingdom,72c7343a-f7fb-4f66-95df-c91016de7338,Buzz Lightyear’s Space Ranger Spin,OPERATING,15,2026-10-08T01:55:59.447Z
2026-10-08T02:08:46.210181+00:00,75ea578a-adc8-4116-a54d-dccb60765ef9,Magic Kingdom,73cb9445-0695-47a3-87ce-d08ae36b5f3c,Tiana's Bayou Adventure,OPERATING,10,2026-10-08T02:04:13.620Z
2026-10-08T02:08:46.210181+00:00,75ea578a-adc8-4116-a54d-dccb60765ef9,Magic Kingdom,796b0a25-c51e-456e-9bb8-50a324e301b3,Jungle Cruise,OPERATING,5,2026-10-08T01:09:57.031Z
2026-10-08T02:08:46.210181+00:00,75ea578a-adc8-4116-a54d-dccb60765ef9,Magic Kingdom,7c5e1e02-3a44-4151-9005-44066d5ba1da,Mickey's PhilharMagic,OPERATING,15,2026-10-08T01:49:46.581Z
2026-10-08T02:08:46.210181+00:00,75ea578a-adc8-4116-a54d-dccb60765ef9,Magic Kingdom,8183f3f2-1b59-4b9c-b634-6a863bdf8d84,Walt Disney's Carousel of Progress,REFURBISHMENT,,2026-09-04T18:16:27.839Z
2026-10-08T02:08:46.210181+00:00,75ea578a-adc8-4116-a54d-dccb60765ef9,Magic Kingdom,86a41273-5f15-4b54-93b6-829f140e5161,Peter Pan's Flight,OPERATING,25,2026-10-08T01:59:56.414Z
2026-10-08T02:08:46.210181+00:00,75ea578a-adc8-4116-a54d-dccb60765ef9,Magic Kingdom,888fb4a4-7adf-47a1-8ba2-c258cc64fd75,Main Street Vehicles,CLOSED,,2026-10-07T20:00:49.616Z
2026-10-08T02:08:46.210181+00:00,75ea578a-adc8-4116-a54d-dccb60765ef9,Magic Kingdom,890fa430-89c0-4a3f-96c9-11597888005e,Dumbo the Flying Elephant,OPERATING,5,2026-10-08T02:04:13.630Z
2026-10-08T02:08:46.210181+00:00,75ea578a-adc8-4116-a54d-dccb60765ef9,Magic Kingdom,90d79335-c907-4069-a021-d0fe1ec73ae2,Cinderella Castle,OPERATING,,2026-10-07T12:00:04.648Z
2026-10-08T02:08:46.210181+00:00,75ea578a-adc8-4116-a54d-dccb60765ef9,Magic Kingdom,924a3b2c-6b4b-49e5-99d3-e9dc3f2e8a48,The Barnstormer,OPERATING,5,2026-10-08T02:04:13.598Z
2026-10-08T02:08:46.210181+00:00,75ea578a-adc8-4116-a54d-dccb60765ef9,Magic Kingdom,96455de6-f4f1-403c-9391-bf8396979149,The Magic Carpets of Aladdin,OPERATING,5,2026-10-08T02:04:13.687Z
2026-10-08T02:08:46.210181+00:00,75ea578a-adc8-4116-a54d-dccb60765ef9,Magic Kingdom,9d4d5229-7142-44b6-b4fb-528920969a2c,Seven Dwarfs Mine Train,OPERATING,35,2026-10-08T02:00:51.572Z
2026-10-08T02:08:46.210181+00:00,75ea578a-adc8-4116-a54d-dccb60765ef9,Magic Kingdom,b2260923-9315-40fd-9c6b-44dd811dbe64,Space Mountain,OPERATING,15,2026-10-08T02:04:13.676Z
2026-10-08T02:08:46.210181+00:00,75ea578a-adc8-4116-a54d-dccb60765ef9,Magic Kingdom,d9d12438-d999-4482-894b-8955fdb20ccf,Astro Orbiter,OPERATING,5,2026-10-08T01:52:49.792Z
2026-10-08T02:08:46.210181+00:00,75ea578a-adc8-4116-a54d-dccb60765ef9,Magic Kingdom,de3309ca-97d5-4211-bffe-739fed47e92f,Big Thunder Mountain Railroad,OPERATING,30,2026-10-08T02:00:51.581Z
2026-10-08T02:08:46.210181+00:00,75ea578a-adc8-4116-a54d-dccb60765ef9,Magic Kingdom,de737ffc-306b-4f32-8bbb-34e5d370ec8f,A Pirate's Adventure ~ Treasures of the Seven Seas,CLOSED,,2026-10-07T21:00:47.536Z
2026-10-08T02:08:46.210181+00:00,75ea578a-adc8-4116-a54d-dccb60765ef9,Magic Kingdom,e39b831b-7731-49bb-815b-289b4f49a9fd,"Walt Disney World Railroad - Main Street, U.S.A.",REFURBISHMENT,,2026-09-29T20:08:11.998Z
2026-10-08T02:08:46.210181+00:00,75ea578a-adc8-4116-a54d-dccb60765ef9,Magic Kingdom,e40ac396-cbac-43f4-8752-764ed60ccceb,Walt Disney World Railroad - Fantasyland,REFURBISHMENT,,2026-09-29T20:08:11.982Z
2026-10-08T02:08:46.210181+00:00,75ea578a-adc8-4116-a54d-dccb60765ef9,Magic Kingdom,e76c93df-31af-49a5-8e2f-752c76c937c9,Enchanted Tales with Belle,CLOSED,,2026-10-07T23:30:50.412Z
2026-10-08T02:08:46.210181+00:00,75ea578a-adc8-4116-a54d-dccb60765ef9,Magic Kingdom,e8f0b426-7645-4ea3-8b41-b94ae7091a41,"Monsters, Inc. Laugh Floor",CLOSED,,2026-10-08T02:00:51.561Z
2026-10-08T02:08:46.210181+00:00,75ea578a-adc8-4116-a54d-dccb60765ef9,Magic Kingdom,f010bc01-b450-4476-a5f3-a5f2813104b2,Casey Jr. Splash 'N' Soak Station,CLOSED,,2026-10-07T22:00:02.146Z
2026-10-08T02:08:46.210181+00:00,75ea578a-adc8-4116-a54d-dccb60765ef9,Magic Kingdom,f163ddcd-43e1-488d-8276-2381c1db0a39,Tomorrowland Speedway,OPERATING,5,2026-10-08T02:04:13.699Z
2026-10-08T02:08:46.210181+00:00,75ea578a-adc8-4116-a54d-dccb60765ef9,Magic Kingdom,f5aad2d4-a419-4384-bd9a-42f86385c750,"""it's a small world""",OPERATING,10,2026-10-08T02:04:13.641Z
2026-10-08T02:08:46.210181+00:00,75ea578a-adc8-4116-a54d-dccb60765ef9,Magic Kingdom,ffcfeaa2-1416-4920-a1ed-543c1a1695c4,Tomorrowland Transit Authority PeopleMover,OPERATING,5,2026-10-07T23:10:50.165Z
2026-10-08T16:42:17.162337+00:00,75ea578a-adc8-4116-a54d-dccb60765ef9,Magic Kingdom,0aae716c-af13-4439-b638-d75fb1649df3,Mad Tea Party,OPERATING,5,2026-10-08T16:34:51.536Z
2026-10-08T16:42:17.162337+00:00,75ea578a-adc8-4116-a54d-dccb60765ef9,Magic Kingdom,0d94ad60-72f0-4551-83a6-ebaecdd89737,The Many Adventures of Winnie the Pooh,OPERATING,35,2026-10-08T16:35:56.557Z
2026-10-08T16:42:17.162337+00:00,75ea578a-adc8-4116-a54d-dccb60765ef9,Magic Kingdom,0f57cecf-5502-4503-8bc3-ba84d3708ace,Country Bear Musical Jamboree,OPERATING,10,2026-10-08T13:05:51.963Z
2026-10-08T16:42:17.162337+00:00,75ea578a-adc8-4116-a54d-dccb60765ef9,Magic Kingdom,2551a77d-023f-4ab1-9a19-8afec0190f39,Haunted Mansion,OPERATING,25,2026-10-08T16:34:51.592Z
2026-10-08T16:42:17.162337+00:00,75ea578a-adc8-4116-a54d-dccb60765ef9,Magic Kingdom,273ddb8d-e7b5-4e34-8657-1113f49262a5,Prince Charming Regal Carrousel,OPERATING,10,2026-10-08T16:28:08.555Z
2026-10-08T16:42:17.162337+00:00,75ea578a-adc8-4116-a54d-dccb60765ef9,Magic Kingdom,2ebfb38c-5cb5-4de1-86c0-f7af14188022,The Hall of Presidents,OPERATING,15,2026-10-08T15:33:55.663Z
2026-10-08T16:42:17.162337+00:00,75ea578a-adc8-4116-a54d-dccb60765ef9,Magic Kingdom,30fe3c64-af71-4c66-a54b-aa61fd7af177,Swiss Family Treehouse,OPERATING,5,2026-10-08T12:03:57.836Z
2026-10-08T16:42:17.162337+00:00,75ea578a-adc8-4116-a54d-dccb60765ef9,Magic Kingdom,352feb94-e52e-45eb-9c92-e4b44c6b1a9d,Pirates of the Caribbean,OPERATING,10,2026-10-08T16:40:54.153Z
2026-10-08T16:42:17.162337+00:00,75ea578a-adc8-4116-a54d-dccb60765ef9,Magic Kingdom,3cba0cb4-e2a6-402c-93ee-c11ffcb127ef,Under the Sea - Journey of The Little Mermaid,OPERATING,5,2026-10-08T16:40:53.991Z
2026-10-08T16:42:17.162337+00:00,75ea578a-adc8-4116-a54d-dccb60765ef9,Magic Kingdom,52ac3730-b955-452a-a7cc-17e3b06182ac,Trick-or-Treat Locations at Mickey's Not-So-Scary Halloween Party,OPERATING,,2022-08-12T04:04:22.537Z
2026-10-08T16:42:17.162337+00:00,75ea578a-adc8-4116-a54d-dccb60765ef9,Magic Kingdom,5a43d1a7-ad53-4d25-abfe-25625f0da304,TRON Lightcycle / Run,OPERATING,40,2026-10-08T16:31:57.341Z
2026-10-08T16:42:17.162337+00:00,75ea578a-adc8-4116-a54d-dccb60765ef9,Magic Kingdom,6fd1e225-53a0-4a80-a577-4bbc9a471075,Walt Disney's Enchanted Tiki Room,OPERATING,10,2026-10-08T13:29:55.054Z
2026-10-08T16:42:17.162337+00:00,75ea578a-adc8-4116-a54d-dccb60765ef9,Magic Kingdom,72c7343a-f7fb-4f66-95df-c91016de7338,Buzz Lightyear’s Space Ranger Spin,OPERATING,30,2026-10-08T16:33:57.715Z
2026-10-08T16:42:17.162337+00:00,75ea578a-adc8-4116-a54d-dccb60765ef9,Magic Kingdom,73cb9445-0695-47a3-87ce-d08ae36b5f3c,Tiana's Bayou Adventure,OPERATING,10,2026-10-08T16:40:54.072Z
2026-10-08T16:42:17.162337+00:00,75ea578a-adc8-4116-a54d-dccb60765ef9,Magic Kingdom,796b0a25-c51e-456e-9bb8-50a324e301b3,Jungle Cruise,OPERATING,25,2026-10-08T16:39:06.439Z
2026-10-08T16:42:17.162337+00:00,75ea578a-adc8-4116-a54d-dccb60765ef9,Magic Kingdom,7c5e1e02-3a44-4151-9005-44066d5ba1da,Mickey's PhilharMagic,OPERATING,15,2026-10-08T16:40:54.138Z
2026-10-08T16:42:17.162337+00:00,75ea578a-adc8-4116-a54d-dccb60765ef9,Magic Kingdom,8183f3f2-1b59-4b9c-b634-6a863bdf8d84,Walt Disney's Carousel of Progress,REFURBISHMENT,,2026-09-04T18:16:27.839Z
2026-10-08T16:42:17.162337+00:00,75ea578a-adc8-4116-a54d-dccb60765ef9,Magic Kingdom,86a41273-5f15-4b54-93b6-829f140e5161,Peter Pan's Flight,OPERATING,40,2026-10-08T16:35:56.549Z
2026-10-08T16:42:17.162337+00:00,75ea578a-adc8-4116-a54d-dccb60765ef9,Magic Kingdom,888fb4a4-7adf-47a1-8ba2-c258cc64fd75,Main Street Vehicles,OPERATING,,2026-10-08T13:01:00.741Z
2026-10-08T16:42:17.162337+00:00,75ea578a-adc8-4116-a54d-dccb60765ef9,Magic Kingdom,890fa430-89c0-4a3f-96c9-11597888005e,Dumbo the Flying Elephant,OPERATING,25,2026-10-08T16:40:54.099Z
2026-10-08T16:42:17.162337+00:00,75ea578a-adc8-4116-a54d-dccb60765ef9,Magic Kingdom,90d79335-c907-4069-a021-d0fe1ec73ae2,Cinderella Castle,OPERATING,,2026-10-08T12:00:00.920Z
2026-10-08T16:42:17.162337+00:00,75ea578a-adc8-4116-a54d-dccb60765ef9,Magic Kingdom,924a3b2c-6b4b-49e5-99d3-e9dc3f2e8a48,The Barnstormer,OPERATING,10,2026-10-08T16:40:53.983Z
2026-10-08T16:42:17.162337+00:00,75ea578a-adc8-4116-a54d-dccb60765ef9,Magic Kingdom,96455de6-f4f1-403c-9391-bf8396979149,The Magic Carpets of Aladdin,OPERATING,5,2026-10-08T16:34:51.601Z
2026-10-08T16:42:17.162337+00:00,75ea578a-adc8-4116-a54d-dccb60765ef9,Magic Kingdom,9d4d5229-7142-44b6-b4fb-528920969a2c,Seven Dwarfs Mine Train,OPERATING,40,2026-10-08T16:28:53.966Z
2026-10-08T16:42:17.162337+00:00,75ea578a-adc8-4116-a54d-dccb60765ef9,Magic Kingdom,b2260923-9315-40fd-9c6b-44dd811dbe64,Space Mountain,OPERATING,5,2026-10-08T16:40:54.161Z
2026-10-08T16:42:17.162337+00:00,75ea578a-adc8-4116-a54d-dccb60765ef9,Magic Kingdom,d9d12438-d999-4482-894b-8955fdb20ccf,Astro Orbiter,OPERATING,5,2026-10-08T16:32:56.321Z
2026-10-08T16:42:17.162337+00:00,75ea578a-adc8-4116-a54d-dccb60765ef9,Magic Kingdom,de3309ca-97d5-4211-bffe-739fed47e92f,Big Thunder Mountain Railroad,OPERATING,30,2026-10-08T16:34:51.481Z
2026-10-08T16:42:17.162337+00:00,75ea578a-adc8-4116-a54d-dccb60765ef9,Magic Kingdom,de737ffc-306b-4f32-8bbb-34e5d370ec8f,A Pirate's Adventure ~ Treasures of the Seven Seas,OPERATING,,2026-10-08T16:00:57.302Z
2026-10-08T16:42:17.162337+00:00,75ea578a-adc8-4116-a54d-dccb60765ef9,Magic Kingdom,e39b831b-7731-49bb-815b-289b4f49a9fd,"Walt Disney World Railroad - Main Street, U.S.A.",REFURBISHMENT,,2026-09-29T20:08:11.998Z
2026-10-08T16:42:17.162337+00:00,75ea578a-adc8-4116-a54d-dccb60765ef9,Magic Kingdom,e40ac396-cbac-43f4-8752-764ed60ccceb,Walt Disney World Railroad - Fantasyland,REFURBISHMENT,,2026-09-29T20:08:11.982Z
2026-10-08T16:42:17.162337+00:00,75ea578a-adc8-4116-a54d-dccb60765ef9,Magic Kingdom,e76c93df-31af-49a5-8e2f-752c76c937c9,Enchanted Tales with Belle,OPERATING,10,2026-10-08T13:47:04.111Z
2026-10-08T16:42:17.162337+00:00,75ea578a-adc8-4116-a54d-dccb60765ef9,Magic Kingdom,e8f0b426-7645-4ea3-8b41-b94ae7091a41,"Monsters, Inc. Laugh Floor",OPERATING,10,2026-10-08T16:34:51.363Z
2026-10-08T16:42:17.162337+00:00,75ea578a-adc8-4116-a54d-dccb60765ef9,Magic Kingdom,f010bc01-b450-4476-a5f3-a5f2813104b2,Casey Jr. Splash 'N' Soak Station,OPERATING,,2026-10-08T12:00:00.906Z
2026-10-08T16:42:17.162337+00:00,75ea578a-adc8-4116-a54d-dccb60765ef9,Magic Kingdom,f163ddcd-43e1-488d-8276-2381c1db0a39,Tomorrowland Speedway,OPERATING,20,2026-10-08T16:40:54.183Z
2026-10-08T16:42:17.162337+00:00,75ea578a-adc8-4116-a54d-dccb60765ef9,Magic Kingdom,f5aad2d4-a419-4384-bd9a-42f86385c750,"""it's a small world""",OPERATING,10,2026-10-08T16:40:54.110Z
2026-10-08T16:42:17.162337+00:00,75ea578a-adc8-4116-a54d-dccb60765ef9,Magic Kingdom,ffcfeaa2-1416-4920-a1ed-543c1a1695c4,Tomorrowland Transit Authority PeopleMover,OPERATING,5,2026-10-08T11:32:54.128Z
2026-10-08T21:41:07.898511+00:00,75ea578a-adc8-4116-a54d-dccb60765ef9,Magic Kingdom,0aae716c-af13-4439-b638-d75fb1649df3,Mad Tea Party,OPERATING,5,2026-10-08T21:36:43.590Z
2026-10-08T21:41:07.898511+00:00,75ea578a-adc8-4116-a54d-dccb60765ef9,Magic Kingdom,0d94ad60-72f0-4551-83a6-ebaecdd89737,The Many Adventures of Winnie the Pooh,OPERATING,15,2026-10-08T21:39:06.871Z
2026-10-08T21:41:07.898511+00:00,75ea578a-adc8-4116-a54d-dccb60765ef9,Magic Kingdom,0f57cecf-5502-4503-8bc3-ba84d3708ace,Country Bear Musical Jamboree,OPERATING,10,2026-10-08T18:27:41.594Z
2026-10-08T21:41:07.898511+00:00,75ea578a-adc8-4116-a54d-dccb60765ef9,Magic Kingdom,2551a77d-023f-4ab1-9a19-8afec0190f39,Haunted Mansion,OPERATING,25,2026-10-08T21:36:00.352Z
2026-10-08T21:41:07.898511+00:00,75ea578a-adc8-4116-a54d-dccb60765ef9,Magic Kingdom,273ddb8d-e7b5-4e34-8657-1113f49262a5,Prince Charming Regal Carrousel,OPERATING,0,2026-10-08T21:17:02.262Z
2026-10-08T21:41:07.898511+00:00,75ea578a-adc8-4116-a54d-dccb60765ef9,Magic Kingdom,2ebfb38c-5cb5-4de1-86c0-f7af14188022,The Hall of Presidents,OPERATING,15,2026-10-08T15:33:55.663Z
2026-10-08T21:41:07.898511+00:00,75ea578a-adc8-4116-a54d-dccb60765ef9,Magic Kingdom,30fe3c64-af71-4c66-a54b-aa61fd7af177,Swiss Family Treehouse,OPERATING,5,2026-10-08T12:03:57.836Z
2026-10-08T21:41:07.898511+00:00,75ea578a-adc8-4116-a54d-dccb60765ef9,Magic Kingdom,352feb94-e52e-45eb-9c92-e4b44c6b1a9d,Pirates of the Caribbean,OPERATING,10,2026-10-08T21:34:56.711Z
2026-10-08T21:41:07.898511+00:00,75ea578a-adc8-4116-a54d-dccb60765ef9,Magic Kingdom,3cba0cb4-e2a6-402c-93ee-c11ffcb127ef,Under the Sea - Journey of The Little Mermaid,OPERATING,5,2026-10-08T20:51:48.855Z
2026-10-08T21:41:07.898511+00:00,75ea578a-adc8-4116-a54d-dccb60765ef9,Magic Kingdom,52ac3730-b955-452a-a7cc-17e3b06182ac,Trick-or-Treat Locations at Mickey's Not-So-Scary Halloween Party,OPERATING,,2022-08-12T04:04:22.537Z
2026-10-08T21:41:07.898511+00:00,75ea578a-adc8-4116-a54d-dccb60765ef9,Magic Kingdom,5a43d1a7-ad53-4d25-abfe-25625f0da304,TRON Lightcycle / Run,OPERATING,50,2026-10-08T21:34:56.694Z
2026-10-08T21:41:07.898511+00:00,75ea578a-adc8-4116-a54d-dccb60765ef9,Magic Kingdom,6fd1e225-53a0-4a80-a577-4bbc9a471075,Walt Disney's Enchanted Tiki Room,OPERATING,10,2026-10-08T13:29:55.054Z
2026-10-08T21:41:07.898511+00:00,75ea578a-adc8-4116-a54d-dccb60765ef9,Magic Kingdom,72c7343a-f7fb-4f66-95df-c91016de7338,Buzz Lightyear’s Space Ranger Spin,OPERATING,30,2026-10-08T21:39:06.852Z
2026-10-08T21:41:07.898511+00:00,75ea578a-adc8-4116-a54d-dccb60765ef9,Magic Kingdom,73cb9445-0695-47a3-87ce-d08ae36b5f3c,Tiana's Bayou Adventure,OPERATING,20,2026-10-08T21:37:57.993Z
2026-10-08T21:41:07.898511+00:00,75ea578a-adc8-4116-a54d-dccb60765ef9,Magic Kingdom,796b0a25-c51e-456e-9bb8-50a324e301b3,Jungle Cruise,OPERATING,30,2026-10-08T21:36:00.337Z
2026-10-08T21:41:07.898511+00:00,75ea578a-adc8-4116-a54d-dccb60765ef9,Magic Kingdom,7c5e1e02-3a44-4151-9005-44066d5ba1da,Mickey's PhilharMagic,OPERATING,15,2026-10-08T21:17:02.283Z
2026-10-08T21:41:07.898511+00:00,75ea578a-adc8-4116-a54d-dccb60765ef9,Magic Kingdom,8183f3f2-1b59-4b9c-b634-6a863bdf8d84,Walt Disney's Carousel of Progress,REFURBISHMENT,,2026-09-04T18:16:27.839Z
2026-10-08T21:41:07.898511+00:00,75ea578a-adc8-4116-a54d-dccb60765ef9,Magic Kingdom,86a41273-5f15-4b54-93b6-829f140e5161,Peter Pan's Flight,OPERATING,40,2026-10-08T21:39:06.862Z
2026-10-08T21:41:07.898511+00:00,75ea578a-adc8-4116-a54d-dccb60765ef9,Magic Kingdom,888fb4a4-7adf-47a1-8ba2-c258cc64fd75,Main Street Vehicles,CLOSED,,2026-10-08T20:01:02.233Z
2026-10-08T21:41:07.898511+00:00,75ea578a-adc8-4116-a54d-dccb60765ef9,Magic Kingdom,890fa430-89c0-4a3f-96c9-11597888005e,Dumbo the Flying Elephant,OPERATING,25,2026-10-08T21:02:58.660Z
2026-10-08T21:41:07.898511+00:00,75ea578a-adc8-4116-a54d-dccb60765ef9,Magic Kingdom,90d79335-c907-4069-a021-d0fe1ec73ae2,Cinderella Castle,OPERATING,,2026-10-08T12:00:00.920Z
2026-10-08T21:41:07.898511+00:00,75ea578a-adc8-4116-a54d-dccb60765ef9,Magic Kingdom,924a3b2c-6b4b-49e5-99d3-e9dc3f2e8a48,The Barnstormer,OPERATING,25,2026-10-08T21:37:01.017Z
2026-10-08T21:41:07.898511+00:00,75ea578a-adc8-4116-a54d-dccb60765ef9,Magic Kingdom,96455de6-f4f1-403c-9391-bf8396979149,The Magic Carpets of Aladdin,OPERATING,10,2026-10-08T21:28:02.145Z
2026-10-08T21:41:07.898511+00:00,75ea578a-adc8-4116-a54d-dccb60765ef9,Magic Kingdom,9d4d5229-7142-44b6-b4fb-528920969a2c,Seven Dwarfs Mine Train,OPERATING,40,2026-10-08T21:09:01.566Z
2026-10-08T21:41:07.898511+00:00,75ea578a-adc8-4116-a54d-dccb60765ef9,Magic Kingdom,b2260923-9315-40fd-9c6b-44dd811dbe64,Space Mountain,OPERATING,30,2026-10-08T21:28:02.129Z
2026-10-08T21:41:07.898511+00:00,75ea578a-adc8-4116-a54d-dccb60765ef9,Magic Kingdom,d9d12438-d999-4482-894b-8955fdb20ccf,Astro Orbiter,OPERATING,35,2026-10-08T21:15:00.152Z
2026-10-08T21:41:07.898511+00:00,75ea578a-adc8-4116-a54d-dccb60765ef9,Magic Kingdom,de3309ca-97d5-4211-bffe-739fed47e92f,Big Thunder Mountain Railroad,OPERATING,30,2026-10-08T21:40:02.028Z
2026-10-08T21:41:07.898511+00:00,75ea578a-adc8-4116-a54d-dccb60765ef9,Magic Kingdom,de737ffc-306b-4f32-8bbb-34e5d370ec8f,A Pirate's Adventure ~ Treasures of the Seven Seas,CLOSED,,2026-10-08T21:01:01.489Z
2026-10-08T21:41:07.898511+00:00,75ea578a-adc8-4116-a54d-dccb60765ef9,Magic Kingdom,e39b831b-7731-49bb-815b-289b4f49a9fd,"Walt Disney World Railroad - Main Street, U.S.A.",REFURBISHMENT,,2026-09-29T20:08:11.998Z
2026-10-08T21:41:07.898511+00:00,75ea578a-adc8-4116-a54d-dccb60765ef9,Magic Kingdom,e40ac396-cbac-43f4-8752-764ed60ccceb,Walt Disney World Railroad - Fantasyland,REFURBISHMENT,,2026-09-29T20:08:11.982Z
2026-10-08T21:41:07.898511+00:00,75ea578a-adc8-4116-a54d-dccb60765ef9,Magic Kingdom,e76c93df-31af-49a5-8e2f-752c76c937c9,Enchanted Tales with Belle,CLOSED,,2026-10-08T21:30:57.077Z
2026-10-08T21:41:07.898511+00:00,75ea578a-adc8-4116-a54d-dccb60765ef9,Magic Kingdom,e8f0b426-7645-4ea3-8b41-b94ae7091a41,"Monsters, Inc. Laugh Floor",OPERATING,10,2026-10-08T20:46:05.402Z
2026-10-08T21:41:07.898511+00:00,75ea578a-adc8-4116-a54d-dccb60765ef9,Magic Kingdom,f010bc01-b450-4476-a5f3-a5f2813104b2,Casey Jr. Splash 'N' Soak Station,OPERATING,,2026-10-08T12:00:00.906Z
2026-10-08T21:41:07.898511+00:00,75ea578a-adc8-4116-a54d-dccb60765ef9,Magic Kingdom,f163ddcd-43e1-488d-8276-2381c1db0a39,Tomorrowland Speedway,OPERATING,5,2026-10-08T21:37:01.036Z
2026-10-08T21:41:07.898511+00:00,75ea578a-adc8-4116-a54d-dccb60765ef9,Magic Kingdom,f5aad2d4-a419-4384-bd9a-42f86385c750,"""it's a small world""",OPERATING,10,2026-10-08T21:37:58.001Z
2026-10-08T21:41:07.898511+00:00,75ea578a-adc8-4116-a54d-dccb60765ef9,Magic Kingdom,ffcfeaa2-1416-4920-a1ed-543c1a1695c4,Tomorrowland Transit Authority PeopleMover,OPERATING,5,2026-10-08T11:32:54.128Z
2026-10-09T01:35:56.517738+00:00,75ea578a-adc8-4116-a54d-dccb60765ef9,Magic Kingdom,0aae716c-af13-4439-b638-d75fb1649df3,Mad Tea Party,OPERATING,10,2026-10-09T01:34:58.619Z
2026-10-09T01:35:56.517738+00:00,75ea578a-adc8-4116-a54d-dccb60765ef9,Magic Kingdom,0d94ad60-72f0-4551-83a6-ebaecdd89737,The Many Adventures of Winnie the Pooh,OPERATING,15,2026-10-09T01:11:59.085Z
2026-10-09T01:35:56.517738+00:00,75ea578a-adc8-4116-a54d-dccb60765ef9,Magic Kingdom,0f57cecf-5502-4503-8bc3-ba84d3708ace,Country Bear Musical Jamboree,CLOSED,,2026-10-08T22:01:04.608Z
2026-10-09T01:35:56.517738+00:00,75ea578a-adc8-4116-a54d-dccb60765ef9,Magic Kingdom,2551a77d-023f-4ab1-9a19-8afec0190f39,Haunted Mansion,OPERATING,15,2026-10-09T01:27:00.288Z
2026-10-09T01:35:56.517738+00:00,75ea578a-adc8-4116-a54d-dccb60765ef9,Magic Kingdom,273ddb8d-e7b5-4e34-8657-1113f49262a5,Prince Charming Regal Carrousel,OPERATING,0,2026-10-08T22:31:01.574Z
2026-10-09T01:35:56.517738+00:00,75ea578a-adc8-4116-a54d-dccb60765ef9,Magic Kingdom,2ebfb38c-5cb5-4de1-86c0-f7af14188022,The Hall of Presidents,CLOSED,,2026-10-08T22:01:04.619Z
2026-10-09T01:35:56.517738+00:00,75ea578a-adc8-4116-a54d-dccb60765ef9,Magic Kingdom,30fe3c64-af71-4c66-a54b-aa61fd7af177,Swiss Family Treehouse,OPERATING,5,2026-10-08T22:31:01.772Z
2026-10-09T01:35:56.517738+00:00,75ea578a-adc8-4116-a54d-dccb60765ef9,Magic Kingdom,352feb94-e52e-45eb-9c92-e4b44c6b1a9d,Pirates of the Caribbean,OPERATING,5,2026-10-08T22:58:04.856Z
2026-10-09T01:35:56.517738+00:00,75ea578a-adc8-4116-a54d-dccb60765ef9,Magic Kingdom,3cba0cb4-e2a6-402c-93ee-c11ffcb127ef,Under the Sea - Journey of The Little Mermaid,OPERATING,5,2026-10-09T01:14:24.111Z
2026-10-09T01:35:56.517738+00:00,75ea578a-adc8-4116-a54d-dccb60765ef9,Magic Kingdom,52ac3730-b955-452a-a7cc-17e3b06182ac,Trick-or-Treat Locations at Mickey's Not-So-Scary Halloween Party,OPERATING,,2022-08-12T04:04:22.537Z
2026-10-09T01:35:56.517738+00:00,75ea578a-adc8-4116-a54d-dccb60765ef9,Magic Kingdom,5a43d1a7-ad53-4d25-abfe-25625f0da304,TRON Lightcycle / Run,OPERATING,55,2026-10-09T01:27:00.232Z
2026-10-09T01:35:56.517738+00:00,75ea578a-adc8-4116-a54d-dccb60765ef9,Magic Kingdom,6fd1e225-53a0-4a80-a577-4bbc9a471075,Walt Disney's Enchanted Tiki Room,CLOSED,,2026-10-08T22:01:04.051Z
2026-10-09T01:35:56.517738+00:00,75ea578a-adc8-4116-a54d-dccb60765ef9,Magic Kingdom,72c7343a-f7fb-4f66-95df-c91016de7338,Buzz Lightyear’s Space Ranger Spin,OPERATING,15,2026-10-09T01:00:00.950Z
2026-10-09T01:35:56.517738+00:00,75ea578a-adc8-4116-a54d-dccb60765ef9,Magic Kingdom,73cb9445-0695-47a3-87ce-d08ae36b5f3c,Tiana's Bayou Adventure,OPERATING,5,2026-10-08T23:09:02.040Z
2026-10-09T01:35:56.517738+00:00,75ea578a-adc8-4116-a54d-dccb60765ef9,Magic Kingdom,796b0a25-c51e-456e-9bb8-50a324e301b3,Jungle Cruise,OPERATING,5,2026-10-09T01:27:00.280Z
2026-10-09T01:35:56.517738+00:00,75ea578a-adc8-4116-a54d-dccb60765ef9,Magic Kingdom,7c5e1e02-3a44-4151-9005-44066d5ba1da,Mickey's PhilharMagic,CLOSED,,2026-10-08T22:00:19.622Z
2026-10-09T01:35:56.517738+00:00,75ea578a-adc8-4116-a54d-dccb60765ef9,Magic Kingdom,8183f3f2-1b59-4b9c-b634-6a863bdf8d84,Walt Disney's Carousel of Progress,REFURBISHMENT,,2026-09-04T18:16:27.839Z
2026-10-09T01:35:56.517738+00:00,75ea578a-adc8-4116-a54d-dccb60765ef9,Magic Kingdom,86a41273-5f15-4b54-93b6-829f140e5161,Peter Pan's Flight,OPERATING,20,2026-10-09T01:30:10.969Z
2026-10-09T01:35:56.517738+00:00,75ea578a-adc8-4116-a54d-dccb60765ef9,Magic Kingdom,888fb4a4-7adf-47a1-8ba2-c258cc64fd75,Main Street Vehicles,CLOSED,,2026-10-08T20:01:02.233Z
2026-10-09T01:35:56.517738+00:00,75ea578a-adc8-4116-a54d-dccb60765ef9,Magic Kingdom,890fa430-89c0-4a3f-96c9-11597888005e,Dumbo the Flying Elephant,OPERATING,5,2026-10-08T23:23:02.165Z
2026-10-09T01:35:56.517738+00:00,75ea578a-adc8-4116-a54d-dccb60765ef9,Magic Kingdom,90d79335-c907-4069-a021-d0fe1ec73ae2,Cinderella Castle,CLOSED,,2026-10-08T22:00:25.505Z
2026-10-09T01:35:56.517738+00:00,75ea578a-adc8-4116-a54d-dccb60765ef9,Magic Kingdom,924a3b2c-6b4b-49e5-99d3-e9dc3f2e8a48,The Barnstormer,OPERATING,5,2026-10-08T23:16:06.040Z
2026-10-09T01:35:56.517738+00:00,75ea578a-adc8-4116-a54d-dccb60765ef9,Magic Kingdom,96455de6-f4f1-403c-9391-bf8396979149,The Magic Carpets of Aladdin,OPERATING,5,2026-10-08T22:31:01.806Z
2026-10-09T01:35:56.517738+00:00,75ea578a-adc8-4116-a54d-dccb60765ef9,Magic Kingdom,9d4d5229-7142-44b6-b4fb-528920969a2c,Seven Dwarfs Mine Train,OPERATING,30,2026-10-09T01:33:03.077Z
2026-10-09T01:35:56.517738+00:00,75ea578a-adc8-4116-a54d-dccb60765ef9,Magic Kingdom,b2260923-9315-40fd-9c6b-44dd811dbe64,Space Mountain,OPERATING,25,2026-10-09T01:34:03.211Z
2026-10-09T01:35:56.517738+00:00,75ea578a-adc8-4116-a54d-dccb60765ef9,Magic Kingdom,d9d12438-d999-4482-894b-8955fdb20ccf,Astro Orbiter,OPERATING,0,2026-10-09T00:38:03.103Z
2026-10-09T01:35:56.517738+00:00,75ea578a-adc8-4116-a54d-dccb60765ef9,Magic Kingdom,de3309ca-97d5-4211-bffe-739fed47e92f,Big Thunder Mountain Railroad,OPERATING,5,2026-10-08T23:07:07.312Z
2026-10-09T01:35:56.517738+00:00,75ea578a-adc8-4116-a54d-dccb60765ef9,Magic Kingdom,de737ffc-306b-4f32-8bbb-34e5d370ec8f,A Pirate's Adventure ~ Treasures of the Seven Seas,CLOSED,,2026-10-08T21:01:01.489Z
2026-10-09T01:35:56.517738+00:00,75ea578a-adc8-4116-a54d-dccb60765ef9,Magic Kingdom,e39b831b-7731-49bb-815b-289b4f49a9fd,"Walt Disney World Railroad - Main Street, U.S.A.",REFURBISHMENT,,2026-09-29T20:08:11.998Z
2026-10-09T01:35:56.517738+00:00,75ea578a-adc8-4116-a54d-dccb60765ef9,Magic Kingdom,e40ac396-cbac-43f4-8752-764ed60ccceb,Walt Disney World Railroad - Fantasyland,REFURBISHMENT,,2026-09-29T20:08:11.982Z
2026-10-09T01:35:56.517738+00:00,75ea578a-adc8-4116-a54d-dccb60765ef9,Magic Kingdom,e76c93df-31af-49a5-8e2f-752c76c937c9,Enchanted Tales with Belle,CLOSED,,2026-10-08T22:00:25.515Z
2026-10-09T01:35:56.517738+00:00,75ea578a-adc8-4116-a54d-dccb60765ef9,Magic Kingdom,e8f0b426-7645-4ea3-8b41-b94ae7091a41,"Monsters, Inc. Laugh Floor",CLOSED,,2026-10-08T22:01:03.977Z
2026-10-09T01:35:56.517738+00:00,75ea578a-adc8-4116-a54d-dccb60765ef9,Magic Kingdom,f010bc01-b450-4476-a5f3-a5f2813104b2,Casey Jr. Splash 'N' Soak Station,CLOSED,,2026-10-08T22:00:25.496Z
2026-10-09T01:35:56.517738+00:00,75ea578a-adc8-4116-a54d-dccb60765ef9,Magic Kingdom,f163ddcd-43e1-488d-8276-2381c1db0a39,Tomorrowland Speedway,OPERATING,10,2026-10-09T01:29:01.508Z
2026-10-09T01:35:56.517738+00:00,75ea578a-adc8-4116-a54d-dccb60765ef9,Magic Kingdom,f5aad2d4-a419-4384-bd9a-42f86385c750,"""it's a small world""",OPERATING,5,2026-10-08T22:31:01.617Z
2026-10-09T01:35:56.517738+00:00,75ea578a-adc8-4116-a54d-dccb60765ef9,Magic Kingdom,ffcfeaa2-1416-4920-a1ed-543c1a1695c4,Tomorrowland Transit Authority PeopleMover,OPERATING,0,2026-10-09T00:49:07.206Z
2026-10-09T15:26:08.340501+00:00,75ea578a-adc8-4116-a54d-dccb60765ef9,Magic Kingdom,0aae716c-af13-4439-b638-d75fb1649df3,Mad Tea Party,OPERATING,20,2026-10-09T15:23:15.752Z
2026-10-09T15:26:08.340501+00:00,75ea578a-adc8-4116-a54d-dccb60765ef9,Magic Kingdom,0d94ad60-72f0-4551-83a6-ebaecdd89737,The Many Adventures of Winnie the Pooh,OPERATING,30,2026-10-09T15:23:15.760Z
2026-10-09T15:26:08.340501+00:00,75ea578a-adc8-4116-a54d-dccb60765ef9,Magic Kingdom,0f57cecf-5502-4503-8bc3-ba84d3708ace,Country Bear Musical Jamboree,OPERATING,10,2026-10-09T13:16:10.431Z
2026-10-09T15:26:08.340501+00:00,75ea578a-adc8-4116-a54d-dccb60765ef9,Magic Kingdom,2551a77d-023f-4ab1-9a19-8afec0190f39,Haunted Mansion,OPERATING,35,2026-10-09T14:49:41.167Z
2026-10-09T15:26:08.340501+00:00,75ea578a-adc8-4116-a54d-dccb60765ef9,Magic Kingdom,273ddb8d-e7b5-4e34-8657-1113f49262a5,Prince Charming Regal Carrousel,OPERATING,5,2026-10-09T14:41:05.684Z
2026-10-09T15:26:08.340501+00:00,75ea578a-adc8-4116-a54d-dccb60765ef9,Magic Kingdom,2ebfb38c-5cb5-4de1-86c0-f7af14188022,The Hall of Presidents,OPERATING,15,2026-10-09T13:17:05.592Z
2026-10-09T15:26:08.340501+00:00,75ea578a-adc8-4116-a54d-dccb60765ef9,Magic Kingdom,30fe3c64-af71-4c66-a54b-aa61fd7af177,Swiss Family Treehouse,OPERATING,5,2026-10-09T12:46:24.168Z
2026-10-09T15:26:08.340501+00:00,75ea578a-adc8-4116-a54d-dccb60765ef9,Magic Kingdom,352feb94-e52e-45eb-9c92-e4b44c6b1a9d,Pirates of the Caribbean,OPERATING,25,2026-10-09T15:24:56.167Z
2026-10-09T15:26:08.340501+00:00,75ea578a-adc8-4116-a54d-dccb60765ef9,Magic Kingdom,3cba0cb4-e2a6-402c-93ee-c11ffcb127ef,Under the Sea - Journey of The Little Mermaid,OPERATING,20,2026-10-09T15:24:56.053Z
2026-10-09T15:26:08.340501+00:00,75ea578a-adc8-4116-a54d-dccb60765ef9,Magic Kingdom,52ac3730-b955-452a-a7cc-17e3b06182ac,Trick-or-Treat Locations at Mickey's Not-So-Scary Halloween Party,OPERATING,,2022-08-12T04:04:22.537Z
2026-10-09T15:26:08.340501+00:00,75ea578a-adc8-4116-a54d-dccb60765ef9,Magic Kingdom,5a43d1a7-ad53-4d25-abfe-25625f0da304,TRON Lightcycle / Run,DOWN,,2026-10-09T15:07:02.652Z
2026-10-09T15:26:08.340501+00:00,75ea578a-adc8-4116-a54d-dccb60765ef9,Magic Kingdom,6fd1e225-53a0-4a80-a577-4bbc9a471075,Walt Disney's Enchanted Tiki Room,OPERATING,10,2026-10-09T13:01:10.666Z
2026-10-09T15:26:08.340501+00:00,75ea578a-adc8-4116-a54d-dccb60765ef9,Magic Kingdom,72c7343a-f7fb-4f66-95df-c91016de7338,Buzz Lightyear’s Space Ranger Spin,OPERATING,45,2026-10-09T15:10:06.539Z
2026-10-09T15:26:08.340501+00:00,75ea578a-adc8-4116-a54d-dccb60765ef9,Magic Kingdom,73cb9445-0695-47a3-87ce-d08ae36b5f3c,Tiana's Bayou Adventure,OPERATING,35,2026-10-09T15:18:07.582Z
2026-10-09T15:26:08.340501+00:00,75ea578a-adc8-4116-a54d-dccb60765ef9,Magic Kingdom,796b0a25-c51e-456e-9bb8-50a324e301b3,Jungle Cruise,OPERATING,40,2026-10-09T15:24:56.126Z
2026-10-09T15:26:08.340501+00:00,75ea578a-adc8-4116-a54d-dccb60765ef9,Magic Kingdom,7c5e1e02-3a44-4151-9005-44066d5ba1da,Mickey's PhilharMagic,OPERATING,10,2026-10-09T15:24:56.151Z
2026-10-09T15:26:08.340501+00:00,75ea578a-adc8-4116-a54d-dccb60765ef9,Magic Kingdom,8183f3f2-1b59-4b9c-b634-6a863bdf8d84,Walt Disney's Carousel of Progress,REFURBISHMENT,,2026-09-04T18:16:27.839Z
2026-10-09T15:26:08.340501+00:00,75ea578a-adc8-4116-a54d-dccb60765ef9,Magic Kingdom,86a41273-5f15-4b54-93b6-829f140e5161,Peter Pan's Flight,OPERATING,40,2026-10-09T15:09:10.187Z
2026-10-09T15:26:08.340501+00:00,75ea578a-adc8-4116-a54d-dccb60765ef9,Magic Kingdom,888fb4a4-7adf-47a1-8ba2-c258cc64fd75,Main Street Vehicles,OPERATING,,2026-10-09T13:01:10.793Z
2026-10-09T15:26:08.340501+00:00,75ea578a-adc8-4116-a54d-dccb60765ef9,Magic Kingdom,890fa430-89c0-4a3f-96c9-11597888005e,Dumbo the Flying Elephant,OPERATING,20,2026-10-09T15:24:56.109Z
2026-10-09T15:26:08.340501+00:00,75ea578a-adc8-4116-a54d-dccb60765ef9,Magic Kingdom,90d79335-c907-4069-a021-d0fe1ec73ae2,Cinderella Castle,OPERATING,,2026-10-09T12:00:02.747Z
2026-10-09T15:26:08.340501+00:00,75ea578a-adc8-4116-a54d-dccb60765ef9,Magic Kingdom,924a3b2c-6b4b-49e5-99d3-e9dc3f2e8a48,The Barnstormer,OPERATING,25,2026-10-09T15:24:56.043Z
2026-10-09T15:26:08.340501+00:00,75ea578a-adc8-4116-a54d-dccb60765ef9,Magic Kingdom,96455de6-f4f1-403c-9391-bf8396979149,The Magic Carpets of Aladdin,OPERATING,20,2026-10-09T15:24:56.200Z
2026-10-09T15:26:08.340501+00:00,75ea578a-adc8-4116-a54d-dccb60765ef9,Magic Kingdom,9d4d5229-7142-44b6-b4fb-528920969a2c,Seven Dwarfs Mine Train,DOWN,,2026-10-09T14:52:59.236Z
2026-10-09T15:26:08.340501+00:00,75ea578a-adc8-4116-a54d-dccb60765ef9,Magic Kingdom,b2260923-9315-40fd-9c6b-44dd811dbe64,Space Mountain,OPERATING,30,2026-10-09T15:24:56.176Z
2026-10-09T15:26:08.340501+00:00,75ea578a-adc8-4116-a54d-dccb60765ef9,Magic Kingdom,d9d12438-d999-4482-894b-8955fdb20ccf,Astro Orbiter,OPERATING,30,2026-10-09T15:17:15.982Z
2026-10-09T15:26:08.340501+00:00,75ea578a-adc8-4116-a54d-dccb60765ef9,Magic Kingdom,de3309ca-97d5-4211-bffe-739fed47e92f,Big Thunder Mountain Railroad,OPERATING,15,2026-10-09T15:19:17.760Z
2026-10-09T15:26:08.340501+00:00,75ea578a-adc8-4116-a54d-dccb60765ef9,Magic Kingdom,de737ffc-306b-4f32-8bbb-34e5d370ec8f,A Pirate's Adventure ~ Treasures of the Seven Seas,CLOSED,,2026-10-08T21:01:01.489Z
2026-10-09T15:26:08.340501+00:00,75ea578a-adc8-4116-a54d-dccb60765ef9,Magic Kingdom,e39b831b-7731-49bb-815b-289b4f49a9fd,"Walt Disney World Railroad - Main Street, U.S.A.",REFURBISHMENT,,2026-09-29T20:08:11.998Z
2026-10-09T15:26:08.340501+00:00,75ea578a-adc8-4116-a54d-dccb60765ef9,Magic Kingdom,e40ac396-cbac-43f4-8752-764ed60ccceb,Walt Disney World Railroad - Fantasyland,REFURBISHMENT,,2026-09-29T20:08:11.982Z
2026-10-09T15:26:08.340501+00:00,75ea578a-adc8-4116-a54d-dccb60765ef9,Magic Kingdom,e76c93df-31af-49a5-8e2f-752c76c937c9,Enchanted Tales with Belle,OPERATING,35,2026-10-09T15:20:06.492Z
2026-10-09T15:26:08.340501+00:00,75ea578a-adc8-4116-a54d-dccb60765ef9,Magic Kingdom,e8f0b426-7645-4ea3-8b41-b94ae7091a41,"Monsters, Inc. Laugh Floor",OPERATING,10,2026-10-09T15:24:56.032Z
2026-10-09T15:26:08.340501+00:00,75ea578a-adc8-4116-a54d-dccb60765ef9,Magic Kingdom,f010bc01-b450-4476-a5f3-a5f2813104b2,Casey Jr. Splash 'N' Soak Station,OPERATING,,2026-10-09T12:00:02.298Z
2026-10-09T15:26:08.340501+00:00,75ea578a-adc8-4116-a54d-dccb60765ef9,Magic Kingdom,f163ddcd-43e1-488d-8276-2381c1db0a39,Tomorrowland Speedway,OPERATING,20,2026-10-09T15:24:56.208Z
2026-10-09T15:26:08.340501+00:00,75ea578a-adc8-4116-a54d-dccb60765ef9,Magic Kingdom,f5aad2d4-a419-4384-bd9a-42f86385c750,"""it's a small world""",OPERATING,15,2026-10-09T15:18:25.564Z
2026-10-09T15:26:08.340501+00:00,75ea578a-adc8-4116-a54d-dccb60765ef9,Magic Kingdom,ffcfeaa2-1416-4920-a1ed-543c1a1695c4,Tomorrowland Transit Authority PeopleMover,OPERATING,5,2026-10-09T12:12:33.397Z
2026-10-09T20:12:06.991711+00:00,75ea578a-adc8-4116-a54d-dccb60765ef9,Magic Kingdom,0aae716c-af13-4439-b638-d75fb1649df3,Mad Tea Party,OPERATING,10,2026-10-09T20:08:14.667Z
2026-10-09T20:12:06.991711+00:00,75ea578a-adc8-4116-a54d-dccb60765ef9,Magic Kingdom,0d94ad60-72f0-4551-83a6-ebaecdd89737,The Many Adventures of Winnie the Pooh,OPERATING,35,2026-10-09T20:08:14.677Z
2026-10-09T20:12:06.991711+00:00,75ea578a-adc8-4116-a54d-dccb60765ef9,Magic Kingdom,0f57cecf-5502-4503-8bc3-ba84d3708ace,Country Bear Musical Jamboree,DOWN,,2026-10-09T18:41:36.764Z
2026-10-09T20:12:06.991711+00:00,75ea578a-adc8-4116-a54d-dccb60765ef9,Magic Kingdom,2551a77d-023f-4ab1-9a19-8afec0190f39,Haunted Mansion,OPERATING,30,2026-10-09T19:55:08.069Z
2026-10-09T20:12:06.991711+00:00,75ea578a-adc8-4116-a54d-dccb60765ef9,Magic Kingdom,273ddb8d-e7b5-4e34-8657-1113f49262a5,Prince Charming Regal Carrousel,OPERATING,10,2026-10-09T19:44:13.870Z
2026-10-09T20:12:06.991711+00:00,75ea578a-adc8-4116-a54d-dccb60765ef9,Magic Kingdom,2ebfb38c-5cb5-4de1-86c0-f7af14188022,The Hall of Presidents,OPERATING,15,2026-10-09T13:17:05.592Z
2026-10-09T20:12:06.991711+00:00,75ea578a-adc8-4116-a54d-dccb60765ef9,Magic Kingdom,30fe3c64-af71-4c66-a54b-aa61fd7af177,Swiss Family Treehouse,OPERATING,5,2026-10-09T12:46:24.168Z
2026-10-09T20:12:06.991711+00:00,75ea578a-adc8-4116-a54d-dccb60765ef9,Magic Kingdom,352feb94-e52e-45eb-9c92-e4b44c6b1a9d,Pirates of the Caribbean,OPERATING,20,2026-10-09T19:57:09.904Z
2026-10-09T20:12:06.991711+00:00,75ea578a-adc8-4116-a54d-dccb60765ef9,Magic Kingdom,3cba0cb4-e2a6-402c-93ee-c11ffcb127ef,Under the Sea - Journey of The Little Mermaid,OPERATING,10,2026-10-09T20:08:14.648Z
2026-10-09T20:12:06.991711+00:00,75ea578a-adc8-4116-a54d-dccb60765ef9,Magic Kingdom,52ac3730-b955-452a-a7cc-17e3b06182ac,Trick-or-Treat Locations at Mickey's Not-So-Scary Halloween Party,OPERATING,,2022-08-12T04:04:22.537Z
2026-10-09T20:12:06.991711+00:00,75ea578a-adc8-4116-a54d-dccb60765ef9,Magic Kingdom,5a43d1a7-ad53-4d25-abfe-25625f0da304,TRON Lightcycle / Run,OPERATING,65,2026-10-09T20:05:14.621Z
2026-10-09T20:12:06.991711+00:00,75ea578a-adc8-4116-a54d-dccb60765ef9,Magic Kingdom,6fd1e225-53a0-4a80-a577-4bbc9a471075,Walt Disney's Enchanted Tiki Room,OPERATING,10,2026-10-09T13:01:10.666Z
2026-10-09T20:12:06.991711+00:00,75ea578a-adc8-4116-a54d-dccb60765ef9,Magic Kingdom,72c7343a-f7fb-4f66-95df-c91016de7338,Buzz Lightyear’s Space Ranger Spin,OPERATING,45,2026-10-09T20:06:14.040Z
2026-10-09T20:12:06.991711+00:00,75ea578a-adc8-4116-a54d-dccb60765ef9,Magic Kingdom,73cb9445-0695-47a3-87ce-d08ae36b5f3c,Tiana's Bayou Adventure,OPERATING,25,2026-10-09T20:06:14.031Z
2026-10-09T20:12:06.991711+00:00,75ea578a-adc8-4116-a54d-dccb60765ef9,Magic Kingdom,796b0a25-c51e-456e-9bb8-50a324e301b3,Jungle Cruise,OPERATING,40,2026-10-09T20:11:10.544Z
2026-10-09T20:12:06.991711+00:00,75ea578a-adc8-4116-a54d-dccb60765ef9,Magic Kingdom,7c5e1e02-3a44-4151-9005-44066d5ba1da,Mickey's PhilharMagic,OPERATING,10,2026-10-09T20:06:59.150Z
2026-10-09T20:12:06.991711+00:00,75ea578a-adc8-4116-a54d-dccb60765ef9,Magic Kingdom,8183f3f2-1b59-4b9c-b634-6a863bdf8d84,Walt Disney's Carousel of Progress,REFURBISHMENT,,2026-09-04T18:16:27.839Z
2026-10-09T20:12:06.991711+00:00,75ea578a-adc8-4116-a54d-dccb60765ef9,Magic Kingdom,86a41273-5f15-4b54-93b6-829f140e5161,Peter Pan's Flight,OPERATING,50,2026-10-09T19:54:29.685Z
2026-10-09T20:12:06.991711+00:00,75ea578a-adc8-4116-a54d-dccb60765ef9,Magic Kingdom,888fb4a4-7adf-47a1-8ba2-c258cc64fd75,Main Street Vehicles,CLOSED,,2026-10-09T20:00:07.183Z
2026-10-09T20:12:06.991711+00:00,75ea578a-adc8-4116-a54d-dccb60765ef9,Magic Kingdom,890fa430-89c0-4a3f-96c9-11597888005e,Dumbo the Flying Elephant,OPERATING,15,2026-10-09T20:06:59.096Z
2026-10-09T20:12:06.991711+00:00,75ea578a-adc8-4116-a54d-dccb60765ef9,Magic Kingdom,90d79335-c907-4069-a021-d0fe1ec73ae2,Cinderella Castle,OPERATING,,2026-10-09T12:00:02.747Z
2026-10-09T20:12:06.991711+00:00,75ea578a-adc8-4116-a54d-dccb60765ef9,Magic Kingdom,924a3b2c-6b4b-49e5-99d3-e9dc3f2e8a48,The Barnstormer,DOWN,,2026-10-09T20:03:44.150Z
2026-10-09T20:12:06.991711+00:00,75ea578a-adc8-4116-a54d-dccb60765ef9,Magic Kingdom,96455de6-f4f1-403c-9391-bf8396979149,The Magic Carpets of Aladdin,OPERATING,5,2026-10-09T19:51:08.512Z
2026-10-09T20:12:06.991711+00:00,75ea578a-adc8-4116-a54d-dccb60765ef9,Magic Kingdom,9d4d5229-7142-44b6-b4fb-528920969a2c,Seven Dwarfs Mine Train,OPERATING,45,2026-10-09T20:06:14.005Z
2026-10-09T20:12:06.991711+00:00,75ea578a-adc8-4116-a54d-dccb60765ef9,Magic Kingdom,b2260923-9315-40fd-9c6b-44dd811dbe64,Space Mountain,OPERATING,25,2026-10-09T20:06:14.055Z
2026-10-09T20:12:06.991711+00:00,75ea578a-adc8-4116-a54d-dccb60765ef9,Magic Kingdom,d9d12438-d999-4482-894b-8955fdb20ccf,Astro Orbiter,OPERATING,15,2026-10-09T20:03:08.549Z
2026-10-09T20:12:06.991711+00:00,75ea578a-adc8-4116-a54d-dccb60765ef9,Magic Kingdom,de3309ca-97d5-4211-bffe-739fed47e92f,Big Thunder Mountain Railroad,OPERATING,40,2026-10-09T20:10:08.922Z
2026-10-09T20:12:06.991711+00:00,75ea578a-adc8-4116-a54d-dccb60765ef9,Magic Kingdom,de737ffc-306b-4f32-8bbb-34e5d370ec8f,A Pirate's Adventure ~ Treasures of the Seven Seas,OPERATING,,2026-10-09T16:01:17.248Z
2026-10-09T20:12:06.991711+00:00,75ea578a-adc8-4116-a54d-dccb60765ef9,Magic Kingdom,e39b831b-7731-49bb-815b-289b4f49a9fd,"Walt Disney World Railroad - Main Street, U.S.A.",REFURBISHMENT,,2026-09-29T20:08:11.998Z
2026-10-09T20:12:06.991711+00:00,75ea578a-adc8-4116-a54d-dccb60765ef9,Magic Kingdom,e40ac396-cbac-43f4-8752-764ed60ccceb,Walt Disney World Railroad - Fantasyland,REFURBISHMENT,,2026-09-29T20:08:11.982Z
2026-10-09T20:12:06.991711+00:00,75ea578a-adc8-4116-a54d-dccb60765ef9,Magic Kingdom,e76c93df-31af-49a5-8e2f-752c76c937c9,Enchanted Tales with Belle,OPERATING,20,2026-10-09T19:51:08.467Z
2026-10-09T20:12:06.991711+00:00,75ea578a-adc8-4116-a54d-dccb60765ef9,Magic Kingdom,e8f0b426-7645-4ea3-8b41-b94ae7091a41,"Monsters, Inc. Laugh Floor",OPERATING,10,2026-10-09T20:04:08.182Z
2026-10-09T20:12:06.991711+00:00,75ea578a-adc8-4116-a54d-dccb60765ef9,Magic Kingdom,f010bc01-b450-4476-a5f3-a5f2813104b2,Casey Jr. Splash 'N' Soak Station,OPERATING,,2026-10-09T12:00:02.298Z
2026-10-09T20:12:06.991711+00:00,75ea578a-adc8-4116-a54d-dccb60765ef9,Magic Kingdom,f163ddcd-43e1-488d-8276-2381c1db0a39,Tomorrowland Speedway,OPERATING,5,2026-10-09T20:06:59.177Z
2026-10-09T20:12:06.991711+00:00,75ea578a-adc8-4116-a54d-dccb60765ef9,Magic Kingdom,f5aad2d4-a419-4384-bd9a-42f86385c750,"""it's a small world""",OPERATING,10,2026-10-09T20:06:59.105Z
2026-10-09T20:12:06.991711+00:00,75ea578a-adc8-4116-a54d-dccb60765ef9,Magic Kingdom,ffcfeaa2-1416-4920-a1ed-543c1a1695c4,Tomorrowland Transit Authority PeopleMover,OPERATING,10,2026-10-09T20:00:07.199Z
2026-10-10T00:09:30.043609+00:00,75ea578a-adc8-4116-a54d-dccb60765ef9,Magic Kingdom,0aae716c-af13-4439-b638-d75fb1649df3,Mad Tea Party,OPERATING,5,2026-10-09T23:59:11.370Z
2026-10-10T00:09:30.043609+00:00,75ea578a-adc8-4116-a54d-dccb60765ef9,Magic Kingdom,0d94ad60-72f0-4551-83a6-ebaecdd89737,The Many Adventures of Winnie the Pooh,OPERATING,5,2026-10-09T23:59:11.377Z
2026-10-10T00:09:30.043609+00:00,75ea578a-adc8-4116-a54d-dccb60765ef9,Magic Kingdom,0f57cecf-5502-4503-8bc3-ba84d3708ace,Country Bear Musical Jamboree,CLOSED,,2026-10-09T22:00:19.443Z
2026-10-10T00:09:30.043609+00:00,75ea578a-adc8-4116-a54d-dccb60765ef9,Magic Kingdom,2551a77d-023f-4ab1-9a19-8afec0190f39,Haunted Mansion,OPERATING,15,2026-10-10T00:09:08.600Z
2026-10-10T00:09:30.043609+00:00,75ea578a-adc8-4116-a54d-dccb60765ef9,Magic Kingdom,273ddb8d-e7b5-4e34-8657-1113f49262a5,Prince Charming Regal Carrousel,OPERATING,5,2026-10-09T23:59:11.364Z
2026-10-10T00:09:30.043609+00:00,75ea578a-adc8-4116-a54d-dccb60765ef9,Magic Kingdom,2ebfb38c-5cb5-4de1-86c0-f7af14188022,The Hall of Presidents,CLOSED,,2026-10-09T22:00:16.576Z
2026-10-10T00:09:30.043609+00:00,75ea578a-adc8-4116-a54d-dccb60765ef9,Magic Kingdom,30fe3c64-af71-4c66-a54b-aa61fd7af177,Swiss Family Treehouse,OPERATING,5,2026-10-09T22:30:19.024Z
2026-10-10T00:09:30.043609+00:00,75ea578a-adc8-4116-a54d-dccb60765ef9,Magic Kingdom,352feb94-e52e-45eb-9c92-e4b44c6b1a9d,Pirates of the Caribbean,OPERATING,5,2026-10-09T23:11:07.799Z
2026-10-10T00:09:30.043609+00:00,75ea578a-adc8-4116-a54d-dccb60765ef9,Magic Kingdom,3cba0cb4-e2a6-402c-93ee-c11ffcb127ef,Under the Sea - Journey of The Little Mermaid,OPERATING,5,2026-10-09T22:30:18.836Z
2026-10-10T00:09:30.043609+00:00,75ea578a-adc8-4116-a54d-dccb60765ef9,Magic Kingdom,52ac3730-b955-452a-a7cc-17e3b06182ac,Trick-or-Treat Locations at Mickey's Not-So-Scary Halloween Party,OPERATING,,2022-08-12T04:04:22.537Z
2026-10-10T00:09:30.043609+00:00,75ea578a-adc8-4116-a54d-dccb60765ef9,Magic Kingdom,5a43d1a7-ad53-4d25-abfe-25625f0da304,TRON Lightcycle / Run,OPERATING,25,2026-10-10T00:01:11.278Z
2026-10-10T00:09:30.043609+00:00,75ea578a-adc8-4116-a54d-dccb60765ef9,Magic Kingdom,6fd1e225-53a0-4a80-a577-4bbc9a471075,Walt Disney's Enchanted Tiki Room,CLOSED,,2026-10-09T22:00:16.332Z
2026-10-10T00:09:30.043609+00:00,75ea578a-adc8-4116-a54d-dccb60765ef9,Magic Kingdom,72c7343a-f7fb-4f66-95df-c91016de7338,Buzz Lightyear’s Space Ranger Spin,OPERATING,10,2026-10-10T00:01:11.305Z
2026-10-10T00:09:30.043609+00:00,75ea578a-adc8-4116-a54d-dccb60765ef9,Magic Kingdom,73cb9445-0695-47a3-87ce-d08ae36b5f3c,Tiana's Bayou Adventure,OPERATING,10,2026-10-09T22:36:16.728Z
2026-10-10T00:09:30.043609+00:00,75ea578a-adc8-4116-a54d-dccb60765ef9,Magic Kingdom,796b0a25-c51e-456e-9bb8-50a324e301b3,Jungle Cruise,OPERATING,5,2026-10-09T23:50:15.972Z
2026-10-10T00:09:30.043609+00:00,75ea578a-adc8-4116-a54d-dccb60765ef9,Magic Kingdom,7c5e1e02-3a44-4151-9005-44066d5ba1da,Mickey's PhilharMagic,CLOSED,,2026-10-09T22:00:03.617Z
2026-10-10T00:09:30.043609+00:00,75ea578a-adc8-4116-a54d-dccb60765ef9,Magic Kingdom,8183f3f2-1b59-4b9c-b634-6a863bdf8d84,Walt Disney's Carousel of Progress,REFURBISHMENT,,2026-09-04T18:16:27.839Z
2026-10-10T00:09:30.043609+00:00,75ea578a-adc8-4116-a54d-dccb60765ef9,Magic Kingdom,86a41273-5f15-4b54-93b6-829f140e5161,Peter Pan's Flight,OPERATING,25,2026-10-10T00:08:15.527Z
2026-10-10T00:09:30.043609+00:00,75ea578a-adc8-4116-a54d-dccb60765ef9,Magic Kingdom,888fb4a4-7adf-47a1-8ba2-c258cc64fd75,Main Street Vehicles,CLOSED,,2026-10-09T20:00:07.183Z
2026-10-10T00:09:30.043609+00:00,75ea578a-adc8-4116-a54d-dccb60765ef9,Magic Kingdom,890fa430-89c0-4a3f-96c9-11597888005e,Dumbo the Flying Elephant,OPERATING,5,2026-10-09T22:35:10.925Z
2026-10-10T00:09:30.043609+00:00,75ea578a-adc8-4116-a54d-dccb60765ef9,Magic Kingdom,90d79335-c907-4069-a021-d0fe1ec73ae2,Cinderella Castle,CLOSED,,2026-10-09T22:00:03.230Z
2026-10-10T00:09:30.043609+00:00,75ea578a-adc8-4116-a54d-dccb60765ef9,Magic Kingdom,924a3b2c-6b4b-49e5-99d3-e9dc3f2e8a48,The Barnstormer,OPERATING,5,2026-10-09T22:30:18.819Z
2026-10-10T00:09:30.043609+00:00,75ea578a-adc8-4116-a54d-dccb60765ef9,Magic Kingdom,96455de6-f4f1-403c-9391-bf8396979149,The Magic Carpets of Aladdin,OPERATING,5,2026-10-09T22:30:19.052Z
2026-10-10T00:09:30.043609+00:00,75ea578a-adc8-4116-a54d-dccb60765ef9,Magic Kingdom,9d4d5229-7142-44b6-b4fb-528920969a2c,Seven Dwarfs Mine Train,OPERATING,25,2026-10-10T00:06:24.515Z
2026-10-10T00:09:30.043609+00:00,75ea578a-adc8-4116-a54d-dccb60765ef9,Magic Kingdom,b2260923-9315-40fd-9c6b-44dd811dbe64,Space Mountain,OPERATING,10,2026-10-09T23:49:10.346Z
2026-10-10T00:09:30.043609+00:00,75ea578a-adc8-4116-a54d-dccb60765ef9,Magic Kingdom,d9d12438-d999-4482-894b-8955fdb20ccf,Astro Orbiter,OPERATING,0,2026-10-10T00:01:11.296Z
2026-10-10T00:09:30.043609+00:00,75ea578a-adc8-4116-a54d-dccb60765ef9,Magic Kingdom,de3309ca-97d5-4211-bffe-739fed47e92f,Big Thunder Mountain Railroad,OPERATING,5,2026-10-10T00:00:15.459Z
2026-10-10T00:09:30.043609+00:00,75ea578a-adc8-4116-a54d-dccb60765ef9,Magic Kingdom,de737ffc-306b-4f32-8bbb-34e5d370ec8f,A Pirate's Adventure ~ Treasures of the Seven Seas,CLOSED,,2026-10-09T21:00:10.263Z
2026-10-10T00:09:30.043609+00:00,75ea578a-adc8-4116-a54d-dccb60765ef9,Magic Kingdom,e39b831b-7731-49bb-815b-289b4f49a9fd,"Walt Disney World Railroad - Main Street, U.S.A.",REFURBISHMENT,,2026-09-29T20:08:11.998Z
2026-10-10T00:09:30.043609+00:00,75ea578a-adc8-4116-a54d-dccb60765ef9,Magic Kingdom,e40ac396-cbac-43f4-8752-764ed60ccceb,Walt Disney World Railroad - Fantasyland,REFURBISHMENT,,2026-09-29T20:08:11.982Z
2026-10-10T00:09:30.043609+00:00,75ea578a-adc8-4116-a54d-dccb60765ef9,Magic Kingdom,e76c93df-31af-49a5-8e2f-752c76c937c9,Enchanted Tales with Belle,CLOSED,,2026-10-09T22:00:03.312Z
2026-10-10T00:09:30.043609+00:00,75ea578a-adc8-4116-a54d-dccb60765ef9,Magic Kingdom,e8f0b426-7645-4ea3-8b41-b94ae7091a41,"Monsters, Inc. Laugh Floor",CLOSED,,2026-10-09T22:00:16.324Z
2026-10-10T00:09:30.043609+00:00,75ea578a-adc8-4116-a54d-dccb60765ef9,Magic Kingdom,f010bc01-b450-4476-a5f3-a5f2813104b2,Casey Jr. Splash 'N' Soak Station,CLOSED,,2026-10-09T22:00:03.209Z
2026-10-10T00:09:30.043609+00:00,75ea578a-adc8-4116-a54d-dccb60765ef9,Magic Kingdom,f163ddcd-43e1-488d-8276-2381c1db0a39,Tomorrowland Speedway,OPERATING,10,2026-10-10T00:08:15.539Z
2026-10-10T00:09:30.043609+00:00,75ea578a-adc8-4116-a54d-dccb60765ef9,Magic Kingdom,f5aad2d4-a419-4384-bd9a-42f86385c750,"""it's a small world""",OPERATING,5,2026-10-09T23:44:13.108Z
2026-10-10T00:09:30.043609+00:00,75ea578a-adc8-4116-a54d-dccb60765ef9,Magic Kingdom,ffcfeaa2-1416-4920-a1ed-543c1a1695c4,Tomorrowland Transit Authority PeopleMover,OPERATING,0,2026-10-10T00:02:16.216Z
2026-10-10T12:48:38.490467+00:00,75ea578a-adc8-4116-a54d-dccb60765ef9,Magic Kingdom,0aae716c-af13-4439-b638-d75fb1649df3,Mad Tea Party,OPERATING,5,2026-10-10T12:46:09.763Z
2026-10-10T12:48:38.490467+00:00,75ea578a-adc8-4116-a54d-dccb60765ef9,Magic Kingdom,0d94ad60-72f0-4551-83a6-ebaecdd89737,The Many Adventures of Winnie the Pooh,OPERATING,20,2026-10-10T12:48:15.925Z
2026-10-10T12:48:38.490467+00:00,75ea578a-adc8-4116-a54d-dccb60765ef9,Magic Kingdom,0f57cecf-5502-4503-8bc3-ba84d3708ace,Country Bear Musical Jamboree,CLOSED,,2026-10-10T10:22:12.422Z
2026-10-10T12:48:38.490467+00:00,75ea578a-adc8-4116-a54d-dccb60765ef9,Magic Kingdom,2551a77d-023f-4ab1-9a19-8afec0190f39,Haunted Mansion,OPERATING,13,2026-10-10T12:46:09.810Z
2026-10-10T12:48:38.490467+00:00,75ea578a-adc8-4116-a54d-dccb60765ef9,Magic Kingdom,273ddb8d-e7b5-4e34-8657-1113f49262a5,Prince Charming Regal Carrousel,OPERATING,5,2026-10-10T11:34:35.420Z
2026-10-10T12:48:38.490467+00:00,75ea578a-adc8-4116-a54d-dccb60765ef9,Magic Kingdom,2ebfb38c-5cb5-4de1-86c0-f7af14188022,The Hall of Presidents,CLOSED,,2026-10-10T10:22:12.429Z
2026-10-10T12:48:38.490467+00:00,75ea578a-adc8-4116-a54d-dccb60765ef9,Magic Kingdom,30fe3c64-af71-4c66-a54b-aa61fd7af177,Swiss Family Treehouse,OPERATING,5,2026-10-10T12:03:15.385Z
2026-10-10T12:48:38.490467+00:00,75ea578a-adc8-4116-a54d-dccb60765ef9,Magic Kingdom,352feb94-e52e-45eb-9c92-e4b44c6b1a9d,Pirates of the Caribbean,OPERATING,5,2026-10-10T12:46:09.785Z
2026-10-10T12:48:38.490467+00:00,75ea578a-adc8-4116-a54d-dccb60765ef9,Magic Kingdom,3cba0cb4-e2a6-402c-93ee-c11ffcb127ef,Under the Sea - Journey of The Little Mermaid,OPERATING,5,2026-10-10T12:46:09.663Z
2026-10-10T12:48:38.490467+00:00,75ea578a-adc8-4116-a54d-dccb60765ef9,Magic Kingdom,52ac3730-b955-452a-a7cc-17e3b06182ac,Trick-or-Treat Locations at Mickey's Not-So-Scary Halloween Party,OPERATING,,2022-08-12T04:04:22.537Z
2026-10-10T12:48:38.490467+00:00,75ea578a-adc8-4116-a54d-dccb60765ef9,Magic Kingdom,5a43d1a7-ad53-4d25-abfe-25625f0da304,TRON Lightcycle / Run,OPERATING,40,2026-10-10T12:41:18.266Z
2026-10-10T12:48:38.490467+00:00,75ea578a-adc8-4116-a54d-dccb60765ef9,Magic Kingdom,6fd1e225-53a0-4a80-a577-4bbc9a471075,Walt Disney's Enchanted Tiki Room,CLOSED,,2026-10-10T07:13:46.015Z
2026-10-10T12:48:38.490467+00:00,75ea578a-adc8-4116-a54d-dccb60765ef9,Magic Kingdom,72c7343a-f7fb-4f66-95df-c91016de7338,Buzz Lightyear’s Space Ranger Spin,OPERATING,15,2026-10-10T12:46:09.740Z
2026-10-10T12:48:38.490467+00:00,75ea578a-adc8-4116-a54d-dccb60765ef9,Magic Kingdom,73cb9445-0695-47a3-87ce-d08ae36b5f3c,Tiana's Bayou Adventure,OPERATING,10,2026-10-10T12:46:09.712Z
2026-10-10T12:48:38.490467+00:00,75ea578a-adc8-4116-a54d-dccb60765ef9,Magic Kingdom,796b0a25-c51e-456e-9bb8-50a324e301b3,Jungle Cruise,OPERATING,5,2026-10-10T12:46:09.747Z
2026-10-10T12:48:38.490467+00:00,75ea578a-adc8-4116-a54d-dccb60765ef9,Magic Kingdom,7c5e1e02-3a44-4151-9005-44066d5ba1da,Mickey's PhilharMagic,OPERATING,15,2026-10-10T12:46:09.770Z
2026-10-10T12:48:38.490467+00:00,75ea578a-adc8-4116-a54d-dccb60765ef9,Magic Kingdom,8183f3f2-1b59-4b9c-b634-6a863bdf8d84,Walt Disney's Carousel of Progress,REFURBISHMENT,,2026-09-04T18:16:27.839Z
2026-10-10T12:48:38.490467+00:00,75ea578a-adc8-4116-a54d-dccb60765ef9,Magic Kingdom,86a41273-5f15-4b54-93b6-829f140e5161,Peter Pan's Flight,OPERATING,20,2026-10-10T12:48:15.916Z
2026-10-10T12:48:38.490467+00:00,75ea578a-adc8-4116-a54d-dccb60765ef9,Magic Kingdom,888fb4a4-7adf-47a1-8ba2-c258cc64fd75,Main Street Vehicles,CLOSED,,2026-10-10T07:13:46.285Z
2026-10-10T12:48:38.490467+00:00,75ea578a-adc8-4116-a54d-dccb60765ef9,Magic Kingdom,890fa430-89c0-4a3f-96c9-11597888005e,Dumbo the Flying Elephant,OPERATING,10,2026-10-10T12:41:20.065Z
2026-10-10T12:48:38.490467+00:00,75ea578a-adc8-4116-a54d-dccb60765ef9,Magic Kingdom,90d79335-c907-4069-a021-d0fe1ec73ae2,Cinderella Castle,OPERATING,,2026-10-10T12:00:03.553Z
2026-10-10T12:48:38.490467+00:00,75ea578a-adc8-4116-a54d-dccb60765ef9,Magic Kingdom,924a3b2c-6b4b-49e5-99d3-e9dc3f2e8a48,The Barnstormer,OPERATING,10,2026-10-10T12:46:09.655Z
2026-10-10T12:48:38.490467+00:00,75ea578a-adc8-4116-a54d-dccb60765ef9,Magic Kingdom,96455de6-f4f1-403c-9391-bf8396979149,The Magic Carpets of Aladdin,OPERATING,5,2026-10-10T12:46:09.820Z
2026-10-10T12:48:38.490467+00:00,75ea578a-adc8-4116-a54d-dccb60765ef9,Magic Kingdom,9d4d5229-7142-44b6-b4fb-528920969a2c,Seven Dwarfs Mine Train,OPERATING,50,2026-10-10T12:46:15.858Z
2026-10-10T12:48:38.490467+00:00,75ea578a-adc8-4116-a54d-dccb60765ef9,Magic Kingdom,b2260923-9315-40fd-9c6b-44dd811dbe64,Space Mountain,DOWN,,2026-10-10T11:40:34.240Z
2026-10-10T12:48:38.490467+00:00,75ea578a-adc8-4116-a54d-dccb60765ef9,Magic Kingdom,d9d12438-d999-4482-894b-8955fdb20ccf,Astro Orbiter,OPERATING,10,2026-10-10T12:33:15.835Z
2026-10-10T12:48:38.490467+00:00,75ea578a-adc8-4116-a54d-dccb60765ef9,Magic Kingdom,de3309ca-97d5-4211-bffe-739fed47e92f,Big Thunder Mountain Railroad,OPERATING,25,2026-10-10T12:46:09.734Z
2026-10-10T12:48:38.490467+00:00,75ea578a-adc8-4116-a54d-dccb60765ef9,Magic Kingdom,de737ffc-306b-4f32-8bbb-34e5d370ec8f,A Pirate's Adventure ~ Treasures of the Seven Seas,CLOSED,,2026-10-10T07:13:46.045Z
2026-10-10T12:48:38.490467+00:00,75ea578a-adc8-4116-a54d-dccb60765ef9,Magic Kingdom,e39b831b-7731-49bb-815b-289b4f49a9fd,"Walt Disney World Railroad - Main Street, U.S.A.",REFURBISHMENT,,2026-09-29T20:08:11.998Z
2026-10-10T12:48:38.490467+00:00,75ea578a-adc8-4116-a54d-dccb60765ef9,Magic Kingdom,e40ac396-cbac-43f4-8752-764ed60ccceb,Walt Disney World Railroad - Fantasyland,REFURBISHMENT,,2026-09-29T20:08:11.982Z
2026-10-10T12:48:38.490467+00:00,75ea578a-adc8-4116-a54d-dccb60765ef9,Magic Kingdom,e76c93df-31af-49a5-8e2f-752c76c937c9,Enchanted Tales with Belle,CLOSED,,2026-10-10T10:22:12.310Z
2026-10-10T12:48:38.490467+00:00,75ea578a-adc8-4116-a54d-dccb60765ef9,Magic Kingdom,e8f0b426-7645-4ea3-8b41-b94ae7091a41,"Monsters, Inc. Laugh Floor",CLOSED,,2026-10-10T09:59:57.658Z
2026-10-10T12:48:38.490467+00:00,75ea578a-adc8-4116-a54d-dccb60765ef9,Magic Kingdom,f010bc01-b450-4476-a5f3-a5f2813104b2,Casey Jr. Splash 'N' Soak Station,OPERATING,,2026-10-10T12:00:03.265Z
2026-10-10T12:48:38.490467+00:00,75ea578a-adc8-4116-a54d-dccb60765ef9,Magic Kingdom,f163ddcd-43e1-488d-8276-2381c1db0a39,Tomorrowland Speedway,OPERATING,5,2026-10-10T12:46:09.845Z
2026-10-10T12:48:38.490467+00:00,75ea578a-adc8-4116-a54d-dccb60765ef9,Magic Kingdom,f5aad2d4-a419-4384-bd9a-42f86385c750,"""it's a small world""",OPERATING,5,2026-10-10T12:48:15.906Z
2026-10-10T12:48:38.490467+00:00,75ea578a-adc8-4116-a54d-dccb60765ef9,Magic Kingdom,ffcfeaa2-1416-4920-a1ed-543c1a1695c4,Tomorrowland Transit Authority PeopleMover,OPERATING,5,2026-10-10T11:31:15.509Z
